date,rain_today,rain_3d,rain_7d,rain_14d,month,label
2015-01-14,0.0,0.0,48.00000000000001,172.5,1,0
2015-01-15,0.0,0.0,0.20000000000000712,162.8,1,0
2015-01-16,0.6,0.6000000000000071,0.6000000000000071,118.0,1,0
2015-01-17,4.9,5.500000000000007,5.500000000000007,87.80000000000001,1,0
2015-01-18,4.8,10.300000000000008,10.300000000000008,86.9,1,0
2015-01-19,0.2,9.900000000000007,10.500000000000007,80.7,1,0
2015-01-20,2.2,7.200000000000007,12.700000000000006,77.60000000000001,1,0
2015-01-21,0.0,2.4000000000000075,12.700000000000006,60.7,1,0
2015-01-22,1.7,3.9000000000000075,14.400000000000007,14.600000000000007,1,0
2015-01-23,1.7,3.400000000000007,15.500000000000007,16.10000000000001,1,0
2015-01-24,0.7,4.100000000000007,11.300000000000008,16.800000000000008,1,0
2015-01-25,0.3,2.700000000000007,6.800000000000007,17.10000000000001,1,0
2015-01-26,13.7,14.700000000000006,20.300000000000004,30.800000000000008,1,0
2015-01-27,4.0,18.000000000000007,22.10000000000001,34.80000000000001,1,0
2015-01-28,0.1,17.800000000000008,22.200000000000006,34.900000000000006,1,0
2015-01-29,0.1,4.200000000000007,20.60000000000001,35.00000000000001,1,0
2015-01-30,8.6,8.800000000000008,27.500000000000004,43.00000000000001,1,0
2015-01-31,16.6,25.30000000000001,43.400000000000006,54.70000000000001,1,0
2015-02-01,3.6,28.80000000000001,46.70000000000001,53.50000000000001,2,0
2015-02-02,0.5,20.700000000000014,33.50000000000001,53.80000000000001,2,0
2015-02-03,1.4,5.500000000000011,30.900000000000006,53.00000000000001,2,0
2015-02-04,0.2,2.1000000000000107,31.000000000000007,53.20000000000001,2,0
2015-02-05,5.1,6.70000000000001,36.00000000000001,56.60000000000001,2,0
2015-02-06,1.6,6.900000000000009,29.000000000000007,56.50000000000001,2,0
2015-02-07,0.3,7.000000000000011,12.700000000000006,56.10000000000001,2,0
2015-02-08,2.3,4.20000000000001,11.400000000000007,58.10000000000001,2,0
2015-02-09,0.0,2.6000000000000103,10.900000000000007,44.400000000000006,2,0
2015-02-10,3.0,5.3000000000000105,12.500000000000007,43.400000000000006,2,0
2015-02-11,9.5,12.50000000000001,21.800000000000008,52.80000000000001,2,0
2015-02-12,2.7,15.20000000000001,19.400000000000006,55.40000000000001,2,0
2015-02-13,6.9,19.100000000000012,24.70000000000001,53.70000000000001,2,0
2015-02-14,21.8,31.400000000000013,46.20000000000001,58.900000000000006,2,0
2015-02-15,29.9,58.60000000000001,73.80000000000001,85.2,2,0
2015-02-16,15.3,67.00000000000001,89.10000000000001,100.0,2,0
2015-02-17,9.8,55.000000000000014,95.9,108.4,2,0
2015-02-18,13.9,39.000000000000014,100.30000000000001,122.10000000000001,2,0
2015-02-19,15.8,39.500000000000014,113.4,132.8,2,0
2015-02-20,5.3,35.000000000000014,111.80000000000001,136.5,2,0
2015-02-21,9.6,30.700000000000014,99.60000000000001,145.8,2,0
2015-02-22,4.5,19.400000000000013,74.20000000000002,148.00000000000003,2,0
2015-02-23,1.6,15.70000000000001,60.50000000000001,149.60000000000002,2,0
2015-02-24,3.9,10.000000000000012,54.60000000000001,150.50000000000003,2,0
2015-02-25,0.3,5.800000000000012,41.00000000000001,141.3,2,0
2015-02-26,11.2,15.400000000000011,36.400000000000006,149.8,2,0
2015-02-27,0.5,12.00000000000001,31.60000000000001,143.40000000000003,2,0
2015-02-28,0.0,11.700000000000012,22.000000000000007,121.60000000000001,2,0
2015-03-01,33.5,34.000000000000014,51.00000000000001,125.2,3,0
2015-03-02,20.1,53.600000000000016,69.5,130.0,3,0
2015-03-03,13.8,67.40000000000002,79.4,134.0,3,0
2015-03-04,2.9,36.80000000000002,82.0,123.0,3,0
2015-03-05,0.8,17.500000000000014,71.60000000000002,108.00000000000001,3,0
2015-03-06,5.6,9.300000000000015,76.70000000000002,108.30000000000001,3,0
2015-03-07,1.2,7.600000000000014,77.90000000000002,99.9,3,0
2015-03-08,3.9,10.700000000000014,48.30000000000001,99.3,3,0
2015-03-09,0.0,5.100000000000014,28.200000000000006,97.7,3,0
2015-03-10,0.0,3.9000000000000137,14.400000000000006,93.8,3,0
2015-03-11,0.0,0.0,11.500000000000007,93.5,3,0
2015-03-12,1.3,1.3000000000000143,12.000000000000007,83.60000000000001,3,0
2015-03-13,3.9,5.200000000000014,10.300000000000008,87.0,3,0
2015-03-14,0.1,5.300000000000014,9.200000000000008,87.10000000000001,3,0
2015-03-15,4.8,8.800000000000015,10.100000000000007,58.4,3,0
2015-03-16,3.2,8.100000000000014,13.300000000000008,41.5,3,0
2015-03-17,0.6,8.600000000000014,13.900000000000007,28.3,3,0
2015-03-18,0.2,4.000000000000014,14.100000000000007,25.6,3,0
2015-03-19,1.1,1.9000000000000143,13.900000000000006,25.9,3,0
2015-03-20,4.9,6.200000000000015,14.90000000000001,25.2,3,0
2015-03-21,4.7,10.700000000000015,19.500000000000007,28.7,3,0
2015-03-22,1.6,11.200000000000015,16.300000000000008,26.400000000000002,3,0
2015-03-23,17.4,23.700000000000014,30.500000000000007,43.8,3,0
2015-03-24,12.3,31.300000000000015,42.2,56.1,3,0
2015-03-25,7.3,37.000000000000014,49.300000000000004,63.4,3,0
2015-03-26,9.6,29.200000000000014,57.80000000000001,71.69999999999999,3,0
2015-03-27,28.8,45.70000000000002,81.7,96.60000000000001,3,0
2015-03-28,11.6,50.000000000000014,88.6,108.1,3,0
2015-03-29,16.7,57.100000000000016,103.7,120.0,3,0
2015-03-30,15.6,43.90000000000001,101.9,132.4,3,0
2015-03-31,3.8,36.100000000000016,93.4,135.6,3,0
2015-04-01,5.6,25.000000000000018,91.7,141.0,4,0
2015-04-02,11.9,21.30000000000002,94.0,151.79999999999998,4,0
2015-04-03,8.4,25.900000000000016,73.6,155.29999999999998,4,0
2015-04-04,4.0,24.30000000000002,66.0,154.6,4,0
2015-04-05,0.1,12.500000000000016,49.400000000000006,153.1,4,0
2015-04-06,0.0,4.100000000000016,33.800000000000004,135.7,4,0
2015-04-07,0.2,0.30000000000001603,30.200000000000006,123.6,4,0
2015-04-08,0.1,0.30000000000001603,24.700000000000006,116.4,4,0
2015-04-09,0.0,0.30000000000001603,12.800000000000008,106.80000000000001,4,0
2015-04-10,1.7,1.800000000000016,6.100000000000007,79.7,4,0
2015-04-11,0.3,2.000000000000016,2.400000000000007,68.4,4,0
2015-04-12,2.5,4.500000000000016,4.800000000000007,54.199999999999996,4,0
2015-04-13,12.5,15.300000000000015,17.300000000000008,51.099999999999994,4,0
2015-04-14,2.0,17.000000000000014,19.10000000000001,49.3,4,0
2015-04-15,0.4,14.900000000000016,19.400000000000006,44.1,4,0
2015-04-16,0.3,2.700000000000016,19.700000000000006,32.5,4,0
2015-04-17,6.4,7.1000000000000165,24.40000000000001,30.500000000000004,4,0
2015-04-18,14.4,21.100000000000016,38.50000000000001,40.9,4,0
2015-04-19,14.7,35.500000000000014,50.7,55.5,4,0
2015-04-20,18.9,48.000000000000014,57.10000000000001,74.39999999999999,4,0
2015-04-21,11.1,44.70000000000001,66.2,85.3,4,0
2015-04-22,7.9,37.90000000000001,73.7,93.1,4,0
2015-04-23,2.5,21.500000000000014,75.9,95.6,4,0
2015-04-24,2.2,12.600000000000016,71.70000000000002,96.1,4,0
2015-04-25,16.2,20.900000000000013,73.5,112.0,4,0
2015-04-26,11.6,30.000000000000014,70.4,121.1,4,0
2015-04-27,6.9,34.70000000000002,58.400000000000006,115.5,4,0
2015-04-28,13.8,32.30000000000002,61.10000000000001,127.3,4,0
2015-04-29,33.8,54.500000000000014,87.0,160.7,4,0
2015-04-30,9.5,57.100000000000016,94.0,169.9,4,0
2015-05-01,7.3,50.60000000000001,99.1,170.8,5,0
2015-05-02,6.3,23.100000000000016,89.2,162.7,5,0
2015-05-03,0.2,13.800000000000013,77.8,148.20000000000002,5,0
2015-05-04,0.0,6.500000000000014,70.9,129.3,5,0
2015-05-05,0.3,0.5000000000000142,57.400000000000006,118.49999999999999,5,0
2015-05-06,0.4,0.7000000000000142,24.000000000000007,111.0,5,0
2015-05-07,0.4,1.1000000000000143,14.900000000000007,108.9,5,0
2015-05-08,10.4,11.200000000000015,18.000000000000007,117.1,5,0
2015-05-09,24.3,35.100000000000016,36.000000000000014,125.19999999999999,5,0
2015-05-10,13.6,48.30000000000002,49.40000000000001,127.2,5,0
2015-05-11,16.3,54.20000000000002,65.70000000000002,136.6,5,0
2015-05-12,3.1,33.000000000000014,68.50000000000001,125.89999999999999,5,0
2015-05-13,7.3,26.70000000000001,75.40000000000002,99.4,5,0
2015-05-14,5.4,15.800000000000015,80.4,95.3,5,0
2015-05-15,6.1,18.800000000000015,76.10000000000002,94.10000000000001,5,0
2015-05-16,1.8,13.300000000000015,53.600000000000016,89.60000000000001,5,0
2015-05-17,0.0,7.900000000000014,40.000000000000014,89.4,5,0
2015-05-18,17.6,19.400000000000016,41.30000000000001,107.0,5,0
2015-05-19,9.7,27.300000000000015,47.90000000000001,116.4,5,0
2015-05-20,10.6,37.90000000000001,51.20000000000002,126.6,5,0
2015-05-21,11.0,31.30000000000001,56.80000000000001,137.2,5,0
2015-05-22,4.3,25.900000000000013,55.000000000000014,131.1,5,0
2015-05-23,8.4,23.700000000000017,61.60000000000001,115.19999999999999,5,0
2015-05-24,2.5,15.200000000000015,64.10000000000001,104.1,5,0
2015-05-25,4.4,15.300000000000017,50.90000000000002,92.2,5,0
2015-05-26,9.0,15.900000000000015,50.20000000000002,98.10000000000001,5,0
2015-05-27,7.1,20.500000000000014,46.70000000000002,97.89999999999999,5,0
2015-05-28,14.7,30.800000000000015,50.40000000000001,107.2,5,0
2015-05-29,14.1,35.90000000000001,60.20000000000002,115.19999999999999,5,0
2015-05-30,9.0,37.80000000000001,60.80000000000001,122.39999999999999,5,0
2015-05-31,5.6,28.700000000000014,63.900000000000006,128.0,5,0
2015-06-01,2.8,17.400000000000013,62.30000000000001,113.2,6,0
2015-06-02,2.1,10.500000000000014,55.40000000000001,105.6,6,0
2015-06-03,0.3,5.200000000000014,48.60000000000001,95.30000000000001,6,0
2015-06-04,4.4,6.800000000000015,38.30000000000001,88.7,6,0
2015-06-05,10.6,15.300000000000015,34.80000000000001,95.0,6,0
2015-06-06,3.8,18.800000000000015,29.600000000000012,90.4,6,0
2015-06-07,2.0,16.400000000000013,26.000000000000014,89.9,6,0
2015-06-08,1.0,6.800000000000014,24.200000000000014,86.5,6,0
2015-06-09,1.5,4.500000000000014,23.600000000000016,79.0,6,0
2015-06-10,13.0,15.500000000000014,36.30000000000001,84.9,6,0
2015-06-11,30.4,44.90000000000001,62.30000000000001,100.6,6,0
2015-06-12,55.9,99.30000000000001,107.60000000000002,142.4,6,0
2015-06-13,48.1,134.4,151.90000000000003,181.5,6,0
2015-06-14,24.7,128.70000000000002,174.60000000000002,200.60000000000002,6,0
2015-06-15,4.5,77.30000000000001,178.10000000000002,202.3,6,0
2015-06-16,8.7,37.90000000000001,185.3,208.9,6,0
2015-06-17,3.3,16.500000000000014,175.60000000000002,211.9,6,0
2015-06-18,5.1,17.100000000000012,150.3,212.6,6,0
2015-06-19,9.4,17.800000000000015,103.80000000000001,211.4,6,0
2015-06-20,20.7,35.20000000000002,76.4,228.3,6,0
2015-06-21,4.4,34.500000000000014,56.10000000000001,230.70000000000002,6,0
2015-06-22,13.2,38.30000000000001,64.80000000000001,242.9,6,0
2015-06-23,19.5,37.10000000000001,75.60000000000002,260.90000000000003,6,0
2015-06-24,128.5,161.20000000000002,200.8,376.4,6,0
2015-06-25,65.5,213.50000000000003,261.20000000000005,411.5,6,0
2015-06-26,21.4,215.4,273.2,377.0,6,0
2015-06-27,28.4,115.3,280.90000000000003,357.29999999999995,6,0
2015-06-28,25.6,75.4,302.09999999999997,358.2,6,0
2015-06-29,6.2,60.2,295.1,359.9,6,0
2015-06-30,3.4,35.2,279.0,354.59999999999997,6,0
2015-07-01,5.0,14.6,155.5,356.29999999999995,7,0
2015-07-02,17.1,25.5,107.1,368.3,7,0
2015-07-03,43.4,65.5,129.1,402.29999999999995,7,0
2015-07-04,20.2,80.7,120.9,401.8,7,0
2015-07-05,97.3,160.9,192.60000000000002,494.70000000000005,7,0
2015-07-06,13.2,130.7,199.6,494.7,7,0
2015-07-07,10.1,120.6,206.3,485.29999999999995,7,0
2015-07-08,0.7,24.0,202.0,357.49999999999994,7,0
2015-07-09,14.0,24.799999999999997,198.89999999999998,306.0,7,0
2015-07-10,4.2,18.9,159.70000000000002,288.8,7,0
2015-07-11,7.5,25.7,147.0,267.90000000000003,7,0
2015-07-12,3.7,15.4,53.4,246.0,7,0
2015-07-13,6.7,17.9,46.900000000000006,246.5,7,0
2015-07-14,28.9,39.3,65.7,272.0,7,0
2015-07-15,276.1,311.70000000000005,341.1,543.1,7,0
2015-07-16,152.3,457.30000000000007,479.40000000000003,678.3,7,1
2015-07-17,10.6,439.0000000000001,485.80000000000007,645.5,7,0
2015-07-18,6.3,169.20000000000007,484.6,631.6,7,0
2015-07-19,2.1,19.000000000000057,483.00000000000006,536.4,7,0
2015-07-20,2.1,10.500000000000057,478.40000000000003,525.3,7,0
2015-07-21,2.9,7.1000000000000565,452.40000000000003,518.1,7,0
2015-07-22,10.2,15.200000000000056,186.5,527.6,7,0
2015-07-23,8.6,21.700000000000053,42.8,522.2,7,0
2015-07-24,23.1,41.900000000000055,55.3,541.1,7,0
2015-07-25,26.4,58.10000000000005,75.4,560.0,7,0
2015-07-26,1.0,50.50000000000006,74.30000000000001,557.3000000000001,7,0
2015-07-27,3.0,30.400000000000052,75.19999999999999,553.6,7,0
2015-07-28,11.9,15.900000000000054,84.2,536.6,7,0
2015-07-29,30.4,45.300000000000054,104.4,290.9,7,0
2015-07-30,127.0,169.30000000000007,222.8,265.6,7,1
2015-07-31,73.5,230.90000000000003,273.2,328.5,7,0
2015-08-01,32.8,233.30000000000007,279.6,355.0,8,0
2015-08-02,11.0,117.30000000000005,289.6,363.90000000000003,8,0
2015-08-03,16.9,60.70000000000005,303.5,378.7,8,0
2015-08-04,53.7,81.60000000000005,345.3,429.5,8,0
2015-08-05,49.6,120.20000000000006,364.5,468.9,8,0
2015-08-06,106.6,209.90000000000006,344.1,566.9,8,0
2015-08-07,5.3,161.50000000000006,275.90000000000003,549.1,8,0
2015-08-08,2.2,114.10000000000005,245.3,524.9,8,0
2015-08-09,21.5,29.000000000000057,255.8,545.4,8,0
2015-08-10,34.9,58.60000000000005,273.8,577.3,8,0
2015-08-11,51.4,107.80000000000005,271.5,616.8000000000001,8,0
2015-08-12,4.9,91.20000000000006,226.8,591.3000000000001,8,0
2015-08-13,9.6,65.90000000000006,129.8,473.9,8,0
2015-08-14,20.6,35.100000000000065,145.10000000000002,421.0,8,0
2015-08-15,80.6,110.80000000000007,223.50000000000003,468.79999999999995,8,0
2015-08-16,56.1,157.30000000000007,258.1,513.9,8,0
2015-08-17,32.8,169.50000000000006,256.0,529.8,8,0
2015-08-18,14.3,103.20000000000007,218.9,490.40000000000003,8,0
2015-08-19,88.4,135.50000000000009,302.40000000000003,529.2,8,0
2015-08-20,138.9,241.60000000000008,431.70000000000005,561.5,8,0
2015-08-21,54.7,282.0000000000001,465.8,610.9000000000001,8,0
2015-08-22,6.4,200.0000000000001,391.6000000000001,615.1,8,0
2015-08-23,12.7,73.80000000000008,348.20000000000005,606.3,8,0
2015-08-24,11.3,30.400000000000084,326.70000000000005,582.7,8,0
2015-08-25,27.6,51.60000000000009,340.0,558.9000000000001,8,0
2015-08-26,15.7,54.60000000000008,267.3,569.7,8,0
2015-08-27,51.7,95.00000000000009,180.10000000000002,611.8000000000001,8,0
2015-08-28,26.6,94.00000000000009,152.0,617.8000000000001,8,0
2015-08-29,57.4,135.7000000000001,203.0,594.6,8,0
2015-08-30,96.2,180.2000000000001,286.5,634.7,8,0
2015-08-31,73.0,226.60000000000008,348.2,674.9000000000001,8,0
2015-09-01,115.5,284.7000000000001,436.1,776.1000000000001,9,0
2015-09-02,49.6,238.1000000000001,470.0,737.3,9,0
2015-09-03,2.7,167.80000000000007,421.0,601.1,9,0
2015-09-04,4.0,56.30000000000009,398.4,550.4,9,0
2015-09-05,11.0,17.700000000000085,352.0,555.0,9,0
2015-09-06,2.8,17.800000000000086,258.6,545.1,9,0
2015-09-07,5.1,18.900000000000084,190.70000000000002,538.9,9,0
2015-09-08,6.5,14.400000000000084,81.7,517.8000000000001,9,0
2015-09-09,2.5,14.100000000000083,34.6,504.6,9,0
2015-09-10,3.7,12.700000000000086,35.6,456.59999999999997,9,0
2015-09-11,4.1,10.300000000000086,35.7,434.1,9,0
2015-09-12,12.3,20.100000000000087,37.0,389.0,9,0
2015-09-13,4.7,21.100000000000087,38.900000000000006,297.5,9,0
2015-09-14,17.1,34.10000000000009,50.900000000000006,241.6,9,0
2015-09-15,8.2,30.000000000000085,52.6,134.3,9,0
2015-09-16,2.1,27.400000000000087,52.2,86.80000000000001,9,0
2015-09-17,8.7,19.000000000000085,57.199999999999996,92.8,9,0
2015-09-18,11.0,21.800000000000082,64.1,99.8,9,0
2015-09-19,11.3,31.000000000000085,63.1,100.10000000000001,9,0
2015-09-20,12.9,35.20000000000009,71.3,110.2,9,0
2015-09-21,20.2,44.40000000000009,74.4,125.3,9,0
2015-09-22,40.7,73.8000000000001,106.9,159.5,9,0
2015-09-23,95.2,156.10000000000008,200.0,252.2,9,0
2015-09-24,115.1,251.00000000000009,306.4,363.6,9,0
2015-09-25,62.5,272.80000000000007,357.9,422.0,9,0
2015-09-26,41.4,219.00000000000009,388.0,451.09999999999997,9,0
2015-09-27,52.1,156.00000000000006,427.2,498.5,9,0
2015-09-28,11.6,105.10000000000007,418.6,493.0,9,0
2015-09-29,3.7,67.40000000000008,381.59999999999997,488.5,9,0
2015-09-30,1.7,17.00000000000007,288.09999999999997,488.1,9,0
2015-10-01,6.8,12.20000000000007,179.8,486.20000000000005,10,0
2015-10-02,41.0,49.50000000000007,158.3,516.2,10,0
2015-10-03,24.0,71.80000000000007,140.89999999999998,528.9,10,0
2015-10-04,5.0,70.00000000000007,93.8,521.0,10,0
2015-10-05,1.4,30.40000000000007,83.60000000000001,502.2,10,0
2015-10-06,0.0,6.400000000000071,79.9,461.5,10,0
2015-10-07,0.0,1.400000000000071,78.2,366.3,10,0
2015-10-08,0.0,0.0,71.4,251.2,10,0
2015-10-09,8.4,8.400000000000071,38.8,197.1,10,0
2015-10-10,7.2,15.600000000000072,22.0,162.9,10,0
2015-10-11,0.6,16.20000000000007,17.6,111.39999999999999,10,0
2015-10-12,7.9,15.70000000000007,24.1,107.7,10,0
2015-10-13,0.0,8.500000000000071,24.1,104.0,10,0
2015-10-14,1.6,9.500000000000071,25.700000000000003,103.89999999999999,10,0
2015-10-15,8.1,9.70000000000007,33.800000000000004,105.2,10,0
2015-10-16,1.1,10.80000000000007,26.5,65.3,10,0
2015-10-17,0.5,9.70000000000007,19.8,41.800000000000004,10,0
2015-10-18,6.6,8.20000000000007,25.799999999999997,43.4,10,0
2015-10-19,2.0,9.10000000000007,19.9,44.0,10,0
2015-10-20,5.1,13.70000000000007,25.0,49.1,10,0
2015-10-21,1.2,8.30000000000007,24.599999999999998,50.300000000000004,10,0
2015-10-22,3.7,10.000000000000071,20.200000000000003,54.0,10,0
2015-10-23,3.9,8.800000000000072,23.0,49.49999999999999,10,0
2015-10-24,0.0,7.600000000000071,22.5,42.3,10,0
2015-10-25,3.8,7.70000000000007,19.7,45.5,10,0
2015-10-26,5.0,8.80000000000007,22.7,42.6,10,0
2015-10-27,1.8,10.60000000000007,19.400000000000002,44.4,10,0
2015-10-28,1.3,8.10000000000007,19.5,44.1,10,0
2015-10-29,7.4,10.500000000000071,23.2,43.4,10,0
2015-10-30,0.4,9.10000000000007,19.7,42.699999999999996,10,0
2015-10-31,0.0,7.800000000000072,19.7,42.199999999999996,10,0
2015-11-01,0.2,0.6000000000000711,16.1,35.800000000000004,11,0
2015-11-02,1.9,2.100000000000071,13.0,35.7,11,0
2015-11-03,23.7,25.80000000000007,34.9,54.3,11,0
2015-11-04,12.2,37.80000000000007,45.8,65.3,11,0
2015-11-05,14.9,50.800000000000075,53.3,76.5,11,0
2015-11-06,1.6,28.70000000000007,54.5,74.19999999999999,11,0
2015-11-07,0.3,16.80000000000007,54.8,74.49999999999999,11,0
2015-11-08,3.5,5.400000000000071,58.1,74.19999999999999,11,0
2015-11-09,0.4,4.200000000000071,56.6,69.6,11,0
2015-11-10,6.7,10.600000000000072,39.6,74.5,11,0
2015-11-11,5.5,12.600000000000072,32.9,78.7,11,0
2015-11-12,0.0,12.20000000000007,18.0,71.3,11,0
2015-11-13,0.0,5.500000000000071,16.4,70.9,11,0
2015-11-14,9.7,9.70000000000007,25.799999999999997,80.60000000000001,11,0
2015-11-15,28.0,37.700000000000074,50.3,108.4,11,0
2015-11-16,17.3,55.00000000000007,67.2,123.8,11,0
2015-11-17,3.2,48.50000000000007,63.699999999999996,103.3,11,0
2015-11-18,2.3,22.80000000000007,60.5,93.4,11,0
2015-11-19,0.8,6.300000000000071,61.3,79.3,11,0
2015-11-20,0.0,3.1000000000000707,61.3,77.7,11,0
2015-11-21,2.6,3.4000000000000714,54.2,80.0,11,0
2015-11-22,0.6,3.2000000000000717,26.8,77.10000000000001,11,0
2015-11-23,0.0,3.2000000000000712,9.5,76.7,11,0
2015-11-24,0.6,1.2000000000000715,6.9,70.6,11,0
2015-11-25,2.1,2.7000000000000717,6.7,67.2,11,0
2015-11-26,4.1,6.800000000000072,10.0,71.3,11,0
2015-11-27,31.8,38.00000000000007,41.8,103.1,11,0
2015-11-28,4.1,40.00000000000007,43.3,97.5,11,0
2015-11-29,1.8,37.700000000000074,44.5,71.3,11,0
2015-11-30,6.8,12.700000000000074,51.3,60.8,11,0
2015-12-01,3.9,12.500000000000075,54.6,61.5,12,0
2015-12-02,4.9,15.600000000000074,57.400000000000006,64.10000000000001,12,0
2015-12-03,6.5,15.300000000000075,59.8,69.8,12,0
2015-12-04,7.6,19.000000000000075,35.6,77.4,12,0
2015-12-05,1.2,15.300000000000074,32.699999999999996,76.0,12,0
2015-12-06,0.0,8.800000000000074,30.900000000000002,75.39999999999999,12,0
2015-12-07,0.0,1.2000000000000746,24.1,75.39999999999999,12,0
2015-12-08,0.0,0.0,20.200000000000003,74.8,12,0
2015-12-09,0.1,0.10000000000007461,15.4,72.8,12,0
2015-12-10,3.1,3.200000000000075,12.0,71.8,12,0
2015-12-11,6.0,9.200000000000074,10.4,46.0,12,0
2015-12-12,2.4,11.500000000000075,11.600000000000001,44.300000000000004,12,0
2015-12-13,0.0,8.400000000000073,11.600000000000001,42.5,12,0
2015-12-14,1.5,3.9000000000000745,13.100000000000001,37.2,12,0
2015-12-15,8.1,9.600000000000074,21.200000000000003,41.400000000000006,12,0
2015-12-16,0.1,9.700000000000074,21.2,36.599999999999994,12,0
2015-12-17,0.4,8.600000000000074,18.5,30.5,12,0
2015-12-18,2.1,2.6000000000000747,14.6,25.0,12,0
2015-12-19,0.0,2.5000000000000746,12.2,23.8,12,0
2015-12-20,3.5,5.600000000000074,15.7,27.3,12,0
2015-12-21,11.1,14.600000000000074,25.299999999999997,38.4,12,0
2015-12-22,2.6,17.200000000000074,19.799999999999997,41.0,12,0
2015-12-23,0.0,13.700000000000074,19.7,40.9,12,0
2015-12-24,0.6,3.200000000000075,19.9,38.400000000000006,12,0
2015-12-25,0.2,0.8000000000000747,18.0,32.6,12,0
2015-12-26,0.0,0.8000000000000747,18.0,30.2,12,0
2015-12-27,0.0,0.20000000000007462,14.5,30.2,12,0
2015-12-28,0.0,0.0,3.4,28.7,12,0
2015-12-29,0.0,0.0,0.8,20.599999999999998,12,0
2015-12-30,0.0,0.0,0.8,20.499999999999996,12,0
2015-12-31,5.8,5.800000000000074,6.0,25.9,12,0
2016-01-01,0.9,6.700000000000075,6.7,24.7,1,0
2016-01-02,2.1,8.800000000000075,8.8,26.799999999999997,1,0
2016-01-03,0.0,3.0000000000000746,8.8,23.299999999999997,1,0
2016-01-04,0.0,2.1000000000000747,8.8,12.2,1,0
2016-01-05,0.9,0.9000000000000746,9.7,10.5,1,0
2016-01-06,4.2,5.100000000000075,13.9,14.700000000000001,1,0
2016-01-07,6.0,11.100000000000076,14.100000000000001,20.1,1,0
2016-01-08,4.6,14.800000000000075,17.8,24.5,1,0
2016-01-09,11.1,21.700000000000074,26.799999999999997,35.6,1,0
2016-01-10,7.7,23.400000000000073,34.5,43.300000000000004,1,0
2016-01-11,0.5,19.30000000000007,35.0,43.800000000000004,1,0
2016-01-12,1.2,9.400000000000075,35.3,45.0,1,0
2016-01-13,7.4,9.100000000000076,38.5,52.400000000000006,1,0
2016-01-14,14.0,22.600000000000076,46.5,60.599999999999994,1,0
2016-01-15,16.6,38.00000000000008,58.50000000000001,76.3,1,0
2016-01-16,2.7,33.300000000000075,50.10000000000001,76.9,1,0
2016-01-17,3.8,23.100000000000076,46.2,80.7,1,0
2016-01-18,4.0,10.500000000000075,49.7,84.7,1,0
2016-01-19,5.9,13.700000000000074,54.400000000000006,89.7,1,0
2016-01-20,4.8,14.700000000000074,51.800000000000004,90.3,1,0
2016-01-21,5.0,15.700000000000074,42.800000000000004,89.3,1,0
2016-01-22,4.1,13.900000000000075,30.3,88.8,1,0
2016-01-23,2.8,11.900000000000073,30.4,80.5,1,0
2016-01-24,8.8,15.700000000000074,35.4,81.60000000000001,1,0
2016-01-25,28.3,39.90000000000008,59.7,109.4,1,0
2016-01-26,23.9,61.00000000000007,77.7,132.1,1,0
2016-01-27,30.3,82.50000000000007,103.2,155.0,1,0
2016-01-28,8.7,62.90000000000008,106.9,149.7,1,0
2016-01-29,0.2,39.20000000000007,103.0,133.3,1,0
2016-01-30,6.8,15.70000000000007,107.0,137.39999999999998,1,0
2016-01-31,9.9,16.90000000000007,108.10000000000001,143.5,1,0
2016-02-01,8.4,25.100000000000072,88.2,147.9,2,0
2016-02-02,11.6,29.90000000000007,75.9,153.6,2,0
2016-02-03,4.3,24.30000000000007,49.900000000000006,153.1,2,0
2016-02-04,0.5,16.40000000000007,41.7,148.6,2,0
2016-02-05,0.0,4.800000000000071,41.5,144.5,2,0
2016-02-06,0.0,0.500000000000071,34.7,141.70000000000002,2,0
2016-02-07,0.0,0.0,24.8,132.9,2,0
2016-02-08,6.5,6.500000000000071,22.9,111.1,2,0
2016-02-09,16.4,22.90000000000007,27.699999999999996,103.6,2,0
2016-02-10,13.0,35.90000000000007,36.39999999999999,86.3,2,0
2016-02-11,1.8,31.20000000000007,37.699999999999996,79.39999999999999,2,0
2016-02-12,0.1,14.900000000000071,37.8,79.3,2,0
2016-02-13,0.7,2.600000000000071,38.49999999999999,73.2,2,0
2016-02-14,0.0,0.800000000000071,38.49999999999999,63.3,2,0
2016-02-15,0.0,0.700000000000071,31.999999999999996,54.89999999999999,2,0
2016-02-16,0.0,0.0,15.599999999999996,43.3,2,0
2016-02-17,0.0,0.0,2.5999999999999965,38.99999999999999,2,0
2016-02-18,0.0,0.0,0.7999999999999964,38.49999999999999,2,0
2016-02-19,0.0,0.0,0.6999999999999964,38.49999999999999,2,0
2016-02-20,5.5,5.500000000000071,5.4999999999999964,43.99999999999999,2,0
2016-02-21,10.7,16.20000000000007,16.199999999999996,54.699999999999996,2,0
2016-02-22,12.6,28.800000000000068,28.799999999999997,60.8,2,0
2016-02-23,39.9,63.20000000000007,68.69999999999999,84.3,2,0
2016-02-24,14.7,67.20000000000007,83.39999999999999,86.0,2,0
2016-02-25,9.2,63.80000000000007,92.6,93.4,2,0
2016-02-26,6.0,29.90000000000007,98.6,99.29999999999998,2,0
2016-02-27,3.4,18.60000000000007,96.5,101.99999999999999,2,0
2016-02-28,8.4,17.80000000000007,94.19999999999999,110.39999999999999,2,0
2016-02-29,0.1,11.900000000000071,81.7,110.49999999999999,2,0
2016-03-01,4.5,13.000000000000071,46.3,114.99999999999999,3,0
2016-03-02,8.6,13.20000000000007,40.2,123.6,3,0
2016-03-03,9.9,23.00000000000007,40.9,133.5,3,0
2016-03-04,9.9,28.40000000000007,44.8,143.39999999999998,3,0
2016-03-05,5.4,25.20000000000007,46.800000000000004,143.29999999999998,3,0
2016-03-06,0.9,16.20000000000007,39.300000000000004,133.5,3,0
2016-03-07,0.3,6.600000000000072,39.5,121.19999999999999,3,0
2016-03-08,0.0,1.200000000000071,35.0,81.3,3,0
2016-03-09,0.0,0.30000000000007104,26.400000000000002,66.6,3,0
2016-03-10,0.0,0.0,16.5,57.4,3,0
2016-03-11,0.6,0.600000000000071,7.2,52.0,3,0
2016-03-12,3.4,4.000000000000071,5.2,52.0,3,0
2016-03-13,5.0,9.000000000000071,9.3,48.599999999999994,3,0
2016-03-14,2.7,11.100000000000072,11.700000000000001,51.2,3,0
2016-03-15,1.4,9.10000000000007,13.100000000000001,48.1,3,0
2016-03-16,1.8,5.900000000000071,14.9,41.300000000000004,3,0
2016-03-17,1.9,5.100000000000071,16.8,33.300000000000004,3,0
2016-03-18,0.7,4.400000000000071,16.9,24.1,3,0
2016-03-19,1.5,4.100000000000071,15.0,20.200000000000003,3,0
2016-03-20,3.5,5.70000000000007,13.5,22.8,3,0
2016-03-21,3.0,8.000000000000071,13.8,25.5,3,0
2016-03-22,2.0,8.500000000000071,14.399999999999999,27.5,3,0
2016-03-23,1.0,6.000000000000071,13.600000000000001,28.5,3,0
2016-03-24,0.0,3.000000000000071,11.7,28.5,3,0
2016-03-25,0.0,1.000000000000071,11.0,27.900000000000002,3,0
2016-03-26,4.1,4.100000000000071,13.600000000000001,28.599999999999998,3,0
2016-03-27,6.8,10.90000000000007,16.9,30.4,3,0
2016-03-28,23.3,34.200000000000074,37.2,51.0,3,0
2016-03-29,0.0,30.10000000000007,35.2,49.6,3,0
2016-03-30,8.6,31.90000000000007,42.800000000000004,56.4,3,0
2016-03-31,21.2,29.80000000000007,64.0,75.69999999999999,3,0
2016-04-01,7.8,37.60000000000007,71.8,82.8,4,0
2016-04-02,25.5,54.50000000000007,93.2,106.8,4,0
2016-04-03,29.9,63.200000000000074,116.3,133.2,4,0
2016-04-04,19.8,75.20000000000007,112.8,150.0,4,0
2016-04-05,6.1,55.800000000000075,118.89999999999999,154.1,4,0
2016-04-06,0.9,26.800000000000075,111.2,154.0,4,0
2016-04-07,0.0,7.000000000000075,90.0,154.0,4,0
2016-04-08,0.0,0.9000000000000746,82.2,154.0,4,0
2016-04-09,0.0,0.0,56.7,149.9,4,0
2016-04-10,0.0,0.0,26.8,143.1,4,0
2016-04-11,0.0,0.0,7.0,119.8,4,0
2016-04-12,0.0,0.0,0.9,119.79999999999998,4,0
2016-04-13,0.2,0.20000000000007462,0.2,111.39999999999999,4,0
2016-04-14,0.3,0.5000000000000746,0.5,90.49999999999999,4,0
2016-04-15,0.0,0.5000000000000746,0.5,82.69999999999999,4,0
2016-04-16,0.3,0.6000000000000746,0.8,57.49999999999999,4,0
2016-04-17,12.8,13.100000000000076,13.600000000000001,40.4,4,0
2016-04-18,4.1,17.200000000000074,17.700000000000003,24.7,4,0
2016-04-19,1.9,18.800000000000075,19.6,20.5,4,0
2016-04-20,5.0,11.000000000000075,24.400000000000002,24.6,4,0
2016-04-21,1.7,8.600000000000074,25.8,26.3,4,0
2016-04-22,2.9,9.600000000000074,28.700000000000003,29.2,4,0
2016-04-23,0.0,4.600000000000074,28.4,29.2,4,0
2016-04-24,0.0,2.900000000000074,15.6,29.2,4,0
2016-04-25,0.0,0.0,11.5,29.2,4,0
2016-04-26,0.0,0.0,9.6,29.2,4,0
2016-04-27,0.0,0.0,4.6,29.0,4,0
2016-04-28,0.0,0.0,2.8999999999999995,28.7,4,0
2016-04-29,0.0,0.0,0.0,28.7,4,0
2016-04-30,0.0,0.0,0.0,28.4,4,0
2016-05-01,0.0,0.0,0.0,15.6,5,0
2016-05-02,0.0,0.0,0.0,11.5,5,0
2016-05-03,9.5,9.500000000000075,9.5,19.1,5,0
2016-05-04,22.3,31.800000000000075,31.8,36.4,5,0
2016-05-05,5.9,37.700000000000074,37.7,40.599999999999994,5,0
2016-05-06,10.9,39.10000000000008,48.6,48.599999999999994,5,0
2016-05-07,0.2,17.000000000000075,48.800000000000004,48.8,5,0
2016-05-08,0.8,11.900000000000075,49.6,49.599999999999994,5,0
2016-05-09,5.7,6.700000000000075,55.300000000000004,55.3,5,0
2016-05-10,0.0,6.500000000000075,45.800000000000004,55.3,5,0
2016-05-11,0.0,5.700000000000075,23.5,55.3,5,0
2016-05-12,4.9,4.900000000000075,22.500000000000004,60.199999999999996,5,0
2016-05-13,36.8,41.700000000000074,48.4,97.0,5,0
2016-05-14,31.0,72.70000000000007,79.19999999999999,128.0,5,0
2016-05-15,27.4,95.20000000000007,105.8,155.39999999999998,5,0
2016-05-16,11.7,70.10000000000008,111.8,167.1,5,0
2016-05-17,20.5,59.60000000000008,132.29999999999998,178.1,5,0
2016-05-18,2.3,34.50000000000008,134.6,158.1,5,0
2016-05-19,7.3,30.10000000000008,137.0,159.5,5,0
2016-05-20,20.3,29.900000000000077,120.5,168.9,5,0
2016-05-21,41.0,68.60000000000008,130.5,209.7,5,0
2016-05-22,0.0,61.30000000000008,103.1,208.9,5,0
2016-05-23,24.1,65.10000000000008,115.5,227.29999999999998,5,0
2016-05-24,27.8,51.90000000000008,122.8,255.1,5,0
2016-05-25,28.5,80.40000000000008,149.0,283.59999999999997,5,0
2016-05-26,5.7,62.00000000000008,147.4,284.40000000000003,5,0
2016-05-27,6.9,41.10000000000007,134.0,254.5,5,0
2016-05-28,127.4,140.00000000000009,220.40000000000003,350.9,5,0
2016-05-29,11.6,145.9000000000001,232.00000000000003,335.1,5,0
2016-05-30,16.3,155.3000000000001,224.20000000000002,339.70000000000005,5,0
2016-05-31,25.5,53.400000000000084,221.9,344.70000000000005,5,0
2016-06-01,8.7,50.500000000000085,202.10000000000002,351.1,6,0
2016-06-02,4.5,38.70000000000009,200.9,348.3,6,0
2016-06-03,5.5,18.700000000000085,199.50000000000003,333.5,6,0
2016-06-04,2.1,12.100000000000085,74.2,294.6,6,0
2016-06-05,17.9,25.500000000000085,80.5,312.5,6,0
2016-06-06,29.7,49.70000000000009,93.9,318.09999999999997,6,0
2016-06-07,49.6,97.20000000000007,118.0,339.90000000000003,6,0
2016-06-08,19.1,98.40000000000008,128.4,330.5,6,0
2016-06-09,6.3,75.00000000000009,130.2,331.09999999999997,6,0
2016-06-10,15.3,40.70000000000008,140.0,339.5,6,0
2016-06-11,19.7,41.30000000000008,157.6,231.8,6,0
2016-06-12,38.3,73.30000000000008,178.0,258.5,6,0
2016-06-13,67.6,125.60000000000008,215.9,309.79999999999995,6,0
2016-06-14,27.8,133.70000000000007,194.10000000000002,312.09999999999997,6,0
2016-06-15,15.7,111.10000000000008,190.7,319.1,6,0
2016-06-16,19.9,63.400000000000084,204.3,334.5,6,0
2016-06-17,10.2,45.80000000000008,199.2,339.2,6,0
2016-06-18,12.2,42.30000000000008,191.7,349.29999999999995,6,0
2016-06-19,25.3,47.70000000000009,178.7,356.7,6,0
2016-06-20,125.1,162.60000000000008,236.2,452.1,6,0
2016-06-21,144.4,294.80000000000007,352.79999999999995,546.9,6,0
2016-06-22,59.8,329.30000000000007,396.9,587.5999999999999,6,0
2016-06-23,86.4,290.6000000000001,463.40000000000003,667.7,6,0
2016-06-24,48.7,194.9000000000001,501.9,701.0999999999999,6,0
2016-06-25,28.4,163.50000000000009,518.1,709.8,6,0
2016-06-26,22.7,99.80000000000008,515.5,694.2,6,0
2016-06-27,44.3,95.40000000000008,434.7,670.9,6,0
2016-06-28,98.6,165.60000000000008,388.9,741.6999999999999,6,0
2016-06-29,47.4,190.30000000000007,376.5,773.4,6,0
2016-06-30,59.6,205.60000000000008,349.7,813.1,6,0
2016-07-01,118.0,225.00000000000009,419.0,920.9,7,0
2016-07-02,40.4,218.00000000000009,431.0,949.0999999999999,7,0
2016-07-03,10.3,168.70000000000007,418.59999999999997,934.1,7,0
2016-07-04,26.0,76.70000000000009,400.3,835.0,7,0
2016-07-05,21.6,57.90000000000009,323.3,712.2,7,0
2016-07-06,34.3,81.90000000000009,310.2,686.7,7,0
2016-07-07,14.2,70.1000000000001,264.79999999999995,614.4999999999999,7,0
2016-07-08,47.7,96.20000000000009,194.5,613.5,7,0
2016-07-09,12.6,74.50000000000009,166.70000000000002,597.7,7,0
2016-07-10,20.7,81.00000000000009,177.1,595.7,7,0
2016-07-11,54.6,87.90000000000009,205.7,606.0,7,0
2016-07-12,10.5,85.8000000000001,194.6,517.9,7,0
2016-07-13,36.2,101.3000000000001,196.50000000000003,506.7,7,0
2016-07-14,130.1,176.8000000000001,312.4,577.2,7,0
2016-07-15,79.5,245.8000000000001,344.20000000000005,538.7,7,0
2016-07-16,23.2,232.80000000000007,354.8,521.5,7,0
2016-07-17,7.8,110.50000000000011,341.9,519.0,7,0
2016-07-18,27.0,58.000000000000114,314.29999999999995,520.0,7,0
2016-07-19,22.7,57.500000000000114,326.5,521.1,7,0
2016-07-20,37.6,87.30000000000011,327.9,524.4,7,0
2016-07-21,40.4,100.7000000000001,238.2,550.6,7,1
2016-07-22,47.1,125.10000000000011,205.8,550.0,7,0
2016-07-23,20.6,108.10000000000011,203.20000000000002,558.0,7,0
2016-07-24,87.5,155.2000000000001,282.9,624.8,7,0
2016-07-25,179.1,287.2000000000001,435.0,749.3000000000001,7,0
2016-07-26,122.3,388.9000000000001,534.6,861.1,7,0
2016-07-27,24.7,326.1000000000001,521.6999999999999,849.6,7,0
2016-07-28,39.3,186.30000000000013,520.6,758.8,7,0
2016-07-29,37.3,101.30000000000011,510.79999999999995,716.5999999999999,7,0
2016-07-30,44.8,121.4000000000001,535.0,738.2,7,0
2016-07-31,51.7,133.80000000000013,499.20000000000005,782.0999999999999,7,0
2016-08-01,21.5,118.00000000000011,341.6,776.5999999999999,8,0
2016-08-02,0.4,73.60000000000012,219.7,754.3000000000001,8,0
2016-08-03,1.2,23.100000000000115,196.2,717.9,8,0
2016-08-04,5.0,6.600000000000113,161.89999999999998,682.5,8,0
2016-08-05,11.9,18.100000000000115,136.5,647.3,8,0
2016-08-06,10.2,27.100000000000115,101.9,636.9,8,0
2016-08-07,7.6,29.700000000000113,57.8,557.0,8,0
2016-08-08,11.4,29.20000000000011,47.7,389.29999999999995,8,0
2016-08-09,18.0,37.000000000000114,65.3,285.0,8,0
2016-08-10,31.9,61.30000000000011,96.0,292.20000000000005,8,0
2016-08-11,21.0,70.90000000000012,112.0,273.90000000000003,8,0
2016-08-12,12.9,65.80000000000011,112.99999999999999,249.5,8,0
2016-08-13,16.5,50.40000000000011,119.30000000000001,221.2,8,0
2016-08-14,30.6,60.000000000000114,142.3,200.1,8,0
2016-08-15,11.8,58.90000000000012,142.7,190.4,8,0
2016-08-16,1.8,44.20000000000012,126.5,191.79999999999998,8,0
2016-08-17,5.4,19.000000000000114,100.0,196.0,8,0
2016-08-18,8.1,15.300000000000114,87.1,199.10000000000002,8,0
2016-08-19,5.5,19.000000000000114,79.70000000000002,192.7,8,0
2016-08-20,2.0,15.600000000000115,65.2,184.5,8,0
2016-08-21,5.7,13.200000000000113,40.300000000000004,182.6,8,0
2016-08-22,41.8,49.500000000000114,70.3,213.0,8,0
2016-08-23,8.9,56.40000000000011,77.4,203.9,8,0
2016-08-24,4.0,54.70000000000011,76.0,176.0,8,0
2016-08-25,0.0,12.900000000000114,67.9,155.0,8,0
2016-08-26,0.4,4.400000000000114,62.8,142.5,8,0
2016-08-27,0.0,0.4000000000001137,60.8,126.0,8,0
2016-08-28,3.3,3.7000000000001134,58.4,98.7,8,0
2016-08-29,37.0,40.30000000000011,53.6,123.9,8,0
2016-08-30,24.3,64.60000000000011,69.0,146.4,8,0
2016-08-31,73.0,134.30000000000013,138.0,214.0,8,0
2016-09-01,41.8,139.1000000000001,179.8,247.7,9,0
2016-09-02,101.7,216.5000000000001,281.1,343.9,9,0
2016-09-03,118.5,262.0000000000001,399.6,460.4,9,1
2016-09-04,9.8,230.0000000000001,406.09999999999997,464.5,9,1
2016-09-05,10.4,138.7000000000001,379.5,433.1,9,0
2016-09-06,11.8,32.000000000000114,367.0,436.00000000000006,9,0
2016-09-07,23.6,45.80000000000011,317.59999999999997,455.6,9,1
2016-09-08,36.0,71.40000000000012,311.8,491.6,9,1
2016-09-09,10.6,70.2000000000001,220.7,501.8,9,0
2016-09-10,91.5,138.1000000000001,193.7,593.3,9,0
2016-09-11,74.7,176.80000000000013,258.6,664.7,9,0
2016-09-12,118.2,284.4000000000001,366.40000000000003,745.9000000000001,9,0
2016-09-13,25.0,217.90000000000012,379.6,746.6,9,0
2016-09-14,10.4,153.6000000000001,366.4,684.0,9,0
2016-09-15,14.4,49.80000000000011,344.8,656.6,9,0
2016-09-16,39.3,64.10000000000011,373.5,594.1999999999999,9,0
2016-09-17,84.0,137.7000000000001,366.0,559.6999999999999,9,0
2016-09-18,40.3,163.60000000000008,331.59999999999997,590.2,9,0
2016-09-19,103.1,227.4000000000001,316.5,682.9000000000001,9,0
2016-09-20,28.7,172.10000000000008,320.2,699.8,9,0
2016-09-21,50.3,182.10000000000008,360.1,726.5,9,0
2016-09-22,15.4,94.4000000000001,361.09999999999997,705.9,9,0
2016-09-23,20.1,85.8000000000001,341.9,715.4000000000001,9,0
2016-09-24,9.2,44.7000000000001,267.1,633.1,9,0
2016-09-25,6.4,35.7000000000001,233.2,564.8,9,0
2016-09-26,14.7,30.300000000000097,144.8,461.3,9,0
2016-09-27,6.0,27.1000000000001,122.1,442.3,9,0
2016-09-28,2.8,23.5000000000001,74.6,434.7,9,0
2016-09-29,0.3,9.1000000000001,59.5,420.59999999999997,9,0
2016-09-30,3.1,6.200000000000099,42.5,384.4,9,0
2016-10-01,4.9,8.3000000000001,38.199999999999996,305.29999999999995,10,0
2016-10-02,2.9,10.900000000000098,34.699999999999996,267.90000000000003,10,0
2016-10-03,7.9,15.700000000000099,27.900000000000002,172.7,10,0
2016-10-04,8.5,19.300000000000097,30.4,152.5,10,0
2016-10-05,40.1,56.5000000000001,67.7,142.3,10,0
2016-10-06,20.3,68.90000000000009,87.7,147.2,10,0
2016-10-07,5.0,65.40000000000009,89.6,132.1,10,0
2016-10-08,54.7,80.0000000000001,139.4,177.6,10,0
2016-10-09,87.9,147.6000000000001,224.4,259.1,10,0
2016-10-10,1.0,143.6000000000001,217.5,245.4,10,0
2016-10-11,0.8,89.7000000000001,209.8,240.20000000000002,10,0
2016-10-12,6.5,8.3000000000001,176.20000000000002,243.9,10,0
2016-10-13,6.4,13.700000000000099,162.29999999999998,250.0,10,0
2016-10-14,24.5,37.4000000000001,181.79999999999998,271.40000000000003,10,0
2016-10-15,61.9,92.8000000000001,189.0,328.4,10,0
2016-10-16,14.8,101.20000000000009,115.89999999999999,340.3,10,0
2016-10-17,4.3,81.0000000000001,119.19999999999999,336.70000000000005,10,0
2016-10-18,1.4,20.5000000000001,119.8,329.6,10,0
2016-10-19,0.0,5.700000000000099,113.3,289.5,10,0
2016-10-20,0.0,1.4000000000000994,106.89999999999999,269.2,10,0
2016-10-21,0.0,0.0,82.39999999999999,264.2,10,0
2016-10-22,0.1,0.10000000000009948,20.6,209.6,10,0
2016-10-23,5.7,5.800000000000099,11.5,127.39999999999999,10,0
2016-10-24,12.0,17.8000000000001,19.2,138.4,10,0
2016-10-25,4.2,21.900000000000098,22.0,141.79999999999998,10,0
2016-10-26,0.2,16.400000000000098,22.2,135.49999999999997,10,0
2016-10-27,0.0,4.4000000000001,22.2,129.1,10,0
2016-10-28,0.0,0.2000000000000995,22.2,104.6,10,0
2016-10-29,0.0,0.0,22.099999999999998,42.7,10,0
2016-10-30,0.0,0.0,16.4,27.9,10,0
2016-10-31,0.0,0.0,4.4,23.599999999999998,10,0
2016-11-01,0.0,0.0,0.2,22.2,11,0
2016-11-02,0.0,0.0,0.0,22.2,11,0
2016-11-03,0.0,0.0,0.0,22.2,11,0
2016-11-04,0.0,0.0,0.0,22.2,11,0
2016-11-05,0.0,0.0,0.0,22.099999999999998,11,0
2016-11-06,2.1,2.1000000000000996,2.1,18.5,11,0
2016-11-07,1.3,3.4000000000001,3.4000000000000004,7.800000000000001,11,0
2016-11-08,0.0,3.4000000000001,3.4000000000000004,3.6000000000000005,11,0
2016-11-09,0.0,1.3000000000000995,3.4000000000000004,3.4000000000000004,11,0
2016-11-10,0.0,0.0,3.4000000000000004,3.4000000000000004,11,0
2016-11-11,0.0,0.0,3.4000000000000004,3.4000000000000004,11,0
2016-11-12,0.0,0.0,3.4000000000000004,3.4000000000000004,11,0
2016-11-13,0.6,0.6000000000000995,1.9,4.0,11,0
2016-11-14,0.0,0.6000000000000995,0.6,4.0,11,0
2016-11-15,0.0,0.6000000000000995,0.6,4.0,11,0
2016-11-16,0.0,0.0,0.6,4.0,11,0
2016-11-17,0.0,0.0,0.6,4.0,11,0
2016-11-18,0.0,0.0,0.6,4.0,11,0
2016-11-19,8.4,8.4000000000001,9.0,12.4,11,0
2016-11-20,1.6,10.0000000000001,10.0,11.9,11,0
2016-11-21,0.0,10.0000000000001,10.0,10.6,11,0
2016-11-22,0.0,1.6000000000000996,10.0,10.6,11,0
2016-11-23,0.3,0.30000000000009946,10.3,10.9,11,0
2016-11-24,0.1,0.4000000000000995,10.4,11.0,11,0
2016-11-25,0.0,0.4000000000000995,10.4,11.0,11,0
2016-11-26,0.7,0.8000000000000995,2.7,11.7,11,0
2016-11-27,2.3,3.0000000000000995,3.4,13.4,11,0
2016-11-28,0.2,3.2000000000000997,3.6,13.6,11,0
2016-11-29,0.1,2.600000000000099,3.6999999999999997,13.700000000000001,11,0
2016-11-30,0.0,0.3000000000000995,3.4,13.700000000000001,11,0
2016-12-01,2.3,2.4000000000000994,5.6,16.0,12,0
2016-12-02,46.2,48.5000000000001,51.800000000000004,62.2,12,0
2016-12-03,25.0,73.5000000000001,76.1,78.80000000000001,12,0
2016-12-04,0.0,71.2000000000001,73.80000000000001,77.19999999999999,12,0
2016-12-05,0.0,25.0000000000001,73.6,77.19999999999999,12,0
2016-12-06,0.1,0.10000000000009948,73.60000000000001,77.3,12,0
2016-12-07,0.0,0.10000000000009948,73.60000000000001,77.0,12,0
2016-12-08,0.0,0.10000000000009948,71.30000000000001,76.9,12,0
2016-12-09,0.0,0.0,25.1,76.9,12,0
2016-12-10,0.2,0.2000000000000995,0.30000000000000004,76.4,12,0
2016-12-11,1.1,1.3000000000000995,1.4000000000000001,75.2,12,0
2016-12-12,0.0,1.3000000000000995,1.4000000000000001,75.0,12,0
2016-12-13,0.0,1.1000000000000996,1.3,74.9,12,0
2016-12-14,0.0,0.0,1.3,74.9,12,0
2016-12-15,0.2,0.2000000000000995,1.5,72.8,12,0
2016-12-16,5.1,5.300000000000099,6.6,31.7,12,0
2016-12-17,0.0,5.300000000000099,6.3999999999999995,6.7,12,0
2016-12-18,0.0,5.100000000000099,5.3,6.7,12,0
2016-12-19,0.0,0.0,5.3,6.7,12,0
2016-12-20,0.0,0.0,5.3,6.6000000000000005,12,0
2016-12-21,0.0,0.0,5.3,6.6000000000000005,12,0
2016-12-22,0.3,0.30000000000009946,5.3999999999999995,6.9,12,0
2016-12-23,0.1,0.4000000000000995,0.4,7.000000000000001,12,0
2016-12-24,3.8,4.2000000000001,4.2,10.6,12,0
2016-12-25,4.7,8.6000000000001,8.899999999999999,14.200000000000001,12,0
2016-12-26,0.0,8.5000000000001,8.899999999999999,14.200000000000001,12,0
2016-12-27,1.7,6.400000000000099,10.6,15.9,12,0
2016-12-28,2.4,4.100000000000099,13.0,18.3,12,0
2016-12-29,0.6,4.700000000000099,13.299999999999999,18.700000000000003,12,0
2016-12-30,0.2,3.2000000000000988,13.399999999999999,13.8,12,0
2016-12-31,0.0,0.8000000000000995,9.6,13.8,12,0
2017-01-01,3.9,4.100000000000099,8.799999999999999,17.7,1,0
2017-01-02,1.3,5.2000000000001,10.099999999999998,19.0,1,0
2017-01-03,0.9,6.100000000000099,9.299999999999999,19.9,1,0
2017-01-04,7.3,9.5000000000001,14.2,27.2,1,0
2017-01-05,2.7,10.900000000000098,16.299999999999997,29.599999999999998,1,0
2017-01-06,0.1,10.1000000000001,16.2,29.6,1,0
2017-01-07,30.5,33.3000000000001,46.7,56.3,1,0
2017-01-08,5.4,36.0000000000001,48.2,57.0,1,0
2017-01-09,2.7,38.600000000000094,49.599999999999994,59.699999999999996,1,0
2017-01-10,9.3,17.400000000000098,58.0,67.30000000000001,1,0
2017-01-11,19.9,31.900000000000098,70.6,84.8,1,0
2017-01-12,1.4,30.600000000000097,69.3,85.60000000000001,1,0
2017-01-13,4.7,26.0000000000001,73.9,90.1,1,0
2017-01-14,0.7,6.800000000000099,44.1,90.8,1,0
2017-01-15,0.4,5.800000000000099,39.1,87.3,1,0
2017-01-16,2.8,3.9000000000000985,39.2,88.8,1,0
2017-01-17,12.0,15.200000000000099,41.9,99.9,1,0
2017-01-18,16.9,31.700000000000095,38.9,109.5,1,0
2017-01-19,3.1,32.00000000000009,40.6,109.9,1,0
2017-01-20,0.0,20.000000000000096,35.9,109.8,1,0
2017-01-21,0.0,3.100000000000096,35.2,79.3,1,0
2017-01-22,0.2,0.20000000000009593,34.99999999999999,74.10000000000001,1,0
2017-01-23,0.0,0.20000000000009593,32.199999999999996,71.4,1,0
2017-01-24,0.0,0.20000000000009593,20.2,62.099999999999994,1,0
2017-01-25,0.0,0.0,3.3000000000000003,42.199999999999996,1,0
2017-01-26,0.0,0.0,0.2,40.8,1,0
2017-01-27,17.8,17.800000000000097,18.0,53.9,1,0
2017-01-28,0.2,18.000000000000096,18.2,53.400000000000006,1,0
2017-01-29,0.6,18.600000000000097,18.6,53.599999999999994,1,0
2017-01-30,3.2,4.000000000000096,21.8,54.0,1,0
2017-01-31,13.1,16.900000000000095,34.9,55.1,1,0
2017-02-01,8.8,25.100000000000094,43.7,47.0,2,0
2017-02-02,7.0,28.900000000000098,50.7,50.9,2,0
2017-02-03,0.0,15.800000000000098,32.900000000000006,50.9,2,0
2017-02-04,0.0,7.000000000000098,32.7,50.9,2,0
2017-02-05,0.0,0.0,32.1,50.7,2,0
2017-02-06,2.8,2.8000000000000975,31.7,53.50000000000001,2,0
2017-02-07,0.0,2.8000000000000975,18.6,53.50000000000001,2,0
2017-02-08,0.0,2.8000000000000975,9.8,53.50000000000001,2,0
2017-02-09,11.9,11.900000000000098,14.7,65.4,2,0
2017-02-10,4.7,16.600000000000097,19.4,52.300000000000004,2,0
2017-02-11,0.2,16.800000000000097,19.599999999999998,52.3,2,0
2017-02-12,6.2,11.100000000000097,25.8,57.900000000000006,2,0
2017-02-13,6.0,12.400000000000098,29.0,60.7,2,0
2017-02-14,1.0,13.200000000000099,30.0,48.6,2,0
2017-02-15,0.1,7.100000000000097,30.099999999999998,39.900000000000006,2,0
2017-02-16,0.7,1.8000000000000975,18.900000000000002,33.6,2,0
2017-02-17,1.8,2.600000000000098,16.0,35.400000000000006,2,0
2017-02-18,4.8,7.3000000000000975,20.6,40.2,2,0
2017-02-19,6.3,12.900000000000098,20.7,46.5,2,0
2017-02-20,14.5,25.600000000000097,29.2,58.2,2,0
2017-02-21,17.9,38.700000000000095,46.099999999999994,76.1,2,0
2017-02-22,22.6,55.0000000000001,68.6,98.7,2,0
2017-02-23,0.7,41.2000000000001,68.6,87.50000000000001,2,0
2017-02-24,0.0,23.3000000000001,66.8,82.80000000000001,2,0
2017-02-25,0.7,1.4000000000000994,62.7,83.3,2,0
2017-02-26,7.8,8.5000000000001,64.19999999999999,84.9,2,0
2017-02-27,0.2,8.700000000000099,49.9,79.1,2,0
2017-02-28,0.5,8.5000000000001,32.5,78.6,2,0
2017-03-01,22.9,23.600000000000097,32.8,101.4,3,0
2017-03-02,10.9,34.3000000000001,42.99999999999999,111.6,3,0
2017-03-03,9.4,43.2000000000001,52.39999999999999,119.2,3,0
2017-03-04,1.5,21.8000000000001,53.2,115.9,3,0
2017-03-05,0.0,10.9000000000001,45.400000000000006,109.6,3,0
2017-03-06,0.7,2.2000000000000997,45.9,95.8,3,0
2017-03-07,3.3,4.0000000000000995,48.7,81.2,3,0
2017-03-08,1.2,5.2000000000001,27.0,59.8,3,0
2017-03-09,30.7,35.2000000000001,46.8,89.8,3,0
2017-03-10,32.2,64.10000000000011,69.6,122.0,3,0
2017-03-11,23.6,86.50000000000011,91.69999999999999,144.9,3,0
2017-03-12,18.3,74.10000000000011,110.0,155.4,3,0
2017-03-13,0.0,41.900000000000105,109.3,155.2,3,0
2017-03-14,8.4,26.70000000000011,114.39999999999999,163.1,3,0
2017-03-15,0.0,8.400000000000107,113.19999999999999,140.2,3,0
2017-03-16,6.6,15.000000000000107,89.10000000000001,135.9,3,0
2017-03-17,22.7,29.300000000000104,79.6,149.20000000000002,3,0
2017-03-18,14.1,43.400000000000105,70.1,161.8,3,0
2017-03-19,13.3,50.10000000000011,65.10000000000001,175.10000000000002,3,0
2017-03-20,23.9,51.30000000000011,89.0,198.29999999999998,3,0
2017-03-21,2.6,39.80000000000011,83.19999999999999,197.6,3,0
2017-03-22,10.8,37.30000000000011,94.0,207.2,3,0
2017-03-23,10.9,24.300000000000114,98.3,187.4,3,0
2017-03-24,13.4,35.100000000000115,89.0,168.6,3,0
2017-03-25,2.0,26.300000000000118,76.9,147.0,3,0
2017-03-26,3.7,19.100000000000115,67.3,132.4,3,0
2017-03-27,8.7,14.400000000000114,52.1,141.10000000000002,3,0
2017-03-28,1.2,13.600000000000113,50.7,133.9,3,0
2017-03-29,4.1,14.000000000000114,44.0,138.0,3,0
2017-03-30,0.8,6.100000000000113,33.9,132.20000000000002,3,0
2017-03-31,14.8,19.700000000000113,35.3,124.3,3,0
2017-04-01,3.0,18.600000000000115,36.3,113.2,4,0
2017-04-02,1.1,18.900000000000112,33.7,101.0,4,0
2017-04-03,0.4,4.500000000000112,25.400000000000002,77.5,4,0
2017-04-04,0.2,1.700000000000112,24.400000000000002,75.1,4,0
2017-04-05,12.1,12.700000000000111,32.4,76.4,4,0
2017-04-06,10.9,23.20000000000011,42.5,76.39999999999999,4,0
2017-04-07,2.3,25.30000000000011,30.0,65.3,4,0
2017-04-08,8.5,21.70000000000011,35.5,71.8,4,0
2017-04-09,0.0,10.80000000000011,34.4,68.1,4,0
2017-04-10,0.3,8.80000000000011,34.3,59.699999999999996,4,0
2017-04-11,0.0,0.3000000000001101,34.099999999999994,58.49999999999999,4,0
2017-04-12,1.0,1.3000000000001102,23.0,55.4,4,0
2017-04-13,0.3,1.3000000000001102,12.399999999999999,54.9,4,0
2017-04-14,8.8,10.100000000000112,18.9,48.9,4,0
2017-04-15,5.1,14.200000000000111,15.499999999999998,51.0,4,0
2017-04-16,0.8,14.700000000000111,16.299999999999997,50.699999999999996,4,0
2017-04-17,3.8,9.70000000000011,19.799999999999997,54.1,4,0
2017-04-18,25.6,30.20000000000011,45.4,79.5,4,0
2017-04-19,39.2,68.60000000000011,83.6,106.60000000000001,4,0
2017-04-20,1.4,66.20000000000012,84.7,97.10000000000001,4,0
2017-04-21,9.0,49.60000000000011,84.9,103.80000000000001,4,0
2017-04-22,26.5,36.900000000000105,106.3,121.80000000000001,4,0
2017-04-23,27.6,63.10000000000011,133.1,149.4,4,0
2017-04-24,5.5,59.60000000000011,134.79999999999998,154.6,4,0
2017-04-25,3.1,36.20000000000011,112.3,157.7,4,0
2017-04-26,2.3,10.900000000000107,75.39999999999999,159.0,4,0
2017-04-27,3.5,8.900000000000107,77.5,162.20000000000002,4,0
2017-04-28,0.0,5.800000000000107,68.5,153.4,4,0
2017-04-29,3.5,7.000000000000107,45.5,151.8,4,0
2017-04-30,5.5,9.000000000000107,23.4,156.5,4,0
2017-05-01,19.4,28.400000000000105,37.3,172.10000000000002,5,0
2017-05-02,0.2,25.100000000000104,34.4,146.7,5,0
2017-05-03,4.7,24.300000000000104,36.8,112.2,5,0
2017-05-04,18.8,23.70000000000011,52.1,129.6,5,0
2017-05-05,0.1,23.60000000000011,52.2,120.69999999999999,5,0
2017-05-06,5.0,23.900000000000112,53.7,99.19999999999999,5,0
2017-05-07,1.8,6.900000000000106,50.0,73.4,5,0
2017-05-08,2.3,9.100000000000106,32.900000000000006,70.2,5,0
2017-05-09,2.0,6.100000000000106,34.7,69.10000000000001,5,0
2017-05-10,0.9,5.200000000000107,30.900000000000002,67.69999999999999,5,0
2017-05-11,4.3,7.200000000000107,16.4,68.5,5,0
2017-05-12,8.2,13.400000000000105,24.499999999999996,76.69999999999999,5,0
2017-05-13,3.4,15.900000000000105,22.9,76.6,5,0
2017-05-14,4.9,16.500000000000107,26.0,76.0,5,0
2017-05-15,4.8,13.100000000000104,28.5,61.4,5,0
2017-05-16,5.0,14.700000000000106,31.5,66.2,5,0
2017-05-17,30.0,39.800000000000104,60.6,91.5,5,0
2017-05-18,14.6,49.60000000000011,70.89999999999999,87.3,5,0
2017-05-19,13.2,57.800000000000104,75.9,100.39999999999999,5,0
2017-05-20,5.5,33.300000000000104,78.0,100.89999999999999,5,0
2017-05-21,7.7,26.4000000000001,80.8,106.8,5,0
2017-05-22,5.6,18.800000000000104,81.60000000000001,110.10000000000001,5,0
2017-05-23,4.3,17.6000000000001,80.9,112.4,5,0
2017-05-24,2.6,12.500000000000103,53.5,114.1,5,0
2017-05-25,8.7,15.600000000000101,47.599999999999994,118.5,5,0
2017-05-26,16.3,27.6000000000001,50.7,126.6,5,0
2017-05-27,24.5,49.5000000000001,69.7,147.7,5,0
2017-05-28,14.0,54.8000000000001,76.0,156.8,5,0
2017-05-29,26.0,64.5000000000001,96.4,178.0,5,0
2017-05-30,28.4,68.4000000000001,120.5,201.39999999999998,5,0
2017-05-31,6.4,60.800000000000104,124.3,177.79999999999998,5,0
2017-06-01,26.0,60.800000000000104,141.6,189.2,6,0
2017-06-02,21.9,54.300000000000104,147.2,197.9,6,0
2017-06-03,1.8,49.7000000000001,124.5,194.2,6,0
2017-06-04,16.3,40.00000000000011,126.8,202.79999999999998,6,0
2017-06-05,9.0,27.100000000000108,109.8,206.2,6,0
2017-06-06,6.0,31.300000000000107,87.4,207.9,6,0
2017-06-07,2.3,17.300000000000107,83.3,207.6,6,0
2017-06-08,3.5,11.800000000000107,60.8,202.4,6,0
2017-06-09,4.8,10.600000000000106,43.7,190.9,6,0
2017-06-10,5.7,14.000000000000107,47.6,172.1,6,0
2017-06-11,4.0,14.500000000000107,35.3,162.10000000000002,6,0
2017-06-12,8.9,18.600000000000108,35.2,145.0,6,0
2017-06-13,6.5,19.40000000000011,35.7,123.10000000000001,6,0
2017-06-14,4.4,19.80000000000011,37.800000000000004,121.1,6,0
2017-06-15,5.9,16.800000000000107,40.2,101.0,6,0
2017-06-16,7.6,17.900000000000105,43.0,86.69999999999999,6,0
2017-06-17,4.1,17.600000000000108,41.400000000000006,89.0,6,0
2017-06-18,1.8,13.500000000000107,39.2,74.5,6,0
2017-06-19,5.0,10.900000000000105,35.3,70.5,6,0
2017-06-20,14.0,20.800000000000104,42.8,78.5,6,0
2017-06-21,75.8,94.8000000000001,114.19999999999999,152.0,6,0
2017-06-22,8.1,97.90000000000009,116.39999999999999,156.6,6,0
2017-06-23,11.9,95.8000000000001,120.7,163.7,6,0
2017-06-24,9.7,29.7000000000001,126.3,167.7,6,0
2017-06-25,4.0,25.6000000000001,128.5,167.7,6,0
2017-06-26,5.6,19.300000000000097,129.1,164.4,6,0
2017-06-27,25.4,35.0000000000001,140.5,183.29999999999998,6,1
2017-06-28,46.6,77.6000000000001,111.3,225.5,6,0
2017-06-29,41.1,113.10000000000011,144.3,260.7,6,0
2017-06-30,89.5,177.2000000000001,221.9,342.6,6,0
2017-07-01,117.8,248.4000000000001,330.0,456.3,7,0
2017-07-02,83.6,290.9000000000001,409.6,538.1,7,1
2017-07-03,12.5,213.9000000000001,416.5,545.6,7,0
2017-07-04,39.2,135.3000000000001,430.3,570.8,7,0
2017-07-05,50.4,102.10000000000011,434.09999999999997,545.4,7,0
2017-07-06,16.6,106.2000000000001,409.6,553.9,7,0
2017-07-07,3.5,70.5000000000001,323.6,545.5,7,0
2017-07-08,12.6,32.7000000000001,218.4,548.4,7,0
2017-07-09,59.1,75.2000000000001,193.90000000000003,603.5,7,0
2017-07-10,46.5,118.2000000000001,227.90000000000003,644.4000000000001,7,1
2017-07-11,13.2,118.80000000000011,201.9,632.1999999999999,7,0
2017-07-12,9.9,69.6000000000001,161.4,595.5,7,0
2017-07-13,8.0,31.1000000000001,152.8,562.4,7,0
2017-07-14,2.6,20.5000000000001,151.9,475.5,7,0
2017-07-15,7.1,17.7000000000001,146.4,364.8,7,0
2017-07-16,1.3,11.0000000000001,88.6,282.5,7,0
2017-07-17,3.3,11.700000000000099,45.4,273.3,7,0
2017-07-18,1.2,5.800000000000099,33.400000000000006,235.3,7,0
2017-07-19,7.5,12.0000000000001,30.999999999999996,192.4,7,0
2017-07-20,1.5,10.200000000000099,24.5,177.3,7,0
2017-07-21,39.8,48.8000000000001,61.699999999999996,213.6,7,0
2017-07-22,8.0,49.3000000000001,62.599999999999994,209.0,7,0
2017-07-23,5.5,53.3000000000001,66.8,155.39999999999998,7,0
2017-07-24,6.7,20.2000000000001,70.2,115.6,7,0
2017-07-25,8.6,20.8000000000001,77.6,111.0,7,0
2017-07-26,16.9,32.2000000000001,87.0,118.0,7,0
2017-07-27,4.1,29.6000000000001,89.6,114.10000000000001,7,0
2017-07-28,19.3,40.3000000000001,69.1,130.8,7,0
2017-07-29,55.9,79.3000000000001,117.0,179.6,7,0
2017-07-30,106.1,181.3000000000001,217.6,284.4,7,0
2017-07-31,1.9,163.9000000000001,212.8,282.99999999999994,7,0
2017-08-01,18.4,126.40000000000009,222.59999999999997,300.2,8,0
2017-08-02,21.6,41.9000000000001,227.3,314.29999999999995,8,0
2017-08-03,63.7,103.7000000000001,286.9,376.5,8,0
2017-08-04,15.0,100.3000000000001,282.59999999999997,351.7,8,0
2017-08-05,21.5,100.2000000000001,248.2,365.2,8,0
2017-08-06,2.7,39.2000000000001,144.8,362.4,8,0
2017-08-07,62.2,86.4000000000001,205.1,417.9,8,0
2017-08-08,12.0,76.9000000000001,198.7,421.3,8,0
2017-08-09,36.8,111.0000000000001,213.9,441.2,8,0
2017-08-10,33.4,82.2000000000001,183.60000000000002,470.5,8,0
2017-08-11,64.8,135.00000000000009,233.4,516.0,8,1
2017-08-12,50.0,148.2000000000001,261.9,510.09999999999997,8,0
2017-08-13,104.1,218.9000000000001,363.3,508.1,8,0
2017-08-14,1.9,156.00000000000009,302.99999999999994,508.1,8,0
2017-08-15,4.3,110.3000000000001,295.29999999999995,494.0,8,0
2017-08-16,16.6,22.8000000000001,275.1,489.0,8,0
2017-08-17,12.3,33.2000000000001,253.99999999999997,437.59999999999997,8,0
2017-08-18,1.1,30.000000000000103,190.29999999999998,423.7,8,0
2017-08-19,18.7,32.1000000000001,159.0,420.9,8,0
2017-08-20,4.1,23.900000000000098,59.0,422.3,8,0
2017-08-21,15.1,37.9000000000001,72.2,375.2,8,0
2017-08-22,42.5,61.7000000000001,110.4,405.7,8,0
2017-08-23,22.0,79.60000000000011,115.8,390.9,8,0
2017-08-24,11.3,75.80000000000011,114.8,368.8,8,0
2017-08-25,15.1,48.400000000000105,128.8,319.1,8,0
2017-08-26,5.0,31.400000000000105,115.10000000000001,274.1,8,0
2017-08-27,5.7,25.800000000000107,116.69999999999999,175.7,8,0
2017-08-28,17.6,28.30000000000011,119.2,191.4,8,0
2017-08-29,6.7,30.00000000000011,83.4,193.8,8,0
2017-08-30,59.9,84.2000000000001,121.30000000000001,237.1,8,0
2017-08-31,23.4,90.00000000000011,133.4,248.20000000000002,8,0
2017-09-01,45.2,128.5000000000001,163.5,292.3,9,0
2017-09-02,56.2,124.80000000000011,214.7,329.8,9,0
2017-09-03,58.6,160.0000000000001,267.6,384.3,9,0
2017-09-04,0.3,115.10000000000011,250.29999999999998,369.5,9,0
2017-09-05,2.3,61.20000000000011,245.9,329.3,9,0
2017-09-06,4.1,6.700000000000106,190.1,311.4,9,0
2017-09-07,9.0,15.400000000000105,175.7,309.1,9,0
2017-09-08,10.1,23.200000000000102,140.6,304.1,9,0
2017-09-09,3.8,22.900000000000105,88.2,302.90000000000003,9,0
2017-09-10,22.2,36.10000000000011,51.8,319.40000000000003,9,0
2017-09-11,21.5,47.5000000000001,73.0,323.3,9,0
2017-09-12,3.5,47.2000000000001,74.2,320.1,9,0
2017-09-13,35.2,60.2000000000001,105.3,295.40000000000003,9,0
2017-09-14,17.9,56.6000000000001,114.19999999999999,289.9,9,0
2017-09-15,11.9,65.0000000000001,116.0,256.6,9,0
2017-09-16,1.7,31.5000000000001,113.9,202.1,9,0
2017-09-17,0.0,13.6000000000001,91.7,143.5,9,0
2017-09-18,3.9,5.600000000000099,74.1,147.1,9,0
2017-09-19,0.3,4.200000000000099,70.9,145.1,9,0
2017-09-20,5.2,9.400000000000098,40.9,146.20000000000002,9,0
2017-09-21,27.5,33.0000000000001,50.5,164.70000000000002,9,0
2017-09-22,17.4,50.1000000000001,56.0,172.0,9,0
2017-09-23,5.0,49.9000000000001,59.3,173.2,9,0
2017-09-24,15.5,37.9000000000001,74.8,166.5,9,0
2017-09-25,4.7,25.2000000000001,75.60000000000001,149.70000000000002,9,0
2017-09-26,6.4,26.6000000000001,81.69999999999999,152.6,9,0
2017-09-27,15.0,26.1000000000001,91.5,132.4,9,0
2017-09-28,1.5,22.9000000000001,65.5,116.0,9,0
2017-09-29,32.9,49.4000000000001,81.0,137.0,9,0
2017-09-30,22.7,57.100000000000094,98.7,158.0,9,0
2017-10-01,5.1,60.700000000000095,88.3,163.10000000000002,10,0
2017-10-02,10.8,38.6000000000001,94.39999999999999,170.0,10,0
2017-10-03,0.5,16.400000000000098,88.5,170.2,10,0
2017-10-04,0.4,11.7000000000001,73.9,165.4,10,0
2017-10-05,0.0,0.9000000000000995,72.4,137.9,10,0
2017-10-06,0.3,0.7000000000000994,39.8,120.8,10,0
2017-10-07,5.2,5.5000000000000995,22.3,121.0,10,0
2017-10-08,24.1,29.6000000000001,41.300000000000004,129.6,10,0
2017-10-09,4.1,33.4000000000001,34.6,129.0,10,0
2017-10-10,18.0,46.2000000000001,52.1,140.60000000000002,10,0
2017-10-11,1.1,23.2000000000001,52.800000000000004,126.7,10,0
2017-10-12,9.2,28.300000000000097,62.0,134.4,10,0
2017-10-13,1.8,12.1000000000001,63.50000000000001,103.3,10,0
2017-10-14,3.9,14.900000000000098,62.2,84.5,10,0
2017-10-15,4.1,9.8000000000001,42.2,83.5,10,0
2017-10-16,5.0,13.0000000000001,43.1,77.7,10,0
2017-10-17,0.0,9.100000000000101,25.099999999999998,77.2,10,0
2017-10-18,0.0,5.0000000000000995,23.999999999999996,76.8,10,0
2017-10-19,0.0,0.0,14.8,76.8,10,0
2017-10-20,9.2,9.200000000000099,22.2,85.7,10,0
2017-10-21,30.9,40.100000000000094,49.2,111.4,10,0
2017-10-22,24.8,64.90000000000009,69.9,112.10000000000001,10,0
2017-10-23,19.3,75.0000000000001,84.2,127.3,10,0
2017-10-24,5.0,49.10000000000011,89.2,114.3,10,0
2017-10-25,6.2,30.5000000000001,95.4,119.4,10,0
2017-10-26,0.0,11.200000000000099,95.4,110.2,10,0
2017-10-27,2.3,8.5000000000001,88.5,110.7,10,0
2017-10-28,5.3,7.600000000000099,62.900000000000006,112.1,10,0
2017-10-29,1.6,9.200000000000099,39.7,109.60000000000001,10,0
2017-10-30,0.0,6.9000000000001,20.4,104.60000000000001,10,0
2017-10-31,1.5,3.1000000000000996,16.9,106.10000000000001,10,0
2017-11-01,1.2,2.7000000000000997,11.9,107.3,11,0
2017-11-02,0.5,3.2000000000000997,12.399999999999999,107.8,11,0
2017-11-03,0.0,1.7000000000000994,10.1,98.6,11,0
2017-11-04,0.0,0.5000000000000995,4.8,67.69999999999999,11,0
2017-11-05,0.4,0.4000000000000995,3.6,43.3,11,0
2017-11-06,0.0,0.4000000000000995,3.6,24.0,11,0
2017-11-07,0.0,0.4000000000000995,2.1,19.0,11,0
2017-11-08,0.1,0.10000000000009948,1.0,12.9,11,0
2017-11-09,0.5,0.6000000000000995,1.0,13.399999999999999,11,0
2017-11-10,0.0,0.6000000000000995,1.0,11.1,11,0
2017-11-11,0.4,0.9000000000000995,1.4,6.2,11,0
2017-11-12,0.1,0.5000000000000995,1.1,4.699999999999999,11,0
2017-11-13,0.3,0.8000000000000995,1.4,5.0,11,0
2017-11-14,0.1,0.5000000000000995,1.5,3.6,11,0
2017-11-15,0.0,0.4000000000000995,1.4,2.4000000000000004,11,0
2017-11-16,1.4,1.5000000000000995,2.3,3.3,11,0
2017-11-17,0.1,1.5000000000000995,2.4,3.4,11,0
2017-11-18,0.4,1.9000000000000994,2.4,3.8,11,0
2017-11-19,7.4,7.9000000000001,9.7,10.8,11,0
2017-11-20,5.7,13.5000000000001,15.1,16.5,11,0
2017-11-21,0.5,13.600000000000101,15.5,17.0,11,0
2017-11-22,10.6,16.800000000000097,26.1,27.5,11,0
2017-11-23,0.6,11.700000000000099,25.3,27.6,11,0
2017-11-24,0.0,11.200000000000099,25.2,27.6,11,0
2017-11-25,0.6,1.2000000000000977,25.400000000000002,27.8,11,0
2017-11-26,1.4,2.0000000000000977,19.4,29.1,11,0
2017-11-27,6.2,8.200000000000099,19.9,35.0,11,0
2017-11-28,5.0,12.600000000000097,24.4,39.9,11,0
2017-11-29,2.2,13.400000000000098,16.0,42.1,11,0
2017-11-30,0.4,7.600000000000098,15.8,41.1,11,0
2017-12-01,1.2,3.800000000000098,17.0,42.2,12,0
2017-12-02,0.1,1.7000000000000979,16.5,41.900000000000006,12,0
2017-12-03,0.1,1.4000000000000978,15.200000000000001,34.599999999999994,12,0
2017-12-04,0.3,0.5000000000000977,9.299999999999999,29.200000000000003,12,0
2017-12-05,0.2,0.6000000000000978,4.5,28.900000000000002,12,0
2017-12-06,3.5,4.000000000000098,5.800000000000001,21.8,12,0
2017-12-07,0.1,3.800000000000098,5.5,21.299999999999997,12,0
2017-12-08,1.9,5.500000000000098,6.200000000000001,23.2,12,0
2017-12-09,0.0,2.0000000000000977,6.1,22.6,12,0
2017-12-10,0.0,1.9000000000000976,6.0,21.2,12,0
2017-12-11,3.9,3.9000000000000976,9.6,18.9,12,0
2017-12-12,6.9,10.800000000000098,16.3,20.8,12,0
2017-12-13,1.0,11.800000000000098,13.8,19.6,12,0
2017-12-14,1.5,9.400000000000098,15.200000000000001,20.700000000000003,12,0
2017-12-15,0.0,2.5000000000000977,13.3,19.5,12,0
2017-12-16,0.0,1.5000000000000977,13.3,19.400000000000002,12,0
2017-12-17,0.2,0.2000000000000977,13.5,19.5,12,0
2017-12-18,0.0,0.2000000000000977,9.6,19.2,12,0
2017-12-19,0.0,0.2000000000000977,2.7,19.0,12,0
2017-12-20,0.0,0.0,1.7,15.5,12,0
2017-12-21,0.2,0.2000000000000977,0.4,15.6,12,0
2017-12-22,0.3,0.5000000000000977,0.7,14.0,12,0
2017-12-23,0.0,0.5000000000000977,0.7,14.0,12,0
2017-12-24,1.8,2.100000000000098,2.3,15.8,12,0
2017-12-25,1.9,3.700000000000098,4.2,13.8,12,0
2017-12-26,0.0,3.700000000000098,4.2,6.9,12,0
2017-12-27,0.0,1.9000000000000976,4.2,5.9,12,0
2017-12-28,0.0,0.0,4.0,4.4,12,0
2017-12-29,0.0,0.0,3.7,4.4,12,0
2017-12-30,0.0,0.0,3.7,4.4,12,0
2017-12-31,0.0,0.0,1.9,4.199999999999999,12,0
2018-01-01,0.0,0.0,0.0,4.199999999999999,1,0
2018-01-02,0.7,0.7000000000000977,0.7,4.8999999999999995,1,0
2018-01-03,0.0,0.7000000000000977,0.7,4.8999999999999995,1,0
2018-01-04,0.0,0.7000000000000977,0.7,4.699999999999999,1,0
2018-01-05,2.5,2.5000000000000977,3.2,6.8999999999999995,1,0
2018-01-06,0.0,2.5000000000000977,3.2,6.8999999999999995,1,0
2018-01-07,0.0,2.5000000000000977,3.2,5.1,1,0
2018-01-08,0.0,0.0,3.2,3.1999999999999997,1,0
2018-01-09,0.0,0.0,2.5,3.1999999999999997,1,0
2018-01-10,0.0,0.0,2.5,3.1999999999999997,1,0
2018-01-11,0.0,0.0,2.5,3.1999999999999997,1,0
2018-01-12,0.2,0.2000000000000977,0.2,3.4,1,0
2018-01-13,1.3,1.5000000000000977,1.5,4.699999999999999,1,0
2018-01-14,6.0,7.500000000000098,7.5,10.7,1,0
2018-01-15,0.9,8.200000000000097,8.4,11.6,1,0
2018-01-16,0.1,7.000000000000098,8.5,11.0,1,0
2018-01-17,0.0,1.0000000000000977,8.5,11.0,1,0
2018-01-18,0.0,0.1000000000000977,8.5,11.0,1,0
2018-01-19,0.2,0.2000000000000977,8.5,8.7,1,0
2018-01-20,0.4,0.6000000000000978,7.6,9.1,1,0
2018-01-21,7.0,7.600000000000097,8.6,16.099999999999998,1,0
2018-01-22,0.4,7.8000000000000975,8.1,16.499999999999996,1,0
2018-01-23,2.4,9.800000000000097,10.399999999999999,18.9,1,0
2018-01-24,11.3,14.100000000000097,21.7,30.2,1,0
2018-01-25,0.1,13.800000000000097,21.8,30.3,1,0
2018-01-26,0.3,11.700000000000099,21.9,30.4,1,0
2018-01-27,4.8,5.200000000000098,26.299999999999997,33.9,1,0
2018-01-28,0.5,5.600000000000098,19.799999999999997,28.4,1,0
2018-01-29,1.7,7.000000000000098,21.099999999999998,29.2,1,0
2018-01-30,0.0,2.200000000000098,18.7,29.099999999999998,1,0
2018-01-31,1.3,3.0000000000000977,8.7,30.4,1,0
2018-02-01,3.9,5.200000000000098,12.5,34.3,2,0
2018-02-02,5.1,10.300000000000097,17.299999999999997,39.2,2,0
2018-02-03,19.0,28.000000000000096,31.499999999999996,57.8,2,0
2018-02-04,0.6,24.7000000000001,31.599999999999998,51.4,2,0
2018-02-05,0.0,19.600000000000097,29.9,51.0,2,0
2018-02-06,0.0,0.6000000000000959,29.9,48.6,2,0
2018-02-07,7.8,7.800000000000096,36.4,45.099999999999994,2,0
2018-02-08,0.3,8.100000000000096,32.8,45.300000000000004,2,0
2018-02-09,5.0,13.100000000000096,32.699999999999996,50.0,2,0
2018-02-10,0.4,5.700000000000096,14.099999999999996,45.6,2,0
2018-02-11,1.5,6.900000000000096,14.999999999999996,46.6,2,0
2018-02-12,5.5,7.400000000000096,20.499999999999996,50.4,2,0
2018-02-13,38.6,45.600000000000094,59.099999999999994,89.0,2,0
2018-02-14,3.9,48.0000000000001,55.2,91.60000000000001,2,0
2018-02-15,0.0,42.5000000000001,54.9,87.7,2,0
2018-02-16,5.0,8.9000000000001,54.9,87.60000000000001,2,0
2018-02-17,26.3,31.3000000000001,80.80000000000001,94.9,2,0
2018-02-18,5.5,36.8000000000001,84.80000000000001,99.80000000000001,2,0
2018-02-19,5.7,37.5000000000001,85.0,105.50000000000001,2,0
2018-02-20,1.1,12.3000000000001,47.5,106.60000000000001,2,0
2018-02-21,2.5,9.3000000000001,46.1,101.3,2,0
2018-02-22,11.8,15.400000000000102,57.900000000000006,112.80000000000001,2,0
2018-02-23,2.3,16.6000000000001,55.2,110.10000000000001,2,0
2018-02-24,3.7,17.800000000000104,32.6,113.4,2,0
2018-02-25,7.2,13.200000000000102,34.300000000000004,119.10000000000001,2,0
2018-02-26,0.5,11.400000000000102,29.1,114.10000000000001,2,0
2018-02-27,6.3,14.000000000000101,34.3,81.80000000000001,2,0
2018-02-28,12.3,19.1000000000001,44.1,90.2,2,0
2018-03-01,3.7,22.3000000000001,36.0,93.9,3,0
2018-03-02,1.0,17.0000000000001,34.7,89.9,3,0
2018-03-03,0.5,5.2000000000001,31.5,64.10000000000001,3,0
2018-03-04,13.1,14.6000000000001,37.400000000000006,71.7,3,0
2018-03-05,22.8,36.4000000000001,59.7,88.8,3,0
2018-03-06,1.0,36.900000000000105,54.400000000000006,88.7,3,0
2018-03-07,0.0,23.8000000000001,42.1,86.2,3,0
2018-03-08,15.2,16.200000000000102,53.599999999999994,89.60000000000001,3,0
2018-03-09,4.5,19.700000000000102,57.099999999999994,91.8,3,0
2018-03-10,2.7,22.4000000000001,59.3,90.8,3,0
2018-03-11,3.0,10.200000000000102,49.2,86.60000000000001,3,0
2018-03-12,4.8,10.500000000000103,31.2,90.9,3,0
2018-03-13,4.7,12.500000000000103,34.9,89.3,3,0
2018-03-14,2.2,11.700000000000102,37.1,79.2,3,0
2018-03-15,25.7,32.6000000000001,47.599999999999994,101.19999999999999,3,0
2018-03-16,6.6,34.5000000000001,49.699999999999996,106.8,3,0
2018-03-17,2.5,34.8000000000001,49.49999999999999,108.8,3,0
2018-03-18,4.8,13.900000000000102,51.3,100.5,3,0
2018-03-19,0.0,7.300000000000103,46.5,77.7,3,0
2018-03-20,0.1,4.9000000000001025,41.89999999999999,76.8,3,0
2018-03-21,3.4,3.500000000000103,43.1,80.2,3,0
2018-03-22,4.1,7.600000000000103,21.499999999999996,69.1,3,0
2018-03-23,2.1,9.600000000000103,16.999999999999996,66.7,3,0
2018-03-24,0.0,6.200000000000102,14.499999999999996,64.0,3,0
2018-03-25,5.0,7.100000000000103,14.699999999999996,66.0,3,0
2018-03-26,1.0,6.000000000000103,15.699999999999996,62.2,3,0
2018-03-27,0.0,6.000000000000103,15.599999999999996,57.5,3,0
2018-03-28,4.4,5.400000000000103,16.599999999999994,59.7,3,0
2018-03-29,3.6,8.000000000000103,16.099999999999998,37.6,3,0
2018-03-30,9.1,17.1000000000001,23.099999999999994,40.099999999999994,3,0
2018-03-31,0.0,12.700000000000102,23.099999999999994,37.599999999999994,3,0
2018-04-01,1.2,10.300000000000102,19.299999999999997,34.0,4,0
2018-04-02,0.0,1.200000000000103,18.299999999999997,34.0,4,0
2018-04-03,4.1,5.300000000000103,22.399999999999995,38.0,4,0
2018-04-04,37.3,41.4000000000001,55.29999999999999,71.9,4,0
2018-04-05,4.4,45.8000000000001,56.09999999999999,72.2,4,0
2018-04-06,3.8,45.5000000000001,50.8,73.89999999999999,4,0
2018-04-07,22.6,30.8000000000001,73.39999999999999,96.5,4,0
2018-04-08,0.3,26.7000000000001,72.49999999999999,91.8,4,0
2018-04-09,1.5,24.4000000000001,73.99999999999999,92.3,4,0
2018-04-10,1.7,3.5000000000000995,71.6,94.0,4,0
2018-04-11,19.6,22.8000000000001,53.89999999999999,109.19999999999999,4,0
2018-04-12,21.1,42.400000000000105,70.6,126.7,4,0
2018-04-13,5.1,45.8000000000001,71.9,122.7,4,0
2018-04-14,0.1,26.3000000000001,49.39999999999999,122.80000000000001,4,0
2018-04-15,0.3,5.5000000000000995,49.39999999999999,121.9,4,0
2018-04-16,0.2,0.6000000000000996,48.099999999999994,122.10000000000001,4,0
2018-04-17,5.0,5.5000000000000995,51.39999999999999,123.0,4,0
2018-04-18,5.7,10.9000000000001,37.49999999999999,91.39999999999999,4,0
2018-04-19,4.2,14.900000000000098,20.599999999999994,91.2,4,0
2018-04-20,7.9,17.8000000000001,23.39999999999999,95.30000000000001,4,0
2018-04-21,3.8,15.9000000000001,27.09999999999999,76.5,4,0
2018-04-22,0.0,11.700000000000099,26.799999999999994,76.2,4,0
2018-04-23,0.0,3.8000000000000993,26.59999999999999,74.7,4,0
2018-04-24,0.6,0.6000000000000995,22.199999999999996,73.6,4,0
2018-04-25,0.0,0.6000000000000995,16.499999999999993,54.00000000000001,4,0
2018-04-26,1.7,2.3000000000000993,13.999999999999993,34.6,4,0
2018-04-27,2.6,4.3000000000001,8.699999999999992,32.1,4,0
2018-04-28,4.6,8.9000000000001,9.499999999999993,36.6,4,0
2018-04-29,3.9,11.100000000000101,13.399999999999991,40.2,4,0
2018-04-30,12.8,21.3000000000001,26.199999999999992,52.8,4,0
2018-05-01,4.8,21.500000000000103,30.39999999999999,52.6,5,0
2018-05-02,3.5,21.1000000000001,33.89999999999999,50.4,5,0
2018-05-03,49.8,58.1000000000001,82.0,96.0,5,0
2018-05-04,13.8,67.10000000000011,93.19999999999999,101.89999999999999,5,0
2018-05-05,17.6,81.2000000000001,106.19999999999999,115.7,5,0
2018-05-06,1.0,32.400000000000105,103.29999999999998,116.7,5,0
2018-05-07,3.3,21.90000000000011,93.79999999999998,120.0,5,0
2018-05-08,11.1,15.400000000000105,100.1,130.5,5,0
2018-05-09,7.0,21.400000000000105,103.6,137.5,5,0
2018-05-10,3.9,22.000000000000103,57.699999999999996,139.7,5,0
2018-05-11,1.4,12.300000000000107,45.29999999999999,138.5,5,0
2018-05-12,17.8,23.100000000000108,45.49999999999999,151.7,5,0
2018-05-13,28.3,47.500000000000114,72.8,176.1,5,0
2018-05-14,39.5,85.60000000000011,109.0,202.8,5,0
2018-05-15,0.2,68.0000000000001,98.10000000000001,198.2,5,0
2018-05-16,3.8,43.50000000000011,94.89999999999999,198.5,5,0
2018-05-17,40.0,44.00000000000011,131.0,188.7,5,0
2018-05-18,17.7,61.5000000000001,147.29999999999998,192.6,5,0
2018-05-19,32.0,89.7000000000001,161.5,207.0,5,0
2018-05-20,10.9,60.6000000000001,144.1,216.9,5,0
2018-05-21,11.4,54.30000000000011,116.0,225.0,5,0
2018-05-22,20.1,42.400000000000105,135.9,234.0,5,0
2018-05-23,35.3,66.8000000000001,167.40000000000003,262.3,5,0
2018-05-24,19.1,74.5000000000001,146.5,277.50000000000006,5,0
2018-05-25,6.6,61.00000000000011,135.4,282.7,5,0
2018-05-26,9.0,34.70000000000011,112.4,273.9,5,0
2018-05-27,4.2,19.800000000000107,105.7,249.8,5,0
2018-05-28,0.4,13.600000000000106,94.7,210.70000000000002,5,0
2018-05-29,12.3,16.900000000000105,86.9,222.8,5,0
2018-05-30,11.5,24.20000000000011,63.1,230.5,5,0
2018-05-31,1.3,25.100000000000104,45.3,191.8,5,0
2018-06-01,2.2,15.000000000000107,40.9,176.3,6,0
2018-06-02,1.8,5.300000000000106,33.699999999999996,146.10000000000002,6,0
2018-06-03,3.2,7.200000000000107,32.7,138.4,6,0
2018-06-04,4.8,9.800000000000107,37.1,131.8,6,0
2018-06-05,1.9,9.900000000000105,26.7,113.6,6,0
2018-06-06,0.0,6.700000000000106,15.2,78.3,6,0
2018-06-07,1.3,3.2000000000001068,15.2,60.5,6,0
2018-06-08,46.0,47.300000000000104,59.0,99.9,6,0
2018-06-09,0.0,47.300000000000104,57.2,90.9,6,0
2018-06-10,8.7,54.7000000000001,62.7,95.39999999999999,6,0
2018-06-11,7.8,16.500000000000107,65.7,102.8,6,0
2018-06-12,49.7,66.2000000000001,113.5,140.20000000000002,6,0
2018-06-13,4.6,62.10000000000011,118.1,133.3,6,0
2018-06-14,92.9,147.2000000000001,209.7,224.9,6,0
2018-06-15,63.5,161.0000000000001,227.2,286.20000000000005,6,0
2018-06-16,97.1,253.5000000000001,324.3,381.5,6,0
2018-06-17,48.2,208.80000000000013,363.8,426.5,6,0
2018-06-18,2.4,147.7000000000001,358.4,424.1,6,0
2018-06-19,6.6,57.20000000000012,315.3,428.8,6,0
2018-06-20,2.0,11.000000000000114,312.7,430.8,6,0
2018-06-21,16.9,25.500000000000114,236.70000000000002,446.40000000000003,6,0
2018-06-22,3.9,22.80000000000011,177.1,404.3,6,0
2018-06-23,2.3,23.10000000000011,82.3,406.6,6,0
2018-06-24,79.0,85.20000000000012,113.1,476.90000000000003,6,0
2018-06-25,25.7,107.00000000000011,136.39999999999998,494.8,6,0
2018-06-26,9.3,114.00000000000011,139.1,454.40000000000003,6,0
2018-06-27,11.8,46.80000000000011,148.9,461.6,6,0
2018-06-28,16.3,37.40000000000012,148.29999999999998,385.0,6,0
2018-06-29,5.4,33.500000000000114,149.79999999999998,326.90000000000003,6,0
2018-06-30,29.6,51.30000000000011,177.1,259.4,6,0
2018-07-01,64.3,99.30000000000011,162.4,275.5,7,0
2018-07-02,35.9,129.8000000000001,172.60000000000002,308.99999999999994,7,0
2018-07-03,73.6,173.8000000000001,236.9,376.0,7,0
2018-07-04,41.7,151.2000000000001,266.8,415.7,7,0
2018-07-05,42.8,158.10000000000008,293.3,441.59999999999997,7,1
2018-07-06,1.3,85.80000000000008,289.2,439.0,7,0
2018-07-07,9.2,53.30000000000008,268.8,445.9,7,0
2018-07-08,70.3,80.80000000000008,274.8,437.2,7,0
2018-07-09,114.1,193.60000000000008,353.0,525.6,7,0
2018-07-10,34.1,218.50000000000009,313.49999999999994,550.4,7,0
2018-07-11,53.7,201.9000000000001,325.5,592.3,7,0
2018-07-12,82.1,169.9000000000001,364.8,658.1,7,0
2018-07-13,28.0,163.8000000000001,391.5,680.7,7,0
2018-07-14,38.6,148.70000000000007,420.9,689.7,7,0
2018-07-15,19.1,85.70000000000009,369.7,644.5,7,0
2018-07-16,8.1,65.80000000000008,263.7,616.6999999999999,7,0
2018-07-17,2.6,29.800000000000086,232.2,545.6999999999999,7,0
2018-07-18,39.6,50.30000000000008,218.1,543.6,7,0
2018-07-19,0.7,42.90000000000009,136.70000000000002,501.5,7,0
2018-07-20,0.4,40.70000000000009,109.10000000000001,500.59999999999997,7,0
2018-07-21,12.7,13.800000000000084,83.2,504.09999999999997,7,0
2018-07-22,3.3,16.400000000000084,67.4,437.09999999999997,7,0
2018-07-23,10.6,26.600000000000083,69.9,333.6,7,0
2018-07-24,10.6,24.500000000000085,77.9,310.09999999999997,7,0
2018-07-25,34.0,55.20000000000009,72.3,290.4,7,0
2018-07-26,40.5,85.1000000000001,112.1,248.8,7,0
2018-07-27,4.5,79.00000000000009,116.2,225.3,7,0
2018-07-28,1.4,46.40000000000009,104.9,188.10000000000002,7,0
2018-07-29,13.6,19.500000000000092,115.2,182.6,7,0
2018-07-30,59.3,74.3000000000001,163.89999999999998,233.79999999999998,7,0
2018-07-31,13.7,86.60000000000008,167.0,244.9,7,0
2018-08-01,18.4,91.40000000000009,151.4,223.7,8,0
2018-08-02,41.0,73.1000000000001,151.89999999999998,264.0,8,0
2018-08-03,7.6,67.00000000000009,155.0,271.2,8,0
2018-08-04,17.5,66.10000000000011,171.1,276.0,8,0
2018-08-05,135.9,161.0000000000001,293.4,408.6,8,0
2018-08-06,12.1,165.5000000000001,246.2,410.1,8,0
2018-08-07,4.5,152.5000000000001,237.0,404.00000000000006,8,0
2018-08-08,12.9,29.500000000000114,231.5,382.90000000000003,8,0
2018-08-09,22.9,40.30000000000011,213.4,365.3,8,0
2018-08-10,57.3,93.10000000000011,263.1,418.1,8,0
2018-08-11,62.2,142.4000000000001,307.8,478.9,8,0
2018-08-12,8.3,127.80000000000011,180.2,473.6,8,0
2018-08-13,47.5,118.00000000000011,215.60000000000002,461.8,8,0
2018-08-14,6.0,61.80000000000011,217.10000000000002,454.1,8,0
2018-08-15,2.6,56.100000000000115,206.8,438.3,8,0
2018-08-16,4.9,13.500000000000114,188.8,402.2,8,0
2018-08-17,3.1,10.600000000000113,134.60000000000002,397.70000000000005,8,0
2018-08-18,16.0,24.000000000000114,88.39999999999999,396.20000000000005,8,0
2018-08-19,0.8,19.900000000000116,80.9,261.1,8,0
2018-08-20,2.7,19.500000000000114,36.1,251.70000000000002,8,0
2018-08-21,10.4,13.900000000000114,40.5,257.6,8,0
2018-08-22,11.1,24.200000000000113,49.0,255.8,8,0
2018-08-23,3.8,25.300000000000114,47.9,236.7,8,0
2018-08-24,19.2,34.100000000000115,64.0,198.60000000000002,8,0
2018-08-25,47.1,70.10000000000011,95.1,183.5,8,0
2018-08-26,3.0,69.30000000000011,97.3,178.20000000000002,8,0
2018-08-27,1.1,51.20000000000011,95.69999999999999,131.79999999999998,8,0
2018-08-28,32.3,36.40000000000011,117.6,158.1,8,0
2018-08-29,11.8,45.20000000000012,118.3,167.3,8,0
2018-08-30,19.5,63.60000000000011,134.0,181.9,8,0
2018-08-31,64.6,95.9000000000001,179.39999999999998,243.4,8,0
2018-09-01,1.1,85.2000000000001,133.4,228.5,9,0
2018-09-02,15.9,81.60000000000011,146.3,243.6,9,0
2018-09-03,11.1,28.100000000000115,156.3,252.0,9,0
2018-09-04,6.3,33.30000000000011,130.29999999999998,247.9,9,0
2018-09-05,9.9,27.300000000000114,128.4,246.70000000000002,9,0
2018-09-06,2.3,18.500000000000117,111.19999999999999,245.2,9,0
2018-09-07,4.0,16.200000000000117,50.6,230.0,9,0
2018-09-08,12.3,18.600000000000115,61.8,195.2,9,0
2018-09-09,9.5,25.800000000000114,55.400000000000006,201.7,9,0
2018-09-10,92.3,114.10000000000011,136.6,292.9,9,0
2018-09-11,58.0,159.80000000000013,188.3,318.59999999999997,9,0
2018-09-12,11.7,162.0000000000001,190.10000000000002,318.5,9,0
2018-09-13,10.6,80.30000000000011,198.4,309.6,9,0
2018-09-14,17.6,39.90000000000011,212.0,262.6,9,0
2018-09-15,0.7,28.900000000000112,200.4,262.2,9,0
2018-09-16,3.6,21.900000000000112,194.5,249.9,9,0
2018-09-17,0.4,4.70000000000011,102.60000000000001,239.20000000000002,9,0
2018-09-18,1.8,5.80000000000011,46.40000000000001,234.7,9,0
2018-09-19,5.3,7.50000000000011,40.000000000000014,230.1,9,0
2018-09-20,1.7,8.800000000000109,31.100000000000016,229.5,9,0
2018-09-21,11.2,18.20000000000011,24.700000000000014,236.70000000000002,9,0
2018-09-22,1.1,14.000000000000108,25.100000000000016,225.5,9,0
2018-09-23,3.0,15.300000000000109,24.500000000000014,219.0,9,0
2018-09-24,21.6,25.70000000000011,45.70000000000002,148.3,9,0
2018-09-25,11.0,35.60000000000011,54.90000000000002,101.3,9,0
2018-09-26,4.0,36.60000000000011,53.600000000000016,93.6,9,0
2018-09-27,2.2,17.200000000000106,54.10000000000002,85.2,9,0
2018-09-28,0.8,7.000000000000107,43.70000000000002,68.39999999999999,9,0
2018-09-29,3.2,6.200000000000107,45.80000000000002,70.9,9,0
2018-09-30,18.9,22.900000000000105,61.70000000000002,86.19999999999999,9,0
2018-10-01,4.2,26.300000000000104,44.30000000000001,90.0,10,0
2018-10-02,43.5,66.60000000000011,76.80000000000001,131.7,10,0
2018-10-03,20.3,68.00000000000011,93.10000000000001,146.7,10,0
2018-10-04,2.7,66.50000000000011,93.60000000000001,147.70000000000002,10,0
2018-10-05,13.2,36.2000000000001,106.00000000000001,149.7,10,0
2018-10-06,9.9,25.800000000000104,112.7,158.5,10,0
2018-10-07,6.4,29.500000000000107,100.20000000000002,161.9,10,0
2018-10-08,0.4,16.700000000000106,96.40000000000002,140.70000000000002,10,0
2018-10-09,2.4,9.200000000000106,55.30000000000001,132.1,10,0
2018-10-10,4.5,7.300000000000106,39.500000000000014,132.6,10,0
2018-10-11,2.3,9.200000000000106,39.100000000000016,132.7,10,0
2018-10-12,23.1,29.90000000000011,49.000000000000014,155.0,10,0
2018-10-13,13.3,38.70000000000011,52.40000000000002,165.1,10,0
2018-10-14,1.9,38.30000000000011,47.90000000000001,148.10000000000002,10,0
2018-10-15,9.3,24.500000000000107,56.80000000000002,153.2,10,0
2018-10-16,36.6,47.80000000000011,91.00000000000003,146.3,10,0
2018-10-17,35.8,81.7000000000001,122.30000000000001,161.8,10,0
2018-10-18,14.5,86.9000000000001,134.50000000000003,173.60000000000002,10,0
2018-10-19,22.4,72.7000000000001,133.8,182.79999999999998,10,0
2018-10-20,4.4,41.3000000000001,124.90000000000002,177.3,10,0
2018-10-21,11.9,38.7000000000001,134.90000000000003,182.8,10,0
2018-10-22,11.8,28.1000000000001,137.4,194.2,10,0
2018-10-23,0.0,23.700000000000102,100.80000000000001,191.8,10,0
2018-10-24,0.0,11.8000000000001,65.00000000000003,187.3,10,0
2018-10-25,5.0,5.0000000000000995,55.50000000000002,190.0,10,0
2018-10-26,0.9,5.9000000000001,34.00000000000002,167.79999999999998,10,0
2018-10-27,0.0,5.9000000000001,29.600000000000023,154.5,10,0
2018-10-28,0.0,0.9000000000000995,17.70000000000002,152.6,10,0
2018-10-29,0.0,0.0,5.900000000000022,143.29999999999998,10,0
2018-10-30,0.0,0.0,5.900000000000022,106.7,10,0
2018-10-31,0.0,0.0,5.900000000000022,70.9,10,0
2018-11-01,0.0,0.0,0.9000000000000213,56.4,11,0
2018-11-02,1.2,1.2000000000000994,1.2000000000000213,35.2,11,0
2018-11-03,0.3,1.5000000000000995,1.5000000000000213,31.1,11,0
2018-11-04,8.0,9.5000000000001,9.500000000000021,27.200000000000003,11,0
2018-11-05,1.6,9.9000000000001,11.100000000000021,17.0,11,0
2018-11-06,0.0,9.6000000000001,11.100000000000021,17.0,11,0
2018-11-07,0.0,1.6000000000000996,11.100000000000021,17.0,11,0
2018-11-08,0.0,0.0,11.100000000000021,12.0,11,0
2018-11-09,0.0,0.0,9.900000000000022,11.1,11,0
2018-11-10,2.0,2.0000000000000995,11.600000000000021,13.1,11,0
2018-11-11,1.2,3.2000000000000997,4.800000000000021,14.3,11,0
2018-11-12,10.3,13.5000000000001,13.500000000000021,24.6,11,0
2018-11-13,29.6,41.1000000000001,43.10000000000002,54.2,11,0
2018-11-14,19.6,59.5000000000001,62.700000000000024,73.80000000000001,11,0
2018-11-15,6.5,55.7000000000001,69.20000000000002,80.30000000000001,11,0
2018-11-16,0.2,26.3000000000001,69.40000000000002,79.3,11,0
2018-11-17,1.3,8.0000000000001,68.70000000000002,80.30000000000001,11,0
2018-11-18,2.1,3.6000000000000996,69.60000000000002,74.4,11,0
2018-11-19,5.6,9.0000000000001,64.90000000000002,78.4,11,0
2018-11-20,4.7,12.4000000000001,40.00000000000002,83.10000000000001,11,0
2018-11-21,2.1,12.4000000000001,22.50000000000002,85.2,11,0
2018-11-22,3.6,10.400000000000102,19.600000000000023,88.80000000000001,11,0
2018-11-23,0.4,6.100000000000101,19.800000000000022,89.2,11,0
2018-11-24,0.0,4.000000000000101,18.50000000000002,87.2,11,0
2018-11-25,0.0,0.4000000000001004,16.40000000000002,86.0,11,0
2018-11-26,0.0,0.0,10.800000000000022,75.69999999999999,11,0
2018-11-27,0.0,0.0,6.100000000000022,46.1,11,0
2018-11-28,0.0,0.0,4.000000000000021,26.5,11,0
2018-11-29,0.6,0.6000000000001003,1.0000000000000213,20.6,11,0
2018-11-30,11.1,11.7000000000001,11.70000000000002,31.5,11,0
2018-12-01,5.5,17.200000000000102,17.20000000000002,35.7,12,0
2018-12-02,5.0,21.6000000000001,22.20000000000002,38.599999999999994,12,0
2018-12-03,4.0,14.500000000000101,26.20000000000002,37.0,12,0
2018-12-04,7.6,16.6000000000001,33.80000000000002,39.9,12,0
2018-12-05,6.3,17.9000000000001,40.10000000000002,44.1,12,0
2018-12-06,34.7,48.60000000000011,74.20000000000002,75.2,12,0
2018-12-07,15.8,56.80000000000011,78.90000000000003,90.60000000000001,12,0
2018-12-08,0.0,50.500000000000114,73.40000000000003,90.60000000000001,12,0
2018-12-09,0.6,16.40000000000011,69.00000000000003,91.20000000000002,12,0
2018-12-10,2.7,3.300000000000107,67.70000000000003,93.9,12,0
2018-12-11,0.0,3.300000000000107,60.10000000000003,93.9,12,0
2018-12-12,0.2,2.900000000000107,54.00000000000003,94.10000000000001,12,0
2018-12-13,10.1,10.300000000000107,29.40000000000002,103.60000000000001,12,0
2018-12-14,4.0,14.300000000000106,17.600000000000023,96.50000000000001,12,0
2018-12-15,0.0,14.100000000000106,17.600000000000023,91.00000000000001,12,0
2018-12-16,0.0,4.000000000000107,17.00000000000002,86.00000000000001,12,0
2018-12-17,0.0,0.0,14.30000000000002,82.00000000000001,12,0
2018-12-18,0.1,0.10000000000010659,14.40000000000002,74.5,12,0
2018-12-19,0.0,0.10000000000010659,14.20000000000002,68.2,12,0
2018-12-20,0.0,0.10000000000010659,4.100000000000021,33.5,12,0
2018-12-21,1.9,1.9000000000001065,2.0000000000000213,19.6,12,0
2018-12-22,1.8,3.7000000000001068,3.800000000000021,21.4,12,0
2018-12-23,0.0,3.7000000000001068,3.800000000000021,20.799999999999997,12,0
2018-12-24,0.3,2.1000000000001067,4.100000000000021,18.4,12,0
2018-12-25,2.9,3.2000000000001068,6.900000000000022,21.299999999999997,12,0
2018-12-26,2.6,5.800000000000106,9.500000000000021,23.7,12,0
2018-12-27,7.2,12.700000000000106,16.700000000000024,20.8,12,0
2018-12-28,4.9,14.700000000000106,19.700000000000024,21.700000000000003,12,0
2018-12-29,0.0,12.100000000000108,17.90000000000002,21.700000000000003,12,0
2018-12-30,0.0,4.900000000000107,17.90000000000002,21.700000000000003,12,0
2018-12-31,0.0,0.0,17.600000000000023,21.700000000000003,12,0
2019-01-01,0.0,0.0,14.700000000000022,21.6,1,0
2019-01-02,0.7,0.7000000000001065,12.800000000000022,22.3,1,0
2019-01-03,2.5,3.2000000000001068,8.100000000000023,24.8,1,0
2019-01-04,0.0,3.2000000000001068,3.2000000000000215,22.900000000000002,1,0
2019-01-05,3.4,5.900000000000107,6.600000000000021,24.5,1,0
2019-01-06,1.3,4.700000000000107,7.900000000000022,25.8,1,0
2019-01-07,2.8,7.500000000000107,10.70000000000002,28.3,1,0
2019-01-08,0.0,4.100000000000106,10.70000000000002,25.400000000000002,1,0
2019-01-09,0.0,2.8000000000001064,10.000000000000021,22.8,1,0
2019-01-10,0.1,0.10000000000010659,7.600000000000021,15.700000000000001,1,0
2019-01-11,0.8,0.9000000000001066,8.400000000000022,11.6,1,0
2019-01-12,2.5,3.4000000000001065,7.500000000000021,14.1,1,0
2019-01-13,4.1,7.400000000000106,10.300000000000022,18.2,1,0
2019-01-14,2.6,9.200000000000106,10.100000000000021,20.8,1,0
2019-01-15,0.0,6.700000000000106,10.100000000000021,20.8,1,0
2019-01-16,0.0,2.6000000000001067,10.100000000000021,20.1,1,0
2019-01-17,0.4,0.4000000000001066,10.400000000000022,18.0,1,0
2019-01-18,0.0,0.4000000000001066,9.600000000000021,18.0,1,0
2019-01-19,0.3,0.7000000000001065,7.400000000000021,14.9,1,0
2019-01-20,0.9,1.2000000000001068,4.2000000000000215,14.5,1,0
2019-01-21,0.0,1.2000000000001068,1.6000000000000214,11.7,1,0
2019-01-22,3.4,4.300000000000106,5.000000000000021,15.099999999999998,1,0
2019-01-23,4.7,8.100000000000108,9.70000000000002,19.799999999999997,1,0
2019-01-24,1.6,9.700000000000108,10.900000000000022,21.3,1,0
2019-01-25,19.2,25.500000000000107,30.100000000000023,39.7,1,0
2019-01-26,33.1,53.900000000000105,62.90000000000002,70.3,1,0
2019-01-27,7.5,59.80000000000011,69.50000000000003,73.7,1,0
2019-01-28,1.9,42.50000000000011,71.40000000000002,73.0,1,0
2019-01-29,0.0,9.400000000000114,68.00000000000001,73.0,1,0
2019-01-30,0.0,1.9000000000001136,63.30000000000002,73.0,1,0
2019-01-31,0.4,0.4000000000001137,62.100000000000016,73.0,1,0
2019-02-01,0.0,0.4000000000001137,42.90000000000002,73.0,2,0
2019-02-02,0.1,0.5000000000001137,9.900000000000022,72.8,2,0
2019-02-03,0.1,0.2000000000001137,2.5000000000000213,72.0,2,0
2019-02-04,0.0,0.2000000000001137,0.6000000000000214,72.0,2,0
2019-02-05,1.0,1.1000000000001138,1.6000000000000214,69.6,2,0
2019-02-06,20.4,21.400000000000112,22.00000000000002,85.29999999999998,2,0
2019-02-07,31.5,52.90000000000011,53.10000000000002,115.19999999999999,2,0
2019-02-08,3.2,55.100000000000115,56.300000000000026,99.19999999999999,2,0
2019-02-09,9.8,44.500000000000114,66.00000000000003,75.9,2,0
2019-02-10,0.0,13.000000000000114,65.90000000000003,68.4,2,0
2019-02-11,2.2,12.000000000000114,68.10000000000002,68.69999999999999,2,0
2019-02-12,0.0,2.200000000000114,67.10000000000002,68.69999999999999,2,0
2019-02-13,0.0,2.200000000000114,46.700000000000024,68.69999999999999,2,0
2019-02-14,5.6,5.600000000000113,20.800000000000022,73.9,2,0
2019-02-15,3.6,9.200000000000113,21.20000000000002,77.5,2,0
2019-02-16,24.6,33.80000000000011,36.00000000000002,102.0,2,0
2019-02-17,1.8,30.000000000000114,37.80000000000002,103.7,2,0
2019-02-18,15.5,41.90000000000012,51.10000000000002,119.2,2,0
2019-02-19,15.2,32.500000000000114,66.30000000000001,133.4,2,0
2019-02-20,1.6,32.30000000000011,67.90000000000002,114.6,2,0
2019-02-21,3.8,20.60000000000011,66.10000000000002,86.89999999999999,2,0
2019-02-22,13.8,19.200000000000117,76.30000000000003,97.5,2,0
2019-02-23,1.0,18.600000000000115,52.700000000000024,88.69999999999999,2,0
2019-02-24,1.5,16.300000000000114,52.40000000000003,90.19999999999999,2,0
2019-02-25,19.0,21.500000000000114,55.90000000000002,107.0,2,0
2019-02-26,11.2,31.700000000000113,51.90000000000002,118.2,2,0
2019-02-27,39.8,70.00000000000011,90.10000000000002,158.0,2,0
2019-02-28,20.3,71.30000000000011,106.60000000000002,172.70000000000002,2,0
2019-03-01,5.1,65.20000000000012,97.90000000000002,174.2,3,0
2019-03-02,0.0,25.400000000000112,96.90000000000002,149.6,3,0
2019-03-03,16.0,21.10000000000011,111.40000000000002,163.8,3,0
2019-03-04,19.0,35.000000000000114,111.4,167.3,3,0
2019-03-05,19.0,54.000000000000114,119.20000000000002,171.1,3,0
2019-03-06,0.6,38.600000000000115,80.00000000000001,170.1,3,0
2019-03-07,13.1,32.70000000000012,72.80000000000003,179.39999999999998,3,0
2019-03-08,0.9,14.600000000000113,68.60000000000001,166.5,3,0
2019-03-09,5.1,19.100000000000115,73.70000000000002,170.6,3,0
2019-03-10,1.7,7.700000000000114,59.40000000000002,170.8,3,0
2019-03-11,4.2,11.000000000000114,44.60000000000002,156.0,3,0
2019-03-12,0.4,6.300000000000114,26.00000000000002,145.2,3,0
2019-03-13,0.0,4.600000000000114,25.40000000000002,105.39999999999999,3,0
2019-03-14,11.2,11.600000000000113,23.50000000000002,96.3,3,0
2019-03-15,13.4,24.600000000000115,36.00000000000002,104.6,3,0
2019-03-16,0.0,24.600000000000115,30.90000000000002,104.6,3,0
2019-03-17,1.9,15.300000000000114,31.100000000000023,90.49999999999999,3,0
2019-03-18,5.9,7.800000000000114,32.80000000000002,77.4,3,0
2019-03-19,13.3,21.100000000000115,45.700000000000024,71.7,3,0
2019-03-20,4.0,23.200000000000117,49.700000000000024,75.10000000000001,3,0
2019-03-21,0.3,17.600000000000115,38.800000000000026,62.3,3,0
2019-03-22,0.0,4.3000000000001135,25.40000000000002,61.4,3,0
2019-03-23,0.0,0.3000000000001137,25.40000000000002,56.3,3,0
2019-03-24,0.3,0.3000000000001137,23.800000000000022,54.900000000000006,3,0
2019-03-25,29.7,30.000000000000114,47.60000000000002,80.4,3,0
2019-03-26,19.8,49.80000000000011,54.10000000000002,99.80000000000001,3,0
2019-03-27,0.0,49.500000000000114,50.10000000000002,99.80000000000001,3,0
2019-03-28,1.2,21.000000000000114,51.00000000000002,89.80000000000001,3,0
2019-03-29,6.0,7.200000000000114,57.00000000000002,82.4,3,0
2019-03-30,20.3,27.500000000000114,77.30000000000001,102.7,3,0
2019-03-31,5.2,31.500000000000114,82.20000000000002,106.00000000000001,3,0
2019-04-01,1.9,27.400000000000116,54.40000000000002,102.0,4,0
2019-04-02,1.0,8.100000000000113,35.60000000000002,89.7,4,0
2019-04-03,0.8,3.700000000000114,36.40000000000002,86.5,4,0
2019-04-04,1.1,2.900000000000114,36.30000000000002,87.3,4,0
2019-04-05,2.8,4.700000000000114,33.10000000000002,90.1,4,0
2019-04-06,17.3,21.200000000000117,30.100000000000023,107.39999999999999,4,0
2019-04-07,10.4,30.500000000000114,35.300000000000026,117.5,4,0
2019-04-08,5.0,32.70000000000012,38.40000000000003,92.80000000000001,4,0
2019-04-09,2.1,17.50000000000011,39.50000000000003,75.1,4,0
2019-04-10,4.1,11.20000000000011,42.80000000000002,79.2,4,0
2019-04-11,10.5,16.70000000000011,52.20000000000002,88.5,4,0
2019-04-12,3.1,17.70000000000011,52.50000000000002,85.6,4,0
2019-04-13,1.7,15.30000000000011,36.90000000000002,67.0,4,0
2019-04-14,0.0,4.80000000000011,26.500000000000018,61.800000000000004,4,0
2019-04-15,0.4,2.1000000000001102,21.900000000000023,60.300000000000004,4,0
2019-04-16,7.5,7.9000000000001105,27.300000000000022,66.8,4,0
2019-04-17,10.1,18.00000000000011,33.300000000000026,76.10000000000001,4,0
2019-04-18,1.9,19.50000000000011,24.70000000000002,76.89999999999999,4,0
2019-04-19,2.5,14.50000000000011,24.10000000000002,76.6,4,0
2019-04-20,0.0,4.4000000000001105,22.40000000000002,59.300000000000004,4,0
2019-04-21,3.4,5.9000000000001105,25.800000000000022,52.3,4,0
2019-04-22,0.5,3.90000000000011,25.90000000000002,47.8,4,0
2019-04-23,1.2,5.10000000000011,19.60000000000002,46.89999999999999,4,0
2019-04-24,0.0,1.70000000000011,9.500000000000021,42.8,4,0
2019-04-25,0.0,1.20000000000011,7.600000000000021,32.3,4,0
2019-04-26,0.4,0.40000000000011016,5.50000000000002,29.599999999999998,4,0
2019-04-27,2.5,2.90000000000011,8.000000000000021,30.4,4,0
2019-04-28,2.4,5.30000000000011,7.000000000000021,32.8,4,0
2019-04-29,5.0,9.900000000000109,11.500000000000021,37.4,4,0
2019-04-30,2.3,9.70000000000011,12.600000000000023,32.199999999999996,4,0
2019-05-01,6.5,13.80000000000011,19.100000000000023,28.6,5,0
2019-05-02,1.0,9.80000000000011,20.100000000000023,27.700000000000003,5,0
2019-05-03,3.0,10.50000000000011,22.70000000000002,28.200000000000003,5,0
2019-05-04,10.4,14.40000000000011,30.60000000000002,38.6,5,0
2019-05-05,14.8,28.20000000000011,43.00000000000002,50.0,5,0
2019-05-06,0.0,25.20000000000011,38.00000000000002,49.5,5,0
2019-05-07,0.1,14.90000000000011,35.800000000000026,48.4,5,0
2019-05-08,0.0,0.10000000000011014,29.300000000000022,48.4,5,0
2019-05-09,0.0,0.10000000000011014,28.300000000000022,48.4,5,0
2019-05-10,3.6,3.6000000000001102,28.90000000000002,51.6,5,0
2019-05-11,6.1,9.70000000000011,24.600000000000023,55.2,5,0
2019-05-12,2.4,12.10000000000011,12.20000000000002,55.2,5,0
2019-05-13,8.3,16.80000000000011,20.50000000000002,58.5,5,0
2019-05-14,14.2,24.900000000000112,34.60000000000002,70.4,5,0
2019-05-15,11.9,34.40000000000011,46.50000000000002,75.8,5,0
2019-05-16,7.4,33.50000000000011,53.90000000000002,82.2,5,0
2019-05-17,3.1,22.400000000000112,53.40000000000002,82.3,5,0
2019-05-18,11.3,21.80000000000011,58.60000000000002,83.2,5,0
2019-05-19,0.2,14.60000000000011,56.40000000000002,68.6,5,0
2019-05-20,1.7,13.200000000000111,49.80000000000002,70.3,5,0
2019-05-21,2.4,4.30000000000011,38.00000000000003,72.60000000000001,5,0
2019-05-22,2.1,6.200000000000109,28.20000000000002,74.7,5,0
2019-05-23,9.7,14.20000000000011,30.50000000000002,84.4,5,0
2019-05-24,8.0,19.80000000000011,35.40000000000002,88.8,5,0
2019-05-25,10.0,27.70000000000011,34.10000000000002,92.7,5,0
2019-05-26,1.9,19.900000000000112,35.80000000000002,92.19999999999999,5,0
2019-05-27,2.5,14.40000000000011,36.60000000000002,86.39999999999999,5,0
2019-05-28,3.6,8.00000000000011,37.80000000000002,75.8,5,0
2019-05-29,0.5,6.60000000000011,36.200000000000024,64.4,5,0
2019-05-30,6.1,10.20000000000011,32.60000000000002,63.099999999999994,5,0
2019-05-31,0.5,7.10000000000011,25.100000000000023,60.5,5,0
2019-06-01,8.7,15.300000000000109,23.80000000000002,57.9,6,0
2019-06-02,1.3,10.50000000000011,23.20000000000002,59.0,6,0
2019-06-03,1.2,11.20000000000011,21.90000000000002,58.5,6,0
2019-06-04,4.8,7.30000000000011,23.10000000000002,60.9,6,0
2019-06-05,10.7,16.70000000000011,33.30000000000002,69.5,6,0
2019-06-06,32.0,47.500000000000114,59.20000000000002,91.8,6,0
2019-06-07,28.4,71.10000000000011,87.10000000000002,112.19999999999999,6,0
2019-06-08,12.1,72.50000000000011,90.50000000000001,114.3,6,0
2019-06-09,1.0,41.500000000000114,90.20000000000002,113.4,6,0
2019-06-10,1.6,14.700000000000113,90.60000000000001,112.5,6,0
2019-06-11,2.8,5.400000000000114,88.60000000000001,111.69999999999999,6,0
2019-06-12,14.1,18.500000000000114,92.00000000000001,125.3,6,0
2019-06-13,24.7,41.60000000000011,84.70000000000002,143.9,6,0
2019-06-14,16.7,55.500000000000114,73.00000000000001,160.1,6,0
2019-06-15,9.4,50.80000000000011,70.30000000000001,160.8,6,0
2019-06-16,7.1,33.20000000000012,76.40000000000002,166.6,6,0
2019-06-17,28.1,44.600000000000115,102.90000000000002,193.5,6,0
2019-06-18,32.5,67.70000000000012,132.60000000000002,221.2,6,0
2019-06-19,10.5,71.10000000000011,129.0,221.0,6,0
2019-06-20,12.6,55.600000000000115,116.90000000000002,201.60000000000002,6,0
2019-06-21,4.0,27.100000000000115,104.20000000000002,177.20000000000002,6,0
2019-06-22,22.4,39.000000000000114,117.20000000000002,187.5,6,0
2019-06-23,15.2,41.60000000000011,125.30000000000003,201.70000000000002,6,0
2019-06-24,10.0,47.60000000000011,107.20000000000002,210.1,6,0
2019-06-25,28.2,53.40000000000011,102.9,235.5,6,0
2019-06-26,92.0,130.2000000000001,184.4,313.4,6,0
2019-06-27,40.9,161.1000000000001,212.70000000000002,329.6,6,0
2019-06-28,24.9,157.8000000000001,233.60000000000002,337.79999999999995,6,0
2019-06-29,6.2,72.00000000000011,217.4,334.59999999999997,6,0
2019-06-30,13.8,44.90000000000011,216.0,341.29999999999995,6,1
2019-07-01,1.6,21.600000000000115,207.60000000000002,314.8,7,0
2019-07-02,5.1,20.500000000000114,184.5,287.4,7,0
2019-07-03,30.4,37.10000000000011,122.89999999999999,307.3,7,0
2019-07-04,19.2,54.70000000000011,101.2,313.9,7,0
2019-07-05,4.2,53.80000000000011,80.5,314.09999999999997,7,0
2019-07-06,8.1,31.500000000000114,82.39999999999999,299.8,7,0
2019-07-07,2.2,14.500000000000114,70.8,286.8,7,0
2019-07-08,11.2,21.500000000000114,80.4,288.0,7,0
2019-07-09,47.5,60.90000000000011,122.8,307.29999999999995,7,0
2019-07-10,10.9,69.60000000000011,103.30000000000001,226.2,7,0
2019-07-11,42.0,100.40000000000012,126.1,227.29999999999998,7,0
2019-07-12,62.7,115.60000000000011,184.6,265.09999999999997,7,1
2019-07-13,8.6,113.30000000000011,185.1,267.5,7,0
2019-07-14,14.1,85.40000000000012,197.0,267.8,7,0
2019-07-15,45.8,68.50000000000011,231.6,312.0,7,0
2019-07-16,43.3,103.2000000000001,227.39999999999998,350.2,7,1
2019-07-17,1.9,91.00000000000011,218.39999999999998,321.7,7,0
2019-07-18,17.3,62.500000000000114,193.7,319.8,7,0
2019-07-19,2.2,21.400000000000112,133.2,317.79999999999995,7,0
2019-07-20,1.9,21.400000000000116,126.49999999999999,311.6,7,0
2019-07-21,25.3,29.400000000000116,137.7,334.7,7,0
2019-07-22,17.3,44.500000000000114,109.2,340.79999999999995,7,0
2019-07-23,32.6,75.20000000000013,98.5,325.9,7,0
2019-07-24,99.0,148.90000000000012,195.6,414.0,7,0
2019-07-25,2.2,133.8000000000001,180.5,374.2,7,0
2019-07-26,13.5,114.70000000000012,191.79999999999998,325.0,7,0
2019-07-27,9.8,25.500000000000114,199.7,326.2,7,0
2019-07-28,27.1,50.40000000000012,201.5,339.2,7,0
2019-07-29,6.2,43.100000000000115,190.4,299.6,7,0
2019-07-30,18.2,51.500000000000114,176.0,274.5,7,0
2019-07-31,3.6,28.000000000000114,80.6,276.20000000000005,7,0
2019-08-01,25.1,46.90000000000012,103.5,284.0,8,0
2019-08-02,6.9,35.600000000000115,96.9,288.70000000000005,8,0
2019-08-03,28.7,60.70000000000012,115.80000000000001,315.5,8,0
2019-08-04,5.4,41.000000000000114,94.10000000000001,295.59999999999997,8,0
2019-08-05,29.2,63.30000000000012,117.10000000000001,307.5,8,0
2019-08-06,4.9,39.500000000000114,103.80000000000001,279.8,8,0
2019-08-07,10.0,44.100000000000115,110.20000000000002,190.8,8,0
2019-08-08,6.3,21.200000000000113,91.4,194.9,8,0
2019-08-09,38.1,54.40000000000011,122.6,219.50000000000003,8,0
2019-08-10,3.1,47.500000000000114,97.00000000000001,212.8,8,0
2019-08-11,8.1,49.30000000000011,99.7,193.8,8,1
2019-08-12,0.5,11.700000000000113,71.0,188.1,8,0
2019-08-13,0.0,8.600000000000113,66.1,169.9,8,0
2019-08-14,9.1,9.600000000000113,65.2,175.4,8,1
2019-08-15,4.1,13.200000000000113,63.0,154.40000000000003,8,0
2019-08-16,4.8,18.000000000000114,29.7,152.3,8,0
2019-08-17,4.3,13.200000000000113,30.9,127.89999999999999,8,1
2019-08-18,11.3,20.400000000000112,34.1,133.8,8,0
2019-08-19,7.6,23.200000000000113,41.2,112.2,8,0
2019-08-20,63.9,82.80000000000011,105.1,171.2,8,0
2019-08-21,39.5,111.00000000000011,135.5,200.7,8,0
2019-08-22,2.1,105.50000000000011,133.5,196.5,8,0
2019-08-23,8.5,50.100000000000115,137.2,166.89999999999998,8,0
2019-08-24,16.6,27.200000000000117,149.5,180.4,8,0
2019-08-25,17.7,42.80000000000011,155.9,190.0,8,0
2019-08-26,0.0,34.30000000000011,148.3,189.5,8,0
2019-08-27,0.1,17.800000000000114,84.5,189.6,8,0
2019-08-28,1.2,1.3000000000001137,46.2,181.70000000000002,8,0
2019-08-29,0.0,1.3000000000001137,44.1,177.60000000000002,8,0
2019-08-30,1.6,2.8000000000001135,37.2,174.4,8,0
2019-08-31,23.2,24.800000000000114,43.8,193.29999999999998,8,0
2019-09-01,140.3,165.10000000000014,166.4,322.3,9,0
2019-09-02,0.6,164.10000000000014,167.0,315.3,9,0
2019-09-03,8.3,149.20000000000013,175.20000000000002,259.7,9,0
2019-09-04,5.3,14.200000000000113,179.29999999999998,225.5,9,0
2019-09-05,6.0,19.600000000000115,185.29999999999998,229.4,9,0
2019-09-06,18.6,29.900000000000116,202.3,239.50000000000003,9,0
2019-09-07,39.2,63.80000000000012,218.3,262.1,9,0
2019-09-08,1.7,59.50000000000012,79.7,246.1,9,0
2019-09-09,8.2,49.100000000000115,87.30000000000001,254.3,9,0
2019-09-10,6.5,16.400000000000112,85.5,260.7,9,0
2019-09-11,4.9,19.600000000000115,85.1,264.40000000000003,9,0
2019-09-12,54.5,65.90000000000012,133.6,318.90000000000003,9,0
2019-09-13,38.7,98.10000000000012,153.7,356.0,9,0
2019-09-14,20.5,113.70000000000012,135.0,353.3,9,0
2019-09-15,17.0,76.20000000000013,150.3,230.0,9,0
2019-09-16,125.7,163.2000000000001,267.8,355.1,9,0
2019-09-17,62.8,205.5000000000001,324.1,409.6,9,1
2019-09-18,82.2,270.7000000000001,401.40000000000003,486.5,9,0
2019-09-19,19.2,164.20000000000013,366.1,499.7,9,0
2019-09-20,1.6,103.00000000000011,329.0,482.70000000000005,9,0
2019-09-21,16.9,37.70000000000012,325.4,460.4,9,0
2019-09-22,6.4,24.900000000000112,314.79999999999995,465.09999999999997,9,0
2019-09-23,25.5,48.80000000000011,214.6,482.4,9,0
2019-09-24,12.7,44.60000000000011,164.5,488.6,9,0
2019-09-25,4.2,42.40000000000011,86.5,487.90000000000003,9,0
2019-09-26,8.7,25.60000000000011,76.0,442.1,9,0
2019-09-27,9.4,22.30000000000011,83.8,412.79999999999995,9,0
2019-09-28,7.2,25.300000000000114,74.1,399.5,9,0
2019-09-29,8.4,25.000000000000114,76.10000000000001,390.9,9,0
2019-09-30,1.8,17.400000000000112,52.4,267.0,9,0
2019-10-01,67.2,77.40000000000012,106.9,271.4,10,0
2019-10-02,30.0,99.00000000000011,132.7,219.20000000000002,10,0
2019-10-03,3.2,100.40000000000012,127.2,203.2,10,0
2019-10-04,32.1,65.30000000000013,149.9,233.70000000000002,10,0
2019-10-05,9.4,44.70000000000012,152.1,226.20000000000002,10,0
2019-10-06,12.1,53.600000000000115,155.8,231.9,10,0
2019-10-07,14.8,36.30000000000011,168.8,221.2,10,0
2019-10-08,28.9,55.80000000000011,130.5,237.4,10,0
2019-10-09,19.8,63.500000000000114,120.30000000000001,253.0,10,0
2019-10-10,4.2,52.90000000000012,121.3,248.5,10,0
2019-10-11,4.3,28.300000000000114,93.5,243.4,10,0
2019-10-12,1.4,9.900000000000114,85.5,237.60000000000002,10,0
2019-10-13,14.7,20.400000000000112,88.10000000000001,243.9,10,0
2019-10-14,33.2,49.30000000000011,106.5,275.3,10,0
2019-10-15,7.6,55.500000000000114,85.2,215.70000000000002,10,0
2019-10-16,0.8,41.60000000000011,66.20000000000002,186.5,10,0
2019-10-17,1.4,9.800000000000106,63.4,184.70000000000002,10,0
2019-10-18,1.2,3.4000000000001065,60.300000000000004,153.79999999999998,10,0
2019-10-19,0.0,2.6000000000001062,58.900000000000006,144.39999999999998,10,0
2019-10-20,8.3,9.500000000000107,52.5,140.6,10,0
2019-10-21,2.9,11.200000000000108,22.2,128.7,10,0
2019-10-22,1.3,12.500000000000107,15.9,101.10000000000001,10,0
2019-10-23,2.2,6.400000000000107,17.3,83.50000000000001,10,0
2019-10-24,4.1,7.600000000000106,20.0,83.4,10,0
2019-10-25,5.1,11.400000000000105,23.900000000000002,84.2,10,0
2019-10-26,2.2,11.400000000000107,26.1,85.0,10,0
2019-10-27,0.0,7.300000000000106,17.799999999999997,70.3,10,0
2019-10-28,7.9,10.100000000000108,22.8,45.0,10,0
2019-10-29,2.2,10.100000000000108,23.7,39.6,10,0
2019-10-30,4.9,15.000000000000107,26.4,43.7,10,0
2019-10-31,15.0,22.100000000000108,37.3,57.300000000000004,10,0
2019-11-01,0.8,20.700000000000106,33.00000000000001,56.9,11,0
2019-11-02,2.0,17.800000000000104,32.800000000000004,58.9,11,0
2019-11-03,0.6,3.4000000000001047,33.4,51.199999999999996,11,0
2019-11-04,22.4,25.000000000000103,47.9,70.69999999999999,11,0
2019-11-05,2.9,25.9000000000001,48.6,72.3,11,0
2019-11-06,0.0,25.3000000000001,43.699999999999996,70.1,11,0
2019-11-07,0.0,2.900000000000103,28.699999999999996,66.0,11,0
2019-11-08,0.0,0.0,27.9,60.9,11,0
2019-11-09,5.2,5.200000000000103,31.1,63.9,11,0
2019-11-10,11.4,16.600000000000104,41.9,75.3,11,0
2019-11-11,2.2,18.800000000000104,21.7,69.6,11,0
2019-11-12,1.9,15.500000000000103,20.700000000000003,69.3,11,0
2019-11-13,0.0,4.100000000000101,20.700000000000003,64.39999999999999,11,0
2019-11-14,0.0,1.9000000000001012,20.700000000000003,49.4,11,0
2019-11-15,0.0,0.0,20.700000000000003,48.6,11,0
2019-11-16,0.1,0.10000000000010126,15.6,46.7,11,0
2019-11-17,0.3,0.4000000000001013,4.5,46.4,11,0
2019-11-18,12.6,13.000000000000101,14.899999999999999,36.6,11,0
2019-11-19,3.1,16.000000000000103,16.1,36.800000000000004,11,0
2019-11-20,5.0,20.700000000000102,21.1,41.8,11,0
2019-11-21,3.1,11.2000000000001,24.2,44.9,11,0
2019-11-22,3.0,11.100000000000101,27.2,47.9,11,0
2019-11-23,0.7,6.800000000000101,27.8,43.4,11,0
2019-11-24,2.4,6.100000000000101,29.900000000000002,34.4,11,0
2019-11-25,11.3,14.400000000000102,28.6,43.5,11,0
2019-11-26,0.0,13.700000000000102,25.5,41.599999999999994,11,0
2019-11-27,0.0,11.300000000000102,20.5,41.599999999999994,11,0
2019-11-28,0.2,0.20000000000010126,17.6,41.8,11,0
2019-11-29,0.0,0.20000000000010126,14.600000000000001,41.8,11,0
2019-11-30,0.0,0.20000000000010126,13.9,41.699999999999996,11,0
2019-12-01,0.0,0.0,11.5,41.4,12,0
2019-12-02,6.7,6.700000000000101,6.9,35.5,12,0
2019-12-03,1.9,8.600000000000101,8.8,34.3,12,0
2019-12-04,0.0,8.600000000000101,8.8,29.3,12,0
2019-12-05,0.0,1.9000000000001012,8.600000000000001,26.2,12,0
2019-12-06,0.0,0.0,8.600000000000001,23.2,12,0
2019-12-07,0.0,0.0,8.600000000000001,22.5,12,0
2019-12-08,0.0,0.0,8.600000000000001,20.1,12,0
2019-12-09,0.0,0.0,1.9,8.8,12,0
2019-12-10,0.7,0.7000000000001012,0.7,9.5,12,0
2019-12-11,2.4,3.100000000000101,3.0999999999999996,11.9,12,0
2019-12-12,4.0,7.100000000000101,7.1,15.700000000000001,12,0
2019-12-13,30.8,37.2000000000001,37.9,46.5,12,0
2019-12-14,14.8,49.60000000000011,52.7,61.300000000000004,12,0
2019-12-15,2.0,47.60000000000011,54.7,63.300000000000004,12,0
2019-12-16,0.1,16.900000000000105,54.800000000000004,56.7,12,0
2019-12-17,0.0,2.100000000000103,54.1,54.800000000000004,12,0
2019-12-18,0.0,0.10000000000010303,51.7,54.800000000000004,12,0
2019-12-19,0.0,0.0,47.7,54.800000000000004,12,0
2019-12-20,0.0,0.0,16.900000000000006,54.800000000000004,12,0
2019-12-21,12.4,12.400000000000103,14.500000000000004,67.2,12,0
2019-12-22,5.9,18.300000000000104,18.400000000000006,73.10000000000001,12,0
2019-12-23,2.3,20.600000000000104,20.6,75.4,12,0
2019-12-24,3.3,11.500000000000103,23.900000000000002,78.0,12,0
2019-12-25,0.1,5.700000000000102,24.000000000000004,75.7,12,0
2019-12-26,0.0,3.400000000000103,24.000000000000004,71.7,12,0
2019-12-27,0.0,0.10000000000010303,24.000000000000004,40.900000000000006,12,0
2019-12-28,0.0,0.0,11.600000000000003,26.100000000000005,12,0
2019-12-29,0.0,0.0,5.700000000000003,24.100000000000005,12,0
2019-12-30,0.0,0.0,3.4000000000000035,24.000000000000004,12,0
2019-12-31,0.0,0.0,0.10000000000000356,24.000000000000004,12,0
2020-01-01,0.0,0.0,0.0,24.000000000000004,1,0
2020-01-02,3.3,3.300000000000103,3.3000000000000034,27.3,1,0
2020-01-03,19.9,23.200000000000102,23.200000000000003,47.2,1,0
2020-01-04,19.4,42.6000000000001,42.6,54.2,1,0
2020-01-05,11.4,50.7000000000001,54.0,59.7,1,0
2020-01-06,0.0,30.800000000000104,54.0,57.4,1,0
2020-01-07,4.4,15.800000000000104,58.400000000000006,58.5,1,0
2020-01-08,29.5,33.900000000000105,87.9,87.9,1,0
2020-01-09,6.0,39.900000000000105,90.60000000000001,93.9,1,0
2020-01-10,5.5,41.00000000000011,76.2,99.4,1,0
2020-01-11,0.0,11.500000000000107,56.80000000000001,99.4,1,0
2020-01-12,0.0,5.500000000000107,45.400000000000006,99.4,1,0
2020-01-13,0.0,0.0,45.400000000000006,99.4,1,0
2020-01-14,9.4,9.400000000000107,50.400000000000006,108.8,1,0
2020-01-15,4.0,13.400000000000107,24.900000000000006,112.8,1,0
2020-01-16,45.9,59.300000000000104,64.80000000000001,155.4,1,0
2020-01-17,27.0,76.9000000000001,86.30000000000001,162.5,1,0
2020-01-18,3.9,76.80000000000011,90.2,147.00000000000003,1,0
2020-01-19,3.9,34.800000000000104,94.10000000000001,139.5,1,0
2020-01-20,0.1,7.900000000000106,94.2,139.60000000000002,1,0
2020-01-21,0.0,4.000000000000107,84.8,135.20000000000002,1,0
2020-01-22,0.1,0.2000000000001066,80.89999999999999,105.8,1,0
2020-01-23,3.7,3.800000000000107,38.70000000000001,103.5,1,0
2020-01-24,2.8,6.600000000000106,14.500000000000007,100.80000000000001,1,0
2020-01-25,0.6,7.100000000000107,11.200000000000006,101.4,1,0
2020-01-26,0.0,3.4000000000001065,7.300000000000007,101.4,1,0
2020-01-27,0.1,0.7000000000001065,7.300000000000008,101.5,1,0
2020-01-28,8.7,8.800000000000106,16.000000000000007,100.8,1,0
2020-01-29,57.8,66.60000000000011,73.7,154.6,1,0
2020-01-30,34.3,100.8000000000001,104.3,143.0,1,0
2020-01-31,0.0,92.10000000000011,101.5,115.99999999999999,1,0
2020-02-01,16.0,50.300000000000104,116.9,128.1,2,0
2020-02-02,6.9,22.900000000000105,123.80000000000001,131.1,2,0
2020-02-03,0.8,23.700000000000106,124.5,131.79999999999998,2,0
2020-02-04,10.2,17.900000000000105,126.0,142.0,2,0
2020-02-05,7.1,18.100000000000108,75.30000000000001,149.0,2,0
2020-02-06,13.2,30.500000000000107,54.2,158.49999999999997,2,0
2020-02-07,6.2,26.500000000000107,60.400000000000006,161.9,2,0
2020-02-08,13.3,32.7000000000001,57.7,174.6,2,0
2020-02-09,0.1,19.60000000000011,50.900000000000006,174.70000000000002,2,0
2020-02-10,0.0,13.400000000000107,50.1,174.6,2,0
2020-02-11,0.5,0.6000000000001066,40.400000000000006,166.4,2,0
2020-02-12,0.2,0.7000000000001065,33.50000000000001,108.8,2,0
2020-02-13,0.0,0.7000000000001065,20.300000000000008,74.5,2,0
2020-02-14,5.2,5.400000000000107,19.300000000000008,79.7,2,0
2020-02-15,4.7,9.900000000000107,10.700000000000006,68.4,2,0
2020-02-16,9.7,19.600000000000108,20.300000000000004,71.2,2,0
2020-02-17,46.3,60.7000000000001,66.6,116.7,2,0
2020-02-18,2.0,58.0000000000001,68.1,108.5,2,0
2020-02-19,24.9,73.2000000000001,92.8,126.30000000000001,2,0
2020-02-20,5.7,32.60000000000011,98.5,118.8,2,0
2020-02-21,7.2,37.800000000000104,100.5,119.8,2,0
2020-02-22,0.5,13.400000000000107,96.30000000000001,107.0,2,0
2020-02-23,1.0,8.700000000000106,87.60000000000001,107.89999999999999,2,0
2020-02-24,0.8,2.3000000000001064,42.10000000000001,108.69999999999999,2,0
2020-02-25,10.5,12.300000000000107,50.60000000000001,118.69999999999999,2,0
2020-02-26,11.0,22.300000000000107,36.70000000000001,129.5,2,0
2020-02-27,1.0,22.500000000000107,32.00000000000001,130.5,2,0
2020-02-28,0.7,12.700000000000106,25.500000000000007,126.0,2,0
2020-02-29,1.3,3.0000000000001066,26.300000000000004,122.6,2,0
2020-03-01,3.4,5.400000000000107,28.700000000000006,116.3,3,0
2020-03-02,10.8,15.500000000000107,38.70000000000001,80.8,3,0
2020-03-03,4.0,18.200000000000106,32.20000000000001,82.8,3,0
2020-03-04,22.9,37.7000000000001,44.10000000000001,80.8,3,0
2020-03-05,13.5,40.400000000000105,56.60000000000001,88.6,3,0
2020-03-06,3.4,39.800000000000104,59.300000000000004,84.8,3,0
2020-03-07,25.1,42.00000000000011,83.10000000000001,109.39999999999999,3,0
2020-03-08,4.5,33.00000000000011,84.2,112.89999999999999,3,0
2020-03-09,3.1,32.70000000000011,76.5,115.2,3,0
2020-03-10,34.7,42.30000000000011,107.20000000000002,139.4,3,0
2020-03-11,23.3,61.10000000000011,107.60000000000001,151.7,3,0
2020-03-12,7.7,65.70000000000012,101.80000000000003,158.4,3,0
2020-03-13,2.1,33.10000000000011,100.50000000000001,159.8,3,0
2020-03-14,20.0,29.800000000000107,95.4,178.5,3,0
2020-03-15,1.2,23.300000000000107,92.10000000000001,176.29999999999998,3,0
2020-03-16,0.0,21.200000000000106,89.00000000000001,165.5,3,0
2020-03-17,4.0,5.200000000000107,58.30000000000001,165.5,3,0
2020-03-18,13.2,17.200000000000106,48.20000000000001,155.8,3,0
2020-03-19,21.6,38.80000000000011,62.10000000000001,163.9,3,0
2020-03-20,12.3,47.10000000000011,72.30000000000001,172.8,3,0
2020-03-21,4.9,38.800000000000104,57.20000000000001,152.6,3,0
2020-03-22,15.7,32.900000000000105,71.7,163.8,3,0
2020-03-23,4.3,24.900000000000105,76.0,165.0,3,0
2020-03-24,2.5,22.500000000000107,74.5,132.79999999999998,3,0
2020-03-25,13.0,19.800000000000104,74.30000000000001,122.5,3,0
2020-03-26,3.8,19.300000000000104,56.50000000000001,118.6,3,0
2020-03-27,23.3,40.10000000000011,67.5,139.8,3,0
2020-03-28,8.7,35.800000000000104,71.30000000000001,128.5,3,0
2020-03-29,4.7,36.70000000000011,60.30000000000001,132.0,3,0
2020-03-30,0.0,13.400000000000102,56.00000000000001,132.0,3,0
2020-03-31,2.4,7.100000000000103,55.900000000000006,130.4,3,0
2020-04-01,14.6,17.000000000000103,57.5,131.8,4,0
2020-04-02,8.6,25.6000000000001,62.300000000000004,118.8,4,0
2020-04-03,0.0,23.200000000000102,39.0,106.5,4,0
2020-04-04,0.9,9.500000000000101,31.200000000000006,102.5,4,0
2020-04-05,0.3,1.2000000000001012,26.800000000000008,87.1,4,0
2020-04-06,1.2,2.400000000000101,28.000000000000007,84.0,4,0
2020-04-07,1.2,2.7000000000001014,26.800000000000004,82.7,4,0
2020-04-08,9.1,11.500000000000101,21.300000000000004,78.8,4,0
2020-04-09,0.4,10.700000000000102,13.100000000000007,75.39999999999999,4,0
2020-04-10,0.6,10.100000000000101,13.700000000000006,52.7,4,0
2020-04-11,0.1,1.1000000000001013,12.900000000000006,44.1,4,0
2020-04-12,0.0,0.7000000000001012,12.600000000000007,39.4,4,0
2020-04-13,5.4,5.500000000000101,16.800000000000004,44.8,4,0
2020-04-14,4.5,9.900000000000102,20.10000000000001,46.9,4,0
2020-04-15,2.4,12.300000000000102,13.400000000000007,34.699999999999996,4,0
2020-04-16,3.6,10.500000000000101,16.60000000000001,29.700000000000003,4,0
2020-04-17,13.3,19.300000000000104,29.300000000000004,43.0,4,0
2020-04-18,7.8,24.700000000000102,37.00000000000001,49.900000000000006,4,0
2020-04-19,14.5,35.6000000000001,51.50000000000001,64.1,4,0
2020-04-20,3.8,26.1000000000001,49.900000000000006,66.7,4,0
2020-04-21,24.8,43.1000000000001,70.20000000000002,90.3,4,0
2020-04-22,3.8,32.4000000000001,71.60000000000001,85.0,4,0
2020-04-23,8.1,36.7000000000001,76.10000000000001,92.7,4,0
2020-04-24,5.8,17.7000000000001,68.60000000000001,97.9,4,0
2020-04-25,6.6,20.500000000000096,67.4,104.39999999999999,4,0
2020-04-26,7.2,19.6000000000001,60.10000000000001,111.6,4,0
2020-04-27,7.5,21.300000000000097,63.80000000000001,113.7,4,0
2020-04-28,3.5,18.200000000000102,42.50000000000001,112.7,4,0
2020-04-29,0.1,11.1000000000001,38.80000000000001,110.4,4,0
2020-04-30,3.5,7.100000000000099,34.20000000000001,110.30000000000001,4,0
2020-05-01,9.4,13.0000000000001,37.800000000000004,106.39999999999999,5,0
2020-05-02,9.3,22.200000000000102,40.50000000000001,107.89999999999999,5,0
2020-05-03,9.6,28.3000000000001,42.900000000000006,103.0,5,0
2020-05-04,40.9,59.8000000000001,76.30000000000001,140.1,5,0
2020-05-05,7.6,58.1000000000001,80.4,122.89999999999999,5,0
2020-05-06,11.4,59.9000000000001,91.70000000000002,130.5,5,0
2020-05-07,5.5,24.5000000000001,93.70000000000002,127.89999999999999,5,0
2020-05-08,0.5,17.400000000000098,84.80000000000001,122.6,5,0
2020-05-09,1.7,7.7000000000001,77.2,117.7,5,0
2020-05-10,3.1,5.300000000000099,70.7,113.6,5,0
2020-05-11,1.7,6.5000000000000995,31.500000000000007,107.8,5,0
2020-05-12,3.2,8.0000000000001,27.100000000000005,107.5,5,0
2020-05-13,0.2,5.1000000000001,15.900000000000007,107.6,5,0
2020-05-14,5.3,8.700000000000099,15.700000000000006,109.39999999999999,5,0
2020-05-15,12.8,18.3000000000001,28.000000000000007,112.8,5,0
2020-05-16,1.4,19.5000000000001,27.700000000000006,104.9,5,0
2020-05-17,5.7,19.900000000000098,30.300000000000004,100.99999999999999,5,0
2020-05-18,5.0,12.1000000000001,33.60000000000001,65.1,5,0
2020-05-19,3.6,14.300000000000098,34.00000000000001,61.1,5,0
2020-05-20,4.7,13.3000000000001,38.50000000000001,54.4,5,0
2020-05-21,2.7,11.0000000000001,35.900000000000006,51.6,5,0
2020-05-22,23.7,31.1000000000001,46.80000000000001,74.8,5,0
2020-05-23,19.4,45.8000000000001,64.80000000000001,92.5,5,1
2020-05-24,7.0,50.100000000000094,66.10000000000001,96.4,5,0
2020-05-25,18.8,45.200000000000095,79.9,113.5,5,0
2020-05-26,17.8,43.600000000000094,94.10000000000001,128.1,5,0
2020-05-27,11.4,48.0000000000001,100.80000000000001,139.29999999999998,5,0
2020-05-28,24.4,53.600000000000094,122.5,158.4,5,0
2020-05-29,60.9,96.7000000000001,159.7,206.5,5,0
2020-05-30,16.9,102.2000000000001,157.2,222.0,5,0
2020-05-31,27.8,105.6000000000001,178.0,244.1,5,0
2020-06-01,11.1,55.8000000000001,170.3,250.20000000000002,6,0
2020-06-02,18.9,57.8000000000001,171.4,265.5,6,0
2020-06-03,3.5,33.5000000000001,163.5,264.3,6,0
2020-06-04,15.8,38.200000000000095,154.9,277.4,6,0
2020-06-05,39.6,58.9000000000001,133.60000000000002,293.29999999999995,6,0
2020-06-06,5.7,61.1000000000001,122.4,279.6,6,0
2020-06-07,3.4,48.700000000000095,98.0,276.0,6,0
2020-06-08,1.1,10.200000000000099,88.0,258.3,6,0
2020-06-09,16.3,20.8000000000001,85.4,256.79999999999995,6,0
2020-06-10,5.2,22.6000000000001,87.10000000000001,250.6,6,0
2020-06-11,5.2,26.700000000000102,76.50000000000001,231.4,6,0
2020-06-12,7.5,17.900000000000098,44.4,178.0,6,0
2020-06-13,11.0,23.700000000000102,49.699999999999996,172.1,6,0
2020-06-14,31.4,49.9000000000001,77.69999999999999,175.7,6,0
2020-06-15,28.5,70.90000000000009,105.1,193.09999999999997,6,0
2020-06-16,34.7,94.60000000000011,123.5,208.9,6,0
2020-06-17,4.8,68.0000000000001,123.10000000000001,210.20000000000002,6,0
2020-06-18,8.3,47.800000000000104,126.2,202.7,6,0
2020-06-19,84.8,97.90000000000009,203.5,247.9,6,0
2020-06-20,84.8,177.9000000000001,277.3,327.0,6,0
2020-06-21,11.8,181.4000000000001,257.7,335.4,6,0
2020-06-22,12.4,109.00000000000011,241.6,346.7,6,0
2020-06-23,21.3,45.500000000000114,228.2,351.7,6,0
2020-06-24,2.8,36.500000000000114,226.2,349.3,6,0
2020-06-25,12.8,36.90000000000011,230.7,356.90000000000003,6,0
2020-06-26,46.7,62.30000000000012,192.6,396.1,6,0
2020-06-27,29.7,89.20000000000012,137.5,414.8,6,0
2020-06-28,5.1,81.50000000000013,130.8,388.5,6,0
2020-06-29,4.6,39.40000000000011,123.0,364.6,6,0
2020-06-30,13.2,22.900000000000112,114.9,343.1,6,0
2020-07-01,4.4,22.20000000000011,116.5,342.7,7,0
2020-07-02,12.1,29.700000000000113,115.8,346.5,7,0
2020-07-03,56.7,73.20000000000012,125.8,318.40000000000003,7,0
2020-07-04,33.1,101.90000000000012,129.20000000000002,266.70000000000005,7,0
2020-07-05,5.0,94.80000000000013,129.1,259.90000000000003,7,0
2020-07-06,9.4,47.500000000000114,133.9,256.90000000000003,7,0
2020-07-07,10.5,24.900000000000112,131.20000000000002,246.1,7,0
2020-07-08,18.4,38.30000000000011,145.20000000000002,261.7,7,1
2020-07-09,44.9,73.80000000000011,178.0,293.8,7,1
2020-07-10,174.1,237.4000000000001,295.4,421.2,7,1
2020-07-11,19.2,238.2000000000001,281.5,410.7,7,0
2020-07-12,11.1,204.40000000000015,287.59999999999997,416.7,7,0
2020-07-13,16.9,47.20000000000011,295.1,429.0,7,0
2020-07-14,15.3,43.30000000000011,299.9,431.09999999999997,7,0
2020-07-15,9.0,41.20000000000011,290.5,435.7,7,0
2020-07-16,4.2,28.50000000000011,249.79999999999998,427.79999999999995,7,1
2020-07-17,136.8,150.0000000000001,212.50000000000003,507.9,7,0
2020-07-18,35.0,176.0000000000001,228.30000000000004,509.79999999999995,7,0
2020-07-19,52.2,224.0000000000001,269.40000000000003,557.0,7,0
2020-07-20,32.0,119.20000000000012,284.50000000000006,579.6,7,0
2020-07-21,58.6,142.80000000000013,327.8,627.6999999999999,7,0
2020-07-22,6.8,97.40000000000012,325.6,616.1,7,0
2020-07-23,23.9,89.30000000000011,345.30000000000007,595.1,7,0
2020-07-24,57.3,88.00000000000011,265.8,478.3,7,0
2020-07-25,9.7,90.9000000000001,240.50000000000003,468.8,7,0
2020-07-26,4.9,71.9000000000001,193.20000000000002,462.59999999999997,7,0
2020-07-27,48.4,63.00000000000011,209.60000000000002,494.1,7,0
2020-07-28,81.4,134.7000000000001,232.40000000000003,560.2,7,0
2020-07-29,46.3,176.1000000000001,271.90000000000003,597.5,7,0
2020-07-30,5.7,133.4000000000001,253.70000000000002,599.0,7,0
2020-07-31,23.2,75.2000000000001,219.60000000000005,485.4,7,0
2020-08-01,10.1,39.0000000000001,220.00000000000003,460.5,8,0
2020-08-02,24.2,57.50000000000009,239.3,432.5,8,0
2020-08-03,3.8,38.100000000000094,194.70000000000005,404.3,8,1
2020-08-04,0.0,28.000000000000096,113.30000000000003,345.7,8,0
2020-08-05,8.5,12.3000000000001,75.50000000000003,347.4,8,0
2020-08-06,4.5,13.0000000000001,74.30000000000003,328.0,8,0
2020-08-07,3.8,16.8000000000001,54.90000000000003,274.5,8,0
2020-08-08,14.3,22.6000000000001,59.10000000000002,279.1,8,0
2020-08-09,71.6,89.7000000000001,106.50000000000003,345.8,8,0
2020-08-10,11.9,97.80000000000011,114.60000000000004,309.29999999999995,8,1
2020-08-11,30.9,114.4000000000001,145.50000000000003,258.8,8,0
2020-08-12,90.3,133.1000000000001,227.3,302.79999999999995,8,0
2020-08-13,80.5,201.7000000000001,303.3,377.6,8,0
2020-08-14,6.3,177.10000000000014,305.8,360.7,8,0
2020-08-15,16.7,103.50000000000011,308.2,367.29999999999995,8,0
2020-08-16,7.1,30.100000000000115,243.70000000000005,350.2,8,0
2020-08-17,6.3,30.10000000000011,238.10000000000002,352.7,8,0
2020-08-18,5.8,19.200000000000113,213.00000000000003,358.5,8,0
2020-08-19,31.9,44.000000000000114,154.60000000000002,381.9,8,0
2020-08-20,4.9,42.600000000000115,79.00000000000003,382.29999999999995,8,0
2020-08-21,4.4,41.20000000000012,77.10000000000002,382.9,8,0
2020-08-22,5.4,14.700000000000115,65.80000000000003,373.99999999999994,8,0
2020-08-23,11.6,21.400000000000112,70.30000000000003,314.0,8,0
2020-08-24,2.4,19.400000000000116,66.40000000000003,304.5,8,0
2020-08-25,2.3,16.300000000000114,62.900000000000034,275.9,8,0
2020-08-26,5.4,10.100000000000113,36.40000000000003,191.0,8,0
2020-08-27,7.1,14.800000000000113,38.60000000000003,117.6,8,0
2020-08-28,13.8,26.300000000000114,48.00000000000003,125.1,8,0
2020-08-29,23.3,44.20000000000012,65.90000000000003,131.7,8,0
2020-08-30,5.0,42.10000000000012,59.30000000000003,129.6,8,0
2020-08-31,12.0,40.30000000000011,68.90000000000003,135.29999999999998,8,0
2020-09-01,18.3,35.30000000000011,84.90000000000003,147.8,9,0
2020-09-02,8.0,38.30000000000011,87.50000000000003,123.9,9,0
2020-09-03,19.1,45.40000000000012,99.50000000000003,138.1,9,1
2020-09-04,4.7,31.800000000000114,90.40000000000003,138.4,9,1
2020-09-05,19.3,43.100000000000115,86.40000000000002,152.29999999999998,9,0
2020-09-06,11.0,35.000000000000114,92.40000000000003,151.7,9,0
2020-09-07,17.7,48.000000000000114,98.10000000000004,167.0,9,1
2020-09-08,4.3,33.000000000000114,84.10000000000002,169.0,9,1
2020-09-09,12.6,34.60000000000011,88.70000000000002,176.2,9,0
2020-09-10,4.2,21.10000000000011,73.80000000000003,173.3,9,1
2020-09-11,20.9,37.70000000000011,90.00000000000003,180.39999999999998,9,0
2020-09-12,1.8,26.900000000000112,72.50000000000003,158.9,9,0
2020-09-13,5.8,28.500000000000114,67.30000000000003,159.70000000000002,9,0
2020-09-14,41.6,49.20000000000012,91.20000000000002,189.3,9,0
2020-09-15,39.0,86.40000000000012,125.90000000000003,210.0,9,0
2020-09-16,52.6,133.20000000000013,165.90000000000003,254.6,9,0
2020-09-17,19.8,111.40000000000012,181.50000000000003,255.3,9,0
2020-09-18,15.4,87.80000000000011,176.00000000000003,266.0,9,0
2020-09-19,3.3,38.500000000000114,177.50000000000003,250.0,9,0
2020-09-20,0.0,18.700000000000113,171.70000000000002,239.0,9,0
2020-09-21,1.2,4.500000000000114,131.3,222.5,9,0
2020-09-22,16.2,17.400000000000112,108.50000000000003,234.4,9,0
2020-09-23,56.1,73.50000000000011,112.00000000000003,277.90000000000003,9,0
2020-09-24,122.2,194.5000000000001,214.40000000000003,395.90000000000003,9,0
2020-09-25,44.2,222.5000000000001,243.20000000000005,419.2,9,1
2020-09-26,37.7,204.1000000000001,277.6,455.1,9,0
2020-09-27,17.3,99.20000000000012,294.90000000000003,466.6,9,0
2020-09-28,28.9,83.90000000000012,322.6,453.90000000000003,9,0
2020-09-29,16.0,62.20000000000012,322.40000000000003,430.90000000000003,9,0
2020-09-30,18.4,63.30000000000011,284.70000000000005,396.7,9,0
2020-10-01,5.3,39.70000000000011,167.80000000000004,382.20000000000005,10,0
2020-10-02,12.7,36.40000000000011,136.30000000000004,379.5,10,0
2020-10-03,13.2,31.200000000000113,111.80000000000003,389.4,10,0
2020-10-04,23.6,49.500000000000114,118.10000000000002,413.0,10,0
2020-10-05,11.5,48.30000000000011,100.70000000000002,423.3,10,0
2020-10-06,4.0,39.100000000000115,88.70000000000002,411.1,10,0
2020-10-07,1.0,16.500000000000114,71.30000000000004,356.0,10,0
2020-10-08,1.5,6.500000000000114,67.50000000000003,235.3,10,0
2020-10-09,1.2,3.700000000000114,56.000000000000036,192.3,10,0
2020-10-10,0.1,2.8000000000001135,42.90000000000003,154.7,10,0
2020-10-11,0.0,1.3000000000001137,19.30000000000003,137.39999999999998,10,0
2020-10-12,0.2,0.30000000000011373,8.000000000000028,108.69999999999999,10,0
2020-10-13,0.8,1.0000000000001137,4.800000000000028,93.5,10,0
2020-10-14,2.3,3.3000000000001135,6.100000000000028,77.4,10,0
2020-10-15,2.5,5.600000000000113,7.100000000000028,74.60000000000001,10,0
2020-10-16,0.8,5.600000000000113,6.700000000000028,62.7,10,0
2020-10-17,0.0,3.3000000000001135,6.600000000000028,49.5,10,0
2020-10-18,0.0,0.8000000000001137,6.600000000000028,25.9,10,0
2020-10-19,1.5,1.5000000000001137,7.900000000000028,15.9,10,0
2020-10-20,2.4,3.9000000000001136,9.500000000000028,14.3,10,0
2020-10-21,5.4,9.300000000000114,12.60000000000003,18.7,10,0
2020-10-22,0.1,7.900000000000114,10.20000000000003,17.3,10,0
2020-10-23,0.4,5.900000000000114,9.80000000000003,16.5,10,0
2020-10-24,1.7,2.200000000000114,11.500000000000028,18.099999999999998,10,0
2020-10-25,1.4,3.5000000000001137,12.900000000000029,19.5,10,0
2020-10-26,0.0,3.1000000000001133,11.400000000000029,19.3,10,0
2020-10-27,0.0,1.4000000000001136,9.000000000000028,18.5,10,0
2020-10-28,0.0,0.0,3.600000000000028,16.200000000000003,10,0
2020-10-29,0.0,0.0,3.5000000000000284,13.700000000000001,10,0
2020-10-30,0.0,0.0,3.100000000000028,12.9,10,0
2020-10-31,0.0,0.0,1.4000000000000283,12.9,10,0
2020-11-01,0.0,0.0,0.0,12.9,11,0
2020-11-02,2.7,2.700000000000114,2.7000000000000286,14.1,11,0
2020-11-03,0.0,2.700000000000114,2.7000000000000286,11.7,11,0
2020-11-04,2.6,5.300000000000114,5.300000000000029,8.9,11,0
2020-11-05,0.3,2.9000000000001136,5.600000000000029,9.1,11,0
2020-11-06,6.2,9.100000000000113,11.80000000000003,14.9,11,0
2020-11-07,11.1,17.600000000000115,22.900000000000027,24.3,11,0
2020-11-08,0.0,17.300000000000114,22.900000000000027,22.9,11,0
2020-11-09,0.0,11.100000000000115,20.20000000000003,22.9,11,0
2020-11-10,0.0,0.0,20.20000000000003,22.9,11,0
2020-11-11,0.1,0.10000000000011369,17.700000000000028,23.0,11,0
2020-11-12,0.0,0.10000000000011369,17.400000000000027,23.0,11,0
2020-11-13,0.0,0.10000000000011369,11.200000000000028,23.0,11,0
2020-11-14,0.0,0.0,0.10000000000002843,23.0,11,0
2020-11-15,0.0,0.0,0.10000000000002843,23.0,11,0
2020-11-16,2.2,2.200000000000114,2.3000000000000287,22.5,11,0
2020-11-17,0.0,2.200000000000114,2.3000000000000287,22.5,11,0
2020-11-18,0.1,2.300000000000114,2.3000000000000287,20.0,11,0
2020-11-19,0.0,0.10000000000011369,2.3000000000000287,19.7,11,0
2020-11-20,0.2,0.30000000000011373,2.5000000000000284,13.7,11,0
2020-11-21,6.3,6.500000000000114,8.80000000000003,8.9,11,0
2020-11-22,0.6,7.100000000000113,9.400000000000029,9.5,11,0
2020-11-23,0.3,7.200000000000114,7.500000000000028,9.8,11,0
2020-11-24,5.9,6.800000000000114,13.400000000000029,15.700000000000001,11,0
2020-11-25,0.8,7.000000000000115,14.10000000000003,16.400000000000002,11,0
2020-11-26,0.0,6.700000000000114,14.10000000000003,16.400000000000002,11,0
2020-11-27,0.1,0.9000000000001137,14.000000000000028,16.5,11,0
2020-11-28,0.0,0.10000000000011369,7.7000000000000295,16.5,11,0
2020-11-29,0.0,0.10000000000011369,7.10000000000003,16.5,11,0
2020-11-30,0.0,0.0,6.800000000000029,14.3,11,0
2020-12-01,0.0,0.0,0.9000000000000284,14.3,12,0
2020-12-02,0.0,0.0,0.10000000000002843,14.200000000000001,12,0
2020-12-03,0.6,0.6000000000001137,0.7000000000000284,14.8,12,0
2020-12-04,2.2,2.800000000000114,2.8000000000000287,16.8,12,0
2020-12-05,18.1,20.900000000000116,20.90000000000003,28.6,12,0
2020-12-06,9.9,30.200000000000117,30.800000000000033,37.9,12,0
2020-12-07,0.3,28.300000000000114,31.10000000000003,37.900000000000006,12,0
2020-12-08,2.9,13.100000000000113,34.00000000000003,34.9,12,0
2020-12-09,0.5,3.7000000000001134,34.50000000000003,34.6,12,0
2020-12-10,0.1,3.5000000000001137,34.00000000000003,34.7,12,0
2020-12-11,1.5,2.1000000000001138,33.30000000000003,36.1,12,0
2020-12-12,14.6,16.200000000000113,29.80000000000003,50.7,12,0
2020-12-13,2.4,18.50000000000011,22.300000000000026,53.1,12,0
2020-12-14,4.5,21.500000000000114,26.50000000000003,57.6,12,0
2020-12-15,0.0,6.900000000000114,23.60000000000003,57.6,12,0
2020-12-16,0.0,4.500000000000114,23.10000000000003,57.6,12,0
2020-12-17,0.1,0.10000000000011369,23.10000000000003,57.1,12,0
2020-12-18,0.0,0.10000000000011369,21.60000000000003,54.900000000000006,12,0
2020-12-19,0.0,0.10000000000011369,7.000000000000028,36.800000000000004,12,0
2020-12-20,0.0,0.0,4.600000000000028,26.900000000000002,12,0
2020-12-21,0.0,0.0,0.10000000000002843,26.6,12,0
2020-12-22,0.0,0.0,0.10000000000002843,23.7,12,0
2020-12-23,0.0,0.0,0.10000000000002843,23.2,12,0
2020-12-24,0.0,0.0,0.0,23.1,12,0
2020-12-25,0.0,0.0,0.0,21.6,12,0
2020-12-26,0.0,0.0,0.0,7.0,12,0
2020-12-27,0.0,0.0,0.0,4.6,12,0
2020-12-28,1.7,1.7000000000001136,1.7000000000000284,1.8,12,0
2020-12-29,0.9,2.6000000000001138,2.6000000000000285,2.7,12,0
2020-12-30,0.0,2.6000000000001138,2.6000000000000285,2.7,12,0
2020-12-31,0.0,0.9000000000001137,2.6000000000000285,2.6,12,0
2021-01-01,0.0,0.0,2.6000000000000285,2.6,1,0
2021-01-02,0.0,0.0,2.6000000000000285,2.6,1,0
2021-01-03,0.0,0.0,2.6000000000000285,2.6,1,0
2021-01-04,2.2,2.200000000000114,3.100000000000029,4.800000000000001,1,0
2021-01-05,3.4,5.600000000000113,5.600000000000029,8.2,1,0
2021-01-06,1.6,7.200000000000114,7.2000000000000295,9.8,1,0
2021-01-07,0.8,5.8000000000001135,8.000000000000028,10.6,1,0
2021-01-08,0.0,2.400000000000114,8.000000000000028,10.6,1,0
2021-01-09,0.5,1.3000000000001137,8.500000000000028,11.1,1,0
2021-01-10,1.7,2.200000000000114,10.20000000000003,12.8,1,0
2021-01-11,5.4,7.600000000000114,13.400000000000029,16.5,1,0
2021-01-12,8.9,16.000000000000114,18.90000000000003,24.5,1,0
2021-01-13,7.9,22.200000000000117,25.20000000000003,32.400000000000006,1,0
2021-01-14,1.1,17.900000000000116,25.50000000000003,33.5,1,0
2021-01-15,0.3,9.300000000000116,25.80000000000003,33.800000000000004,1,0
2021-01-16,2.1,3.5000000000001155,27.400000000000027,35.900000000000006,1,0
2021-01-17,1.9,4.300000000000115,27.60000000000003,37.800000000000004,1,0
2021-01-18,0.0,4.0000000000001155,22.20000000000003,35.6,1,0
2021-01-19,0.9,2.8000000000001153,14.20000000000003,33.1,1,0
2021-01-20,0.6,1.5000000000001155,6.900000000000029,32.1,1,0
2021-01-21,0.6,2.1000000000001156,6.400000000000029,31.900000000000002,1,0
2021-01-22,0.1,1.3000000000001155,6.200000000000028,32.0,1,0
2021-01-23,0.3,1.0000000000001155,4.400000000000029,31.8,1,0
2021-01-24,2.6,3.0000000000001155,5.100000000000028,32.7,1,0
2021-01-25,2.5,5.400000000000116,7.600000000000028,29.8,1,0
2021-01-26,0.0,5.100000000000115,6.700000000000028,20.9,1,0
2021-01-27,0.2,2.7000000000001156,6.300000000000028,13.2,1,0
2021-01-28,0.1,0.3000000000001155,5.800000000000029,12.200000000000001,1,0
2021-01-29,0.1,0.4000000000001155,5.800000000000028,12.0,1,0
2021-01-30,0.0,0.20000000000011547,5.500000000000028,9.9,1,0
2021-01-31,0.0,0.10000000000011547,2.9000000000000283,8.0,1,0
2021-02-01,0.0,0.0,0.40000000000002844,8.0,2,0
2021-02-02,0.0,0.0,0.40000000000002844,7.1000000000000005,2,0
2021-02-03,0.0,0.0,0.20000000000002843,6.5,2,0
2021-02-04,0.4,0.4000000000001155,0.5000000000000284,6.3,2,0
2021-02-05,4.7,5.100000000000116,5.100000000000029,10.9,2,0
2021-02-06,1.1,6.2000000000001165,6.2000000000000295,11.7,2,0
2021-02-07,0.0,5.800000000000116,6.2000000000000295,9.1,2,0
2021-02-08,0.0,1.1000000000001156,6.2000000000000295,6.6,2,0
2021-02-09,0.0,0.0,6.2000000000000295,6.6,2,0
2021-02-10,0.5,0.5000000000001155,6.7000000000000295,6.9,2,0
2021-02-11,0.0,0.5000000000001155,6.300000000000029,6.800000000000001,2,0
2021-02-12,2.0,2.5000000000001155,3.6000000000000285,8.7,2,0
2021-02-13,8.0,10.000000000000115,10.500000000000028,16.7,2,0
2021-02-14,14.5,24.500000000000114,25.00000000000003,31.2,2,0
2021-02-15,18.6,41.100000000000115,43.60000000000003,49.8,2,0
2021-02-16,16.2,49.30000000000011,59.800000000000026,66.0,2,0
2021-02-17,2.1,36.90000000000011,61.40000000000003,68.1,2,0
2021-02-18,2.1,20.400000000000112,63.50000000000003,69.8,2,0
2021-02-19,1.4,5.600000000000113,62.90000000000003,66.5,2,0
2021-02-20,0.0,3.5000000000001137,54.90000000000003,65.39999999999999,2,0
2021-02-21,0.0,1.4000000000001136,40.40000000000003,65.39999999999999,2,0
2021-02-22,0.0,0.0,21.80000000000003,65.39999999999999,2,0
2021-02-23,7.7,7.700000000000114,13.30000000000003,73.1,2,0
2021-02-24,13.2,20.900000000000112,24.400000000000027,85.8,2,0
2021-02-25,1.7,22.60000000000011,24.00000000000003,87.5,2,0
2021-02-26,6.2,21.100000000000115,28.80000000000003,91.7,2,0
2021-02-27,26.9,34.80000000000011,55.70000000000003,110.6,2,0
2021-02-28,13.4,46.500000000000114,69.10000000000002,109.5,2,0
2021-03-01,2.4,42.70000000000012,71.50000000000003,93.3,3,0
2021-03-02,0.0,15.800000000000118,63.800000000000026,77.1,3,0
2021-03-03,0.0,2.400000000000117,50.60000000000003,75.0,3,0
2021-03-04,5.2,5.200000000000117,54.10000000000002,78.1,3,0
2021-03-05,2.1,7.300000000000118,50.00000000000002,78.8,3,0
2021-03-06,0.6,7.900000000000118,23.700000000000028,79.4,3,0
2021-03-07,9.7,12.400000000000116,20.00000000000003,89.1,3,0
2021-03-08,13.6,23.900000000000116,31.200000000000028,102.7,3,0
2021-03-09,2.1,25.400000000000116,33.300000000000026,97.1,3,0
2021-03-10,11.3,27.000000000000117,44.60000000000003,95.19999999999999,3,0
2021-03-11,6.5,19.90000000000012,45.90000000000003,100.0,3,0
2021-03-12,17.6,35.40000000000012,61.40000000000003,111.39999999999999,3,0
2021-03-13,4.0,28.100000000000122,64.80000000000004,88.5,3,0
2021-03-14,1.3,22.900000000000123,56.40000000000003,76.39999999999999,3,0
2021-03-15,5.2,10.50000000000012,48.00000000000003,79.2,3,0
2021-03-16,2.4,8.900000000000121,48.30000000000003,81.60000000000001,3,0
2021-03-17,2.7,10.300000000000122,39.70000000000003,84.3,3,0
2021-03-18,8.5,13.600000000000122,41.70000000000003,87.6,3,0
2021-03-19,1.9,13.100000000000122,26.00000000000003,87.4,3,0
2021-03-20,6.0,16.400000000000123,28.00000000000003,92.8,3,0
2021-03-21,0.3,8.200000000000124,27.00000000000003,83.39999999999999,3,0
2021-03-22,0.2,6.500000000000123,22.00000000000003,70.0,3,0
2021-03-23,4.6,5.100000000000122,24.20000000000003,72.5,3,0
2021-03-24,7.7,12.500000000000123,29.200000000000028,68.9,3,0
2021-03-25,1.3,13.600000000000122,22.000000000000032,63.7,3,0
2021-03-26,0.0,9.000000000000124,20.10000000000003,46.1,3,0
2021-03-27,0.0,1.3000000000001226,14.100000000000028,42.1,3,0
2021-03-28,2.6,2.6000000000001227,16.400000000000027,43.400000000000006,3,0
2021-03-29,23.6,26.200000000000124,39.800000000000026,61.8,3,0
2021-03-30,0.6,26.800000000000125,35.800000000000026,60.0,3,0
2021-03-31,11.4,35.60000000000012,39.50000000000003,68.7,3,0
2021-04-01,18.6,30.600000000000122,56.80000000000003,78.8,4,0
2021-04-02,0.6,30.600000000000122,57.400000000000034,77.50000000000001,4,0
2021-04-03,0.1,19.30000000000012,57.500000000000036,71.6,4,0
2021-04-04,0.0,0.7000000000001207,54.900000000000034,71.3,4,0
2021-04-05,0.0,0.1000000000001208,31.30000000000003,71.1,4,0
2021-04-06,0.0,0.0,30.700000000000028,66.5,4,0
2021-04-07,0.1,0.1000000000001208,19.40000000000003,58.900000000000006,4,0
2021-04-08,9.0,9.10000000000012,9.80000000000003,66.6,4,0
2021-04-09,1.0,10.10000000000012,10.20000000000003,67.6,4,0
2021-04-10,0.0,10.00000000000012,10.10000000000003,67.6,4,0
2021-04-11,0.0,1.0000000000001208,10.10000000000003,65.0,4,0
2021-04-12,0.1,0.1000000000001208,10.20000000000003,41.5,4,0
2021-04-13,0.0,0.1000000000001208,10.20000000000003,40.900000000000006,4,0
2021-04-14,0.5,0.6000000000001208,10.600000000000028,30.000000000000004,4,0
2021-04-15,0.7,1.2000000000001207,2.3000000000000282,12.100000000000001,4,0
2021-04-16,0.0,1.2000000000001207,1.3000000000000282,11.500000000000002,4,0
2021-04-17,17.7,18.40000000000012,19.00000000000003,29.1,4,0
2021-04-18,14.1,31.800000000000118,33.10000000000003,43.2,4,0
2021-04-19,0.0,31.800000000000118,33.00000000000003,43.2,4,0
2021-04-20,0.0,14.10000000000012,33.00000000000003,43.2,4,0
2021-04-21,2.8,2.8000000000001206,35.300000000000026,45.9,4,0
2021-04-22,7.4,10.20000000000012,42.00000000000003,44.3,4,0
2021-04-23,0.0,10.20000000000012,42.00000000000003,43.3,4,0
2021-04-24,0.8,8.200000000000122,25.10000000000003,44.1,4,0
2021-04-25,0.0,0.8000000000001208,11.000000000000028,44.1,4,0
2021-04-26,0.0,0.8000000000001208,11.000000000000028,44.0,4,0
2021-04-27,0.2,0.2000000000001208,11.20000000000003,44.199999999999996,4,0
2021-04-28,0.2,0.4000000000001208,8.60000000000003,43.9,4,0
2021-04-29,1.8,2.200000000000121,3.0000000000000284,45.0,4,0
2021-04-30,1.5,3.500000000000121,4.500000000000028,46.5,4,0
2021-05-01,0.5,3.8000000000001206,4.200000000000029,29.3,5,0
2021-05-02,2.1,4.10000000000012,6.300000000000029,17.3,5,0
2021-05-03,4.0,6.60000000000012,10.30000000000003,21.3,5,0
2021-05-04,1.0,7.10000000000012,11.100000000000028,22.3,5,0
2021-05-05,23.1,28.100000000000122,34.00000000000003,42.6,5,0
2021-05-06,20.1,44.200000000000124,52.30000000000003,55.300000000000004,5,0
2021-05-07,6.7,49.90000000000013,57.500000000000036,62.00000000000001,5,0
2021-05-08,8.3,35.10000000000012,65.30000000000004,69.5,5,0
2021-05-09,2.1,17.100000000000122,65.30000000000003,71.6,5,0
2021-05-10,1.5,11.900000000000121,62.80000000000003,73.1,5,0
2021-05-11,5.5,9.10000000000012,67.30000000000003,78.39999999999999,5,0
2021-05-12,18.9,25.90000000000012,63.10000000000003,97.10000000000001,5,0
2021-05-13,41.8,66.20000000000012,84.80000000000003,137.1,5,0
2021-05-14,7.7,68.40000000000012,85.80000000000003,143.29999999999998,5,0
2021-05-15,1.3,50.80000000000012,78.80000000000003,144.1,5,0
2021-05-16,6.8,15.800000000000122,83.50000000000003,148.8,5,0
2021-05-17,3.5,11.600000000000122,85.50000000000003,148.3,5,0
2021-05-18,13.7,24.00000000000012,93.70000000000003,161.0,5,0
2021-05-19,21.2,38.40000000000012,96.00000000000003,159.1,5,0
2021-05-20,17.8,52.70000000000012,72.00000000000003,156.8,5,0
2021-05-21,2.0,41.000000000000114,66.30000000000003,152.1,5,0
2021-05-22,7.3,27.100000000000122,72.30000000000003,151.10000000000002,5,0
2021-05-23,6.7,16.00000000000012,72.20000000000003,155.7,5,0
2021-05-24,1.4,15.400000000000121,70.10000000000004,155.6,5,0
2021-05-25,1.4,9.50000000000012,57.800000000000026,151.5,5,0
2021-05-26,3.7,6.500000000000121,40.300000000000026,136.3,5,0
2021-05-27,21.7,26.800000000000118,44.20000000000003,116.2,5,0
2021-05-28,75.4,100.80000000000013,117.60000000000004,183.9,5,0
2021-05-29,24.1,121.20000000000013,134.40000000000003,206.7,5,1
2021-05-30,1.2,100.70000000000013,128.90000000000003,201.10000000000002,5,0
2021-05-31,19.3,44.60000000000013,146.80000000000004,216.9,5,0
2021-06-01,36.3,56.800000000000125,181.70000000000002,239.5,6,0
2021-06-02,2.6,58.200000000000124,180.60000000000002,220.9,6,0
2021-06-03,12.9,51.800000000000125,171.80000000000004,216.00000000000003,6,0
2021-06-04,25.2,40.70000000000013,121.60000000000002,239.2,6,0
2021-06-05,35.6,73.70000000000013,133.10000000000002,267.5,6,0
2021-06-06,33.6,94.40000000000012,165.50000000000003,294.40000000000003,6,0
2021-06-07,8.9,78.10000000000012,155.10000000000005,301.9,6,0
2021-06-08,1.9,44.40000000000013,120.70000000000003,302.40000000000003,6,0
2021-06-09,25.8,36.60000000000013,143.90000000000003,324.5,6,0
2021-06-10,2.8,30.50000000000013,133.80000000000004,305.6,6,0
2021-06-11,0.7,29.30000000000013,109.30000000000004,230.9,6,0
2021-06-12,17.0,20.500000000000128,90.70000000000003,223.8,6,0
2021-06-13,49.4,67.10000000000012,106.50000000000003,272.0,6,0
2021-06-14,58.5,124.90000000000012,156.10000000000002,311.2,6,0
2021-06-15,128.3,236.20000000000013,282.5,403.20000000000005,6,1
2021-06-16,66.5,253.30000000000013,323.20000000000005,467.1,6,0
2021-06-17,6.5,201.30000000000013,326.9000000000001,460.70000000000005,6,0
2021-06-18,17.4,90.40000000000012,343.6,452.90000000000003,6,0
2021-06-19,15.4,39.30000000000011,342.0,432.7,6,0
2021-06-20,10.7,43.500000000000114,303.3,409.8,6,1
2021-06-21,1.5,27.600000000000115,246.30000000000004,402.4,6,0
2021-06-22,1.3,13.500000000000114,119.30000000000003,401.8,6,0
2021-06-23,6.9,9.700000000000113,59.700000000000024,382.90000000000003,6,0
2021-06-24,52.3,60.500000000000114,105.50000000000003,432.4,6,0
2021-06-25,5.2,64.40000000000012,93.30000000000001,436.90000000000003,6,0
2021-06-26,8.2,65.7000000000001,86.10000000000002,428.1,6,0
2021-06-27,3.7,17.10000000000011,79.10000000000002,382.40000000000003,6,0
2021-06-28,10.7,22.60000000000011,88.30000000000001,334.6,6,1
2021-06-29,55.3,69.7000000000001,142.3,261.59999999999997,6,0
2021-06-30,32.1,98.10000000000011,167.5,227.2,6,0
2021-07-01,99.5,186.90000000000012,214.70000000000005,320.2,7,1
2021-07-02,19.9,151.5000000000001,229.4,322.7,7,0
2021-07-03,6.2,125.60000000000011,227.40000000000003,313.5,7,1
2021-07-04,15.4,41.500000000000114,239.10000000000002,318.2,7,0
2021-07-05,38.4,60.000000000000114,266.8,355.09999999999997,7,0
2021-07-06,2.4,56.20000000000011,213.90000000000003,356.2,7,0
2021-07-07,9.4,50.20000000000012,191.20000000000002,358.7,7,1
2021-07-08,15.2,27.000000000000114,106.90000000000003,321.59999999999997,7,1
2021-07-09,6.4,31.000000000000114,93.40000000000002,322.8,7,0
2021-07-10,11.3,32.90000000000011,98.50000000000003,325.90000000000003,7,0
2021-07-11,98.2,115.90000000000012,181.3,420.40000000000003,7,0
2021-07-12,5.4,114.90000000000012,148.3,415.09999999999997,7,0
2021-07-13,25.5,129.1000000000001,171.4,385.3,7,0
2021-07-14,16.7,47.60000000000011,178.70000000000005,369.9,7,0
2021-07-15,20.6,62.80000000000011,184.10000000000002,291.0,7,1
2021-07-16,27.3,64.60000000000011,205.0,298.40000000000003,7,0
2021-07-17,44.5,92.40000000000012,238.20000000000005,336.7,7,0
2021-07-18,30.5,102.30000000000013,170.50000000000006,351.8,7,0
2021-07-19,37.6,112.60000000000011,202.70000000000005,351.0,7,0
2021-07-20,43.7,111.80000000000011,220.90000000000003,392.3,7,0
2021-07-21,17.1,98.40000000000012,221.3,400.0,7,0
2021-07-22,7.0,67.80000000000013,207.70000000000005,391.8,7,0
2021-07-23,1.0,25.100000000000115,181.40000000000003,386.4,7,0
2021-07-24,2.8,10.800000000000114,139.70000000000002,377.9,7,0
2021-07-25,8.1,11.900000000000112,117.30000000000004,287.8,7,0
2021-07-26,20.7,31.60000000000011,100.40000000000003,303.1,7,0
2021-07-27,18.5,47.30000000000011,75.20000000000003,296.1,7,0
2021-07-28,16.9,56.100000000000115,75.00000000000003,296.3,7,0
2021-07-29,2.0,37.40000000000011,70.00000000000003,277.7,7,0
2021-07-30,12.4,31.30000000000011,81.40000000000002,262.8,7,0
2021-07-31,1.0,15.400000000000114,79.60000000000002,219.29999999999998,7,0
2021-08-01,16.4,29.80000000000011,87.90000000000003,205.20000000000002,8,0
2021-08-02,7.0,24.400000000000112,74.20000000000003,174.6,8,0
2021-08-03,4.3,27.700000000000113,60.00000000000003,135.20000000000002,8,0
2021-08-04,16.1,27.400000000000116,59.20000000000003,134.2,8,0
2021-08-05,3.4,23.800000000000114,60.60000000000003,130.6,8,0
2021-08-06,1.4,20.900000000000116,49.60000000000003,131.0,8,0
2021-08-07,2.1,6.900000000000114,50.70000000000003,130.29999999999998,8,0
2021-08-08,3.8,7.3000000000001135,38.10000000000003,126.0,8,0
2021-08-09,12.4,18.300000000000114,43.50000000000003,117.7,8,0
2021-08-10,8.1,24.30000000000011,47.30000000000003,107.30000000000001,8,0
2021-08-11,3.0,23.500000000000114,34.20000000000003,93.4,8,0
2021-08-12,7.3,18.400000000000112,38.10000000000003,98.7,8,0
2021-08-13,53.2,63.500000000000114,89.90000000000003,139.5,8,0
2021-08-14,33.7,94.20000000000012,121.50000000000003,172.20000000000002,8,0
2021-08-15,40.2,127.10000000000012,157.90000000000003,196.0,8,0
2021-08-16,14.2,88.10000000000012,159.70000000000002,203.20000000000002,8,0
2021-08-17,31.1,85.50000000000011,182.70000000000005,230.0,8,0
2021-08-18,11.7,57.000000000000114,191.40000000000003,225.6,8,0
2021-08-19,31.8,74.60000000000011,215.90000000000006,254.0,8,0
2021-08-20,35.6,79.10000000000012,198.30000000000004,288.20000000000005,8,0
2021-08-21,18.3,85.70000000000012,182.90000000000003,304.4,8,0
2021-08-22,11.0,64.90000000000012,153.70000000000005,311.59999999999997,8,0
2021-08-23,121.2,150.5000000000001,260.70000000000005,420.4,8,0
2021-08-24,53.8,186.0000000000001,283.40000000000003,466.09999999999997,8,0
2021-08-25,5.4,180.4000000000001,277.1,468.5,8,0
2021-08-26,16.3,75.50000000000011,261.6,477.5,8,0
2021-08-27,109.9,131.60000000000014,335.90000000000003,534.2,8,0
2021-08-28,8.3,134.5000000000001,325.90000000000003,508.8,8,0
2021-08-29,119.4,237.60000000000014,434.3,588.0,8,0
2021-08-30,16.7,144.40000000000012,329.8,590.5,8,0
2021-08-31,5.2,141.3000000000001,281.20000000000005,564.6,8,0
2021-09-01,13.1,35.000000000000114,288.90000000000003,566.0,9,1
2021-09-02,32.3,50.60000000000011,304.90000000000003,566.5,9,1
2021-09-03,27.9,73.3000000000001,222.90000000000003,558.8000000000001,9,0
2021-09-04,4.5,64.7000000000001,219.10000000000002,545.0,9,0
2021-09-05,2.7,35.100000000000115,102.40000000000002,536.6999999999999,9,0
2021-09-06,4.3,11.500000000000114,90.00000000000003,419.8,9,0
2021-09-07,16.0,23.000000000000114,100.80000000000001,382.0,9,0
2021-09-08,16.6,36.90000000000012,104.30000000000003,393.2,9,0
2021-09-09,3.0,35.60000000000012,75.00000000000003,379.9,9,0
2021-09-10,6.9,26.500000000000114,54.00000000000003,276.9,9,0
2021-09-11,0.8,10.700000000000115,50.30000000000003,269.4,9,0
2021-09-12,1.2,8.900000000000114,48.800000000000026,151.20000000000002,9,0
2021-09-13,0.8,2.8000000000001135,45.30000000000003,135.29999999999998,9,0
2021-09-14,1.0,3.0000000000001137,30.30000000000003,131.1,9,0
2021-09-15,16.0,17.800000000000114,29.700000000000028,134.0,9,0
2021-09-16,26.3,43.30000000000011,53.00000000000003,128.0,9,0
2021-09-17,15.6,57.90000000000011,61.70000000000003,115.69999999999999,9,0
2021-09-18,2.7,44.600000000000115,63.60000000000002,113.89999999999999,9,0
2021-09-19,12.5,30.800000000000114,74.90000000000003,123.7,9,0
2021-09-20,106.9,122.10000000000012,181.00000000000006,226.3,9,0
2021-09-21,37.3,156.7000000000001,217.30000000000004,247.60000000000002,9,0
2021-09-22,8.5,152.7000000000001,209.80000000000004,239.5,9,0
2021-09-23,1.7,47.500000000000114,185.20000000000002,238.2,9,0
2021-09-24,3.2,13.400000000000114,172.80000000000004,234.5,9,0
2021-09-25,2.6,7.500000000000114,172.70000000000005,236.3,9,0
2021-09-26,2.2,8.000000000000114,162.40000000000003,237.3,9,0
2021-09-27,1.5,6.300000000000114,57.00000000000003,238.0,9,0
2021-09-28,1.2,4.900000000000114,20.90000000000003,238.2,9,0
2021-09-29,1.5,4.200000000000114,13.900000000000029,223.7,9,0
2021-09-30,1.3,4.000000000000114,13.50000000000003,198.7,9,0
2021-10-01,4.3,7.100000000000113,14.600000000000028,187.39999999999998,10,0
2021-10-02,6.6,12.200000000000113,18.60000000000003,191.3,10,0
2021-10-03,5.6,16.500000000000114,22.00000000000003,184.4,10,0
2021-10-04,20.3,32.500000000000114,40.800000000000026,97.8,10,0
2021-10-05,9.0,34.90000000000011,48.60000000000002,69.5,10,0
2021-10-06,4.4,33.70000000000012,51.50000000000003,65.4,10,0
2021-10-07,3.7,17.100000000000115,53.90000000000003,67.39999999999999,10,0
2021-10-08,2.4,10.500000000000114,52.00000000000003,66.6,10,0
2021-10-09,12.4,18.500000000000114,57.80000000000003,76.4,10,0
2021-10-10,21.2,36.000000000000114,73.40000000000003,95.4,10,0
2021-10-11,0.1,33.70000000000012,53.20000000000003,94.0,10,0
2021-10-12,0.0,21.300000000000114,44.20000000000003,92.8,10,0
2021-10-13,0.0,0.10000000000011369,39.800000000000026,91.3,10,0
2021-10-14,0.0,0.0,36.10000000000003,90.0,10,0
2021-10-15,0.0,0.0,33.700000000000024,85.7,10,0
2021-10-16,0.0,0.0,21.300000000000026,79.10000000000001,10,0
2021-10-17,5.9,5.900000000000114,6.000000000000028,79.4,10,0
2021-10-18,51.7,57.600000000000115,57.60000000000003,110.80000000000001,10,0
2021-10-19,70.7,128.30000000000013,128.30000000000004,172.5,10,0
2021-10-20,25.4,147.8000000000001,153.70000000000002,193.5,10,0
2021-10-21,3.2,99.30000000000011,156.90000000000003,193.0,10,0
2021-10-22,6.6,35.200000000000095,163.50000000000003,197.2,10,0
2021-10-23,2.4,12.200000000000099,165.90000000000003,187.2,10,0
2021-10-24,1.2,10.2000000000001,161.20000000000002,167.20000000000002,10,0
2021-10-25,4.8,8.400000000000098,114.30000000000003,171.9,10,0
2021-10-26,0.5,6.500000000000099,44.10000000000001,172.4,10,0
2021-10-27,0.7,6.0000000000000995,19.400000000000013,173.10000000000002,10,0
2021-10-28,0.2,1.4000000000000994,16.400000000000013,173.3,10,0
2021-10-29,1.9,2.8000000000000993,11.700000000000014,175.20000000000002,10,0
2021-10-30,11.1,13.200000000000099,20.400000000000013,186.3,10,0
2021-10-31,7.6,20.6000000000001,26.80000000000001,188.0,10,0
2021-11-01,0.3,19.0000000000001,22.30000000000001,136.6,11,0
2021-11-02,1.1,9.0000000000001,22.900000000000013,67.0,11,0
2021-11-03,13.1,14.5000000000001,35.30000000000001,54.699999999999996,11,0
2021-11-04,1.6,15.800000000000098,36.70000000000001,53.099999999999994,11,0
2021-11-05,7.8,22.5000000000001,42.60000000000001,54.3,11,0
2021-11-06,7.6,17.0000000000001,39.100000000000016,59.49999999999999,11,0
2021-11-07,1.6,17.0000000000001,33.100000000000016,59.9,11,0
2021-11-08,0.0,9.200000000000099,32.80000000000002,55.099999999999994,11,0
2021-11-09,2.4,4.0000000000000995,34.100000000000016,56.99999999999999,11,0
2021-11-10,0.7,3.100000000000099,21.700000000000014,57.0,11,0
2021-11-11,0.7,3.8000000000000993,20.800000000000015,57.49999999999999,11,0
2021-11-12,0.2,1.6000000000000993,13.200000000000014,55.8,11,0
2021-11-13,0.0,0.9000000000000994,5.600000000000014,44.7,11,0
2021-11-14,1.3,1.5000000000000995,5.300000000000015,38.4,11,0
2021-11-15,0.0,1.3000000000000995,5.300000000000015,38.099999999999994,11,0
2021-11-16,0.0,1.3000000000000995,2.900000000000014,37.0,11,0
2021-11-17,0.0,0.0,2.2000000000000144,23.900000000000002,11,0
2021-11-18,0.0,0.0,1.5000000000000142,22.3,11,0
2021-11-19,0.0,0.0,1.3000000000000143,14.5,11,0
2021-11-20,0.2,0.2000000000000995,1.5000000000000142,7.1,11,0
2021-11-21,0.0,0.2000000000000995,0.20000000000001422,5.5,11,0
2021-11-22,0.0,0.2000000000000995,0.20000000000001422,5.5,11,0
2021-11-23,0.0,0.0,0.20000000000001422,3.1,11,0
2021-11-24,4.7,4.7000000000001,4.900000000000015,7.1000000000000005,11,0
2021-11-25,2.5,7.2000000000001,7.400000000000015,8.9,11,0
2021-11-26,4.9,12.100000000000101,12.300000000000015,13.600000000000001,11,0
2021-11-27,0.6,8.0000000000001,12.700000000000015,14.200000000000001,11,0
2021-11-28,0.0,5.5000000000000995,12.700000000000015,12.9,11,0
2021-11-29,0.0,0.6000000000000995,12.700000000000015,12.9,11,0
2021-11-30,0.0,0.0,12.700000000000015,12.9,11,0
2021-12-01,0.0,0.0,8.000000000000014,12.9,12,0
2021-12-02,3.3,3.3000000000000993,8.800000000000015,16.2,12,0
2021-12-03,20.4,23.7000000000001,24.30000000000001,36.599999999999994,12,0
2021-12-04,0.1,23.8000000000001,23.80000000000001,36.49999999999999,12,0
2021-12-05,0.7,21.2000000000001,24.50000000000001,37.199999999999996,12,0
2021-12-06,3.4,4.200000000000099,27.90000000000001,40.599999999999994,12,0
2021-12-07,0.0,4.100000000000099,27.90000000000001,40.599999999999994,12,0
2021-12-08,0.0,3.4000000000000994,27.90000000000001,35.9,12,0
2021-12-09,0.0,0.0,24.600000000000012,33.4,12,0
2021-12-10,0.9,0.9000000000000995,5.100000000000014,29.4,12,0
2021-12-11,0.0,0.9000000000000995,5.000000000000014,28.799999999999997,12,0
2021-12-12,0.0,0.9000000000000995,4.300000000000014,28.799999999999997,12,0
2021-12-13,0.0,0.0,0.9000000000000142,28.799999999999997,12,0
2021-12-14,0.0,0.0,0.9000000000000142,28.799999999999997,12,0
2021-12-15,0.1,0.10000000000009948,1.0000000000000142,28.899999999999995,12,0
2021-12-16,0.0,0.10000000000009948,1.0000000000000142,25.599999999999998,12,0
2021-12-17,0.0,0.10000000000009948,0.10000000000001422,5.2,12,0
2021-12-18,0.2,0.2000000000000995,0.30000000000001426,5.3,12,0
2021-12-19,0.1,0.3000000000000995,0.40000000000001423,4.7,12,0
2021-12-20,0.0,0.3000000000000995,0.40000000000001423,1.3,12,0
2021-12-21,0.0,0.10000000000009948,0.40000000000001423,1.3,12,0
2021-12-22,0.0,0.0,0.30000000000001426,1.3,12,0
2021-12-23,0.0,0.0,0.30000000000001426,1.3,12,0
2021-12-24,0.0,0.0,0.30000000000001426,0.4,12,0
2021-12-25,1.0,1.0000000000000995,1.1000000000000143,1.4,12,0
2021-12-26,3.5,4.5000000000000995,4.500000000000014,4.9,12,0
2021-12-27,34.9,39.4000000000001,39.40000000000001,39.8,12,0
2021-12-28,4.8,43.200000000000095,44.20000000000001,44.599999999999994,12,0
2021-12-29,14.7,54.4000000000001,58.90000000000001,59.199999999999996,12,0
2021-12-30,12.4,31.900000000000098,71.30000000000001,71.6,12,0
2021-12-31,0.9,28.0000000000001,72.20000000000002,72.5,12,0
2022-01-01,2.2,15.5000000000001,73.40000000000002,74.5,1,0
2022-01-02,0.0,3.1000000000000996,69.90000000000002,74.4,1,0
2022-01-03,0.0,2.2000000000000997,35.000000000000014,74.4,1,0
2022-01-04,0.0,0.0,30.200000000000014,74.4,1,0
2022-01-05,0.9,0.9000000000000995,16.400000000000016,75.3,1,0
2022-01-06,10.5,11.4000000000001,14.500000000000014,85.8,1,0
2022-01-07,5.1,16.5000000000001,18.700000000000014,90.9,1,0
2022-01-08,1.6,17.2000000000001,18.100000000000016,91.5,1,0
2022-01-09,8.8,15.5000000000001,26.900000000000013,96.8,1,0
2022-01-10,11.2,21.6000000000001,38.100000000000016,73.1,1,0
2022-01-11,0.0,20.0000000000001,38.100000000000016,68.3,1,0
2022-01-12,1.4,12.6000000000001,38.600000000000016,55.0,1,0
2022-01-13,2.0,3.4000000000000994,30.100000000000016,44.6,1,0
2022-01-14,0.0,3.4000000000000994,25.000000000000014,43.7,1,0
2022-01-15,3.9,5.9000000000001,27.30000000000001,45.4,1,0
2022-01-16,0.0,3.9000000000000994,18.500000000000014,45.4,1,0
2022-01-17,0.0,3.9000000000000994,7.300000000000014,45.4,1,0
2022-01-18,0.0,0.0,7.300000000000014,45.4,1,0
2022-01-19,0.0,0.0,5.900000000000015,44.5,1,0
2022-01-20,1.0,1.0000000000000995,4.900000000000015,35.0,1,0
2022-01-21,5.8,6.800000000000099,10.700000000000014,35.7,1,0
2022-01-22,8.6,15.400000000000098,15.400000000000013,42.699999999999996,1,0
2022-01-23,11.5,25.900000000000098,26.900000000000013,45.4,1,0
2022-01-24,32.5,52.600000000000094,59.40000000000001,66.69999999999999,1,0
2022-01-25,14.9,58.9000000000001,74.30000000000001,81.6,1,0
2022-01-26,17.1,64.50000000000009,91.4,97.30000000000001,1,0
2022-01-27,0.6,32.600000000000094,91.00000000000001,95.9,1,0
2022-01-28,0.0,17.700000000000095,85.20000000000002,95.9,1,0
2022-01-29,0.0,0.6000000000000923,76.60000000000002,92.0,1,0
2022-01-30,1.5,1.5000000000000924,66.60000000000002,93.5,1,0
2022-01-31,29.9,31.40000000000009,64.00000000000001,123.4,1,0
2022-02-01,21.2,52.600000000000094,70.30000000000001,144.6,2,0
2022-02-02,1.3,52.40000000000009,54.500000000000014,145.9,2,0
2022-02-03,6.8,29.30000000000009,60.70000000000001,151.7,2,0
2022-02-04,45.5,53.600000000000094,106.20000000000002,191.39999999999998,2,0
2022-02-05,25.5,77.8000000000001,131.70000000000002,208.29999999999998,2,0
2022-02-06,0.1,71.1000000000001,130.3,196.89999999999998,2,0
2022-02-07,0.6,26.20000000000009,101.0,165.0,2,0
2022-02-08,3.7,4.400000000000093,83.50000000000001,153.79999999999998,2,0
2022-02-09,27.3,31.600000000000094,109.50000000000003,164.0,2,0
2022-02-10,5.3,36.30000000000009,108.00000000000001,168.7,2,0
2022-02-11,28.2,60.8000000000001,90.70000000000002,196.9,2,0
2022-02-12,6.1,39.600000000000094,71.30000000000001,203.0,2,0
2022-02-13,0.0,34.3000000000001,71.20000000000002,201.5,2,0
2022-02-14,0.3,6.400000000000092,70.90000000000002,171.9,2,0
2022-02-15,11.7,12.000000000000092,78.9,162.4,2,0
2022-02-16,6.2,18.20000000000009,57.80000000000001,167.29999999999998,2,0
2022-02-17,3.9,21.800000000000093,56.40000000000002,164.4,2,0
2022-02-18,11.3,21.40000000000009,39.500000000000014,130.20000000000002,2,0
2022-02-19,4.4,19.600000000000094,37.80000000000001,109.10000000000001,2,0
2022-02-20,18.0,33.700000000000095,55.80000000000001,127.0,2,0
2022-02-21,9.5,31.900000000000095,65.00000000000001,135.9,2,0
2022-02-22,0.3,27.800000000000093,53.60000000000001,132.5,2,0
2022-02-23,1.3,11.100000000000092,48.70000000000002,106.5,2,0
2022-02-24,7.8,9.400000000000093,52.60000000000001,109.0,2,0
2022-02-25,14.8,23.90000000000009,56.100000000000016,95.60000000000001,2,0
2022-02-26,14.3,36.90000000000009,66.00000000000001,103.8,2,0
2022-02-27,11.4,40.5000000000001,59.40000000000002,115.2,2,0
2022-02-28,8.7,34.40000000000009,58.600000000000016,123.6,2,0
2022-03-01,4.5,24.600000000000094,62.80000000000002,116.4,3,0
2022-03-02,3.9,17.10000000000009,65.40000000000002,114.1,3,0
2022-03-03,8.7,17.100000000000094,66.30000000000001,118.9,3,0
2022-03-04,7.0,19.600000000000094,58.500000000000014,114.6,3,0
2022-03-05,3.6,19.300000000000093,47.80000000000002,113.8,3,0
2022-03-06,0.0,10.600000000000092,36.40000000000002,95.8,3,0
2022-03-07,0.0,3.6000000000000925,27.700000000000014,86.3,3,0
2022-03-08,0.0,0.0,23.200000000000014,86.0,3,0
2022-03-09,0.0,0.0,19.300000000000015,84.7,3,0
2022-03-10,2.8,2.800000000000092,13.400000000000015,79.69999999999999,3,0
2022-03-11,2.4,5.200000000000092,8.800000000000015,67.3,3,0
2022-03-12,0.2,5.400000000000092,5.400000000000015,53.2,3,0
2022-03-13,0.0,2.6000000000000925,5.400000000000015,41.8,3,0
2022-03-14,0.0,0.20000000000009238,5.400000000000015,33.1,3,0
2022-03-15,0.6,0.6000000000000923,6.000000000000014,29.2,3,0
2022-03-16,0.0,0.6000000000000923,6.000000000000014,25.3,3,0
2022-03-17,0.0,0.6000000000000923,3.2000000000000144,16.6,3,0
2022-03-18,0.0,0.0,0.8000000000000143,9.6,3,0
2022-03-19,0.5,0.5000000000000924,1.1000000000000143,6.5,3,0
2022-03-20,4.2,4.7000000000000925,5.300000000000015,10.7,3,0
2022-03-21,0.2,4.900000000000093,5.500000000000014,10.9,3,0
2022-03-22,0.0,4.400000000000093,4.900000000000015,10.9,3,0
2022-03-23,5.7,5.900000000000093,10.600000000000016,16.6,3,0
2022-03-24,2.3,8.000000000000092,12.900000000000015,16.1,3,0
2022-03-25,0.0,8.000000000000092,12.900000000000015,13.700000000000001,3,0
2022-03-26,0.0,2.300000000000092,12.400000000000015,13.5,3,0
2022-03-27,0.5,0.5000000000000924,8.700000000000014,14.0,3,0
2022-03-28,2.7,3.2000000000000925,11.200000000000014,16.7,3,0
2022-03-29,7.5,10.700000000000092,18.700000000000014,23.599999999999998,3,0
2022-03-30,10.0,20.20000000000009,23.000000000000014,33.599999999999994,3,0
2022-03-31,0.6,18.100000000000094,21.30000000000001,34.199999999999996,3,0
2022-04-01,1.0,11.600000000000092,22.30000000000001,35.199999999999996,4,0
2022-04-02,8.1,9.700000000000092,30.400000000000013,42.8,4,0
2022-04-03,14.6,23.70000000000009,44.500000000000014,53.2,4,0
2022-04-04,0.6,23.300000000000093,42.400000000000006,53.6,4,0
2022-04-05,0.4,15.600000000000092,35.30000000000001,54.0,4,0
2022-04-06,0.0,1.0000000000000924,25.30000000000001,48.3,4,0
2022-04-07,2.3,2.700000000000092,27.00000000000001,48.3,4,0
2022-04-08,0.1,2.4000000000000923,26.10000000000001,48.4,4,0
2022-04-09,3.0,5.400000000000093,21.00000000000001,51.4,4,0
2022-04-10,0.2,3.3000000000000926,6.600000000000012,51.1,4,0
2022-04-11,3.6,6.800000000000093,9.600000000000012,51.99999999999999,4,0
2022-04-12,2.1,5.900000000000093,11.300000000000013,46.599999999999994,4,0
2022-04-13,4.9,10.600000000000094,16.200000000000014,41.5,4,0
2022-04-14,5.4,12.400000000000095,19.30000000000001,46.300000000000004,4,0
2022-04-15,1.0,11.300000000000093,20.200000000000017,46.300000000000004,4,0
2022-04-16,1.4,7.800000000000093,18.600000000000016,39.6,4,0
2022-04-17,0.0,2.4000000000000923,18.400000000000013,25.0,4,0
2022-04-18,0.0,1.4000000000000923,14.800000000000015,24.400000000000002,4,0
2022-04-19,0.0,0.0,12.700000000000014,24.0,4,0
2022-04-20,2.7,2.7000000000000925,10.500000000000012,26.7,4,0
2022-04-21,4.9,7.600000000000093,10.000000000000012,29.300000000000004,4,0
2022-04-22,5.3,12.900000000000093,14.300000000000011,34.5,4,0
2022-04-23,0.3,10.500000000000092,13.200000000000012,31.8,4,0
2022-04-24,0.0,5.600000000000092,13.200000000000012,31.6,4,0
2022-04-25,0.0,0.30000000000009236,13.200000000000012,28.0,4,0
2022-04-26,3.7,3.7000000000000925,16.900000000000013,29.6,4,0
2022-04-27,0.0,3.7000000000000925,14.200000000000014,24.7,4,0
2022-04-28,0.8,4.500000000000092,10.100000000000012,20.099999999999998,4,0
2022-04-29,0.0,0.8000000000000924,4.800000000000012,19.1,4,0
2022-04-30,7.5,8.300000000000093,12.000000000000012,25.2,4,0
2022-05-01,11.2,18.70000000000009,23.20000000000001,36.4,5,0
2022-05-02,6.0,24.70000000000009,29.20000000000001,42.4,5,0
2022-05-03,1.7,18.90000000000009,27.200000000000014,44.1,5,0
2022-05-04,6.6,14.300000000000093,33.80000000000001,47.99999999999999,5,0
2022-05-05,7.0,15.300000000000093,40.00000000000001,50.099999999999994,5,1
2022-05-06,5.8,19.40000000000009,45.80000000000001,50.6,5,0
2022-05-07,1.4,14.200000000000092,39.70000000000001,51.699999999999996,5,0
2022-05-08,4.9,12.100000000000094,33.40000000000001,56.599999999999994,5,0
2022-05-09,0.6,6.900000000000093,28.000000000000014,57.199999999999996,5,0
2022-05-10,1.4,6.900000000000093,27.700000000000014,54.9,5,0
2022-05-11,1.5,3.5000000000000924,22.600000000000012,56.4,5,0
2022-05-12,0.6,3.5000000000000924,16.200000000000014,56.199999999999996,5,0
2022-05-13,1.7,3.800000000000092,12.100000000000012,57.9,5,0
2022-05-14,0.0,2.300000000000092,10.700000000000014,50.400000000000006,5,0
2022-05-15,7.8,9.500000000000092,13.600000000000012,47.0,5,0
2022-05-16,3.5,11.300000000000093,16.500000000000014,44.5,5,0
2022-05-17,8.9,20.20000000000009,24.000000000000014,51.699999999999996,5,0
2022-05-18,5.7,18.10000000000009,28.200000000000014,50.800000000000004,5,0
2022-05-19,1.5,16.10000000000009,29.100000000000012,45.300000000000004,5,0
2022-05-20,0.9,8.10000000000009,28.30000000000001,40.4,5,0
2022-05-21,3.4,5.80000000000009,31.70000000000001,42.4,5,0
2022-05-22,0.4,4.700000000000091,24.300000000000015,37.9,5,0
2022-05-23,0.5,4.30000000000009,21.30000000000001,37.8,5,0
2022-05-24,6.7,7.60000000000009,19.100000000000012,43.1,5,0
2022-05-25,33.7,40.90000000000009,47.100000000000016,75.30000000000001,5,0
2022-05-26,0.9,41.30000000000009,46.500000000000014,75.6,5,0
2022-05-27,0.3,34.90000000000009,45.90000000000002,74.2,5,0
2022-05-28,11.6,12.800000000000084,54.10000000000001,85.80000000000001,5,0
2022-05-29,4.4,16.300000000000082,58.10000000000001,82.39999999999999,5,0
2022-05-30,25.8,41.80000000000008,83.4,104.70000000000002,5,0
2022-05-31,3.8,34.000000000000085,80.50000000000001,99.60000000000001,5,0
2022-06-01,17.0,46.600000000000094,63.80000000000001,110.9,6,0
2022-06-02,12.5,33.30000000000008,75.40000000000002,121.9,6,0
2022-06-03,3.1,32.60000000000009,78.20000000000002,124.1,6,0
2022-06-04,2.3,17.900000000000084,68.9,123.0,6,0
2022-06-05,9.9,15.300000000000086,74.40000000000002,132.5,6,0
2022-06-06,5.8,18.000000000000085,54.40000000000001,137.8,6,0
2022-06-07,10.6,26.300000000000086,61.20000000000002,141.70000000000002,6,0
2022-06-08,13.1,29.500000000000085,57.30000000000002,121.1,6,0
2022-06-09,5.2,28.900000000000087,50.00000000000001,125.4,6,0
2022-06-10,23.6,41.90000000000009,70.50000000000001,148.70000000000002,6,0
2022-06-11,2.5,31.300000000000086,70.70000000000002,139.60000000000002,6,0
2022-06-12,5.5,31.600000000000087,66.30000000000001,140.70000000000002,6,0
2022-06-13,0.2,8.200000000000085,60.70000000000002,115.1,6,0
2022-06-14,7.0,12.700000000000085,57.100000000000016,118.3,6,0
2022-06-15,24.4,31.600000000000083,68.4,125.69999999999999,6,0
2022-06-16,30.9,62.30000000000008,94.10000000000002,144.1,6,0
2022-06-17,17.6,72.90000000000009,88.10000000000001,158.6,6,0
2022-06-18,26.3,74.80000000000008,111.9,182.6,6,0
2022-06-19,59.0,102.90000000000009,165.4,231.7,6,0
2022-06-20,14.8,100.1000000000001,180.00000000000003,240.70000000000002,6,0
2022-06-21,4.0,77.80000000000008,177.00000000000003,234.10000000000002,6,0
2022-06-22,3.2,22.000000000000078,155.8,224.20000000000002,6,0
2022-06-23,7.0,14.200000000000077,131.9,226.0,6,0
2022-06-24,14.0,24.200000000000077,128.3,216.4,6,0
2022-06-25,13.2,34.200000000000074,115.20000000000002,227.1,6,1
2022-06-26,5.1,32.300000000000075,61.30000000000001,226.70000000000002,6,1
2022-06-27,4.1,22.400000000000077,50.600000000000016,230.6,6,0
2022-06-28,24.6,33.80000000000008,71.20000000000002,248.2,6,0
2022-06-29,36.8,65.50000000000009,104.80000000000001,260.6,6,0
2022-06-30,3.9,65.30000000000008,101.7,233.6,6,0
2022-07-01,1.4,42.10000000000007,89.10000000000002,217.4,7,0
2022-07-02,3.3,8.600000000000078,79.20000000000002,194.4,7,0
2022-07-03,1.3,6.000000000000077,75.4,136.7,7,0
2022-07-04,3.7,8.300000000000079,75.00000000000001,125.6,7,0
2022-07-05,7.4,12.400000000000079,57.80000000000001,129.0,7,0
2022-07-06,3.3,14.400000000000077,24.300000000000015,129.1,7,0
2022-07-07,2.3,13.000000000000078,22.700000000000017,124.39999999999999,7,0
2022-07-08,17.7,23.300000000000075,39.000000000000014,128.1,7,0
2022-07-09,27.8,47.80000000000008,63.500000000000014,142.7,7,0
2022-07-10,1.0,46.500000000000085,63.20000000000001,138.6,7,0
2022-07-11,0.8,29.60000000000008,60.30000000000001,135.3,7,0
2022-07-12,1.5,3.300000000000078,54.400000000000006,112.19999999999999,7,0
2022-07-13,1.1,3.4000000000000785,52.20000000000001,76.5,7,0
2022-07-14,1.5,4.100000000000079,51.40000000000001,74.1,7,0
2022-07-15,4.0,6.600000000000079,37.70000000000001,76.7,7,0
2022-07-16,5.5,11.000000000000078,15.400000000000011,78.9,7,0
2022-07-17,1.7,11.200000000000077,16.100000000000012,79.3,7,0
2022-07-18,1.8,9.000000000000078,17.10000000000001,77.4,7,0
2022-07-19,26.6,30.10000000000008,42.20000000000001,96.6,7,0
2022-07-20,48.4,76.80000000000008,89.5,141.7,7,0
2022-07-21,23.3,98.30000000000008,111.30000000000001,162.7,7,0
2022-07-22,13.8,85.50000000000007,121.10000000000001,158.8,7,0
2022-07-23,8.9,46.00000000000008,124.50000000000001,139.9,7,0
2022-07-24,8.1,30.80000000000008,130.9,147.0,7,0
2022-07-25,6.7,23.700000000000077,135.8,152.9,7,0
2022-07-26,14.3,29.10000000000008,123.5,165.70000000000002,7,0
2022-07-27,6.3,27.300000000000075,81.4,170.9,7,0
2022-07-28,1.3,21.900000000000077,59.40000000000001,170.70000000000002,7,0
2022-07-29,2.4,10.000000000000076,48.00000000000001,169.10000000000002,7,0
2022-07-30,4.4,8.100000000000076,43.50000000000001,168.00000000000003,7,0
2022-07-31,44.3,51.10000000000007,79.7,210.6,7,0
2022-08-01,11.9,60.60000000000007,84.9,220.70000000000002,8,1
2022-08-02,31.0,87.20000000000007,101.6,225.1,8,0
2022-08-03,13.3,56.200000000000074,108.60000000000001,189.99999999999997,8,0
2022-08-04,5.2,49.50000000000008,112.50000000000001,171.9,8,0
2022-08-05,3.0,21.500000000000078,113.10000000000001,161.1,8,0
2022-08-06,12.3,20.500000000000078,121.0,164.49999999999997,8,0
2022-08-07,22.0,37.30000000000008,98.70000000000002,178.39999999999998,8,0
2022-08-08,3.7,38.00000000000008,90.50000000000001,175.4,8,0
2022-08-09,18.1,43.80000000000008,77.60000000000001,179.2,8,0
2022-08-10,6.9,28.70000000000008,71.20000000000002,179.8,8,0
2022-08-11,3.4,28.40000000000008,69.4,181.9,8,0
2022-08-12,0.8,11.100000000000078,67.2,180.29999999999998,8,0
2022-08-13,0.9,5.100000000000078,55.80000000000001,176.79999999999998,8,0
2022-08-14,3.1,4.800000000000079,36.90000000000001,135.6,8,0
2022-08-15,1.0,5.000000000000078,34.20000000000001,124.69999999999999,8,0
2022-08-16,5.0,9.100000000000078,21.10000000000001,98.69999999999999,8,0
2022-08-17,4.3,10.300000000000079,18.500000000000007,89.7,8,0
2022-08-18,18.5,27.80000000000008,33.60000000000001,103.0,8,0
2022-08-19,10.9,33.70000000000008,43.70000000000001,110.89999999999999,8,0
2022-08-20,1.6,31.000000000000078,44.400000000000006,100.2,8,0
2022-08-21,0.6,13.100000000000078,41.90000000000001,78.8,8,0
2022-08-22,3.5,5.700000000000078,44.40000000000001,78.6,8,0
2022-08-23,2.7,6.800000000000078,42.10000000000001,63.2,8,0
2022-08-24,0.4,6.600000000000079,38.20000000000001,56.7,8,0
2022-08-25,12.1,15.200000000000077,31.800000000000008,65.4,8,0
2022-08-26,22.5,35.00000000000008,43.400000000000006,87.10000000000001,8,1
2022-08-27,20.5,55.10000000000008,62.300000000000004,106.7,8,0
2022-08-28,63.1,106.10000000000008,124.80000000000001,166.7,8,0
2022-08-29,6.0,89.60000000000008,127.30000000000001,171.7,8,0
2022-08-30,1.3,70.40000000000008,125.9,168.0,8,0
2022-08-31,7.9,15.200000000000077,133.4,171.6,8,0
2022-09-01,68.7,77.90000000000008,190.0,221.8,9,0
2022-09-02,12.7,89.30000000000008,180.20000000000002,223.6,9,0
2022-09-03,21.1,102.50000000000007,180.8,243.1,9,0
2022-09-04,5.4,39.200000000000074,123.10000000000002,247.9,9,0
2022-09-05,1.7,28.200000000000074,118.80000000000003,246.1,9,0
2022-09-06,15.3,22.40000000000007,132.8,258.7,9,0
2022-09-07,4.5,21.50000000000007,129.4,262.79999999999995,9,0
2022-09-08,0.3,20.10000000000007,61.000000000000014,251.00000000000003,9,0
2022-09-09,0.0,4.800000000000071,48.30000000000001,228.50000000000003,9,0
2022-09-10,10.1,10.40000000000007,37.30000000000001,218.10000000000002,9,0
2022-09-11,0.1,10.20000000000007,32.000000000000014,155.1,9,0
2022-09-12,11.2,21.40000000000007,41.500000000000014,160.3,9,0
2022-09-13,1.7,13.00000000000007,27.900000000000016,160.70000000000002,9,0
2022-09-14,13.5,26.40000000000007,36.90000000000001,166.3,9,0
2022-09-15,20.6,35.80000000000007,57.20000000000002,118.2,9,0
2022-09-16,7.6,41.70000000000007,64.80000000000001,113.1,9,0
2022-09-17,12.1,40.30000000000007,66.80000000000001,104.10000000000001,9,0
2022-09-18,2.6,22.30000000000007,69.30000000000003,101.3,9,0
2022-09-19,6.2,20.90000000000007,64.30000000000001,105.8,9,0
2022-09-20,1.3,10.100000000000072,63.90000000000001,91.8,9,0
2022-09-21,20.6,28.100000000000072,71.00000000000001,107.9,9,0
2022-09-22,2.8,24.70000000000007,53.20000000000002,110.4,9,0
2022-09-23,4.8,28.200000000000074,50.40000000000001,115.2,9,0
2022-09-24,1.0,8.60000000000007,39.30000000000001,106.1,9,0
2022-09-25,0.5,6.300000000000071,37.20000000000002,106.5,9,0
2022-09-26,9.7,11.20000000000007,40.70000000000002,105.0,9,0
2022-09-27,13.8,24.00000000000007,53.20000000000002,117.10000000000001,9,0
2022-09-28,5.5,29.00000000000007,38.10000000000001,109.10000000000001,9,0
2022-09-29,1.2,20.50000000000007,36.500000000000014,89.7,9,0
2022-09-30,0.3,7.000000000000071,32.000000000000014,82.4,9,0
2022-10-01,1.3,2.800000000000071,32.30000000000002,71.6,10,0
2022-10-02,1.3,2.9000000000000714,33.100000000000016,70.30000000000001,10,0
2022-10-03,0.0,2.6000000000000716,23.400000000000013,64.10000000000001,10,0
2022-10-04,17.3,18.600000000000072,26.900000000000013,80.10000000000001,10,0
2022-10-05,80.4,97.70000000000007,101.80000000000001,139.9,10,1
2022-10-06,39.0,136.70000000000007,139.60000000000002,176.10000000000002,10,0
2022-10-07,18.2,137.60000000000008,157.50000000000003,189.5,10,0
2022-10-08,4.3,61.50000000000007,160.5,192.8,10,0
2022-10-09,9.8,32.30000000000007,169.0,202.10000000000002,10,0
2022-10-10,4.5,18.600000000000072,173.5,196.90000000000003,10,0
2022-10-11,4.1,18.40000000000007,160.3,187.20000000000002,10,0
2022-10-12,2.0,10.60000000000007,81.9,183.70000000000002,10,0
2022-10-13,1.0,7.100000000000071,43.9,183.50000000000003,10,0
2022-10-14,1.2,4.200000000000071,26.900000000000002,184.4,10,0
2022-10-15,0.8,3.000000000000071,23.4,183.9,10,0
2022-10-16,0.2,2.2000000000000712,13.799999999999999,182.8,10,0
2022-10-17,0.0,1.000000000000071,9.299999999999999,182.8,10,0
2022-10-18,0.0,0.20000000000007107,5.2,165.5,10,0
2022-10-19,3.5,3.500000000000071,6.7,88.6,10,0
2022-10-20,0.0,3.500000000000071,5.7,49.6,10,0
2022-10-21,0.0,3.500000000000071,4.5,31.400000000000002,10,0
2022-10-22,0.0,0.0,3.7,27.1,10,0
2022-10-23,0.1,0.10000000000007106,3.6,17.4,10,0
2022-10-24,0.0,0.10000000000007106,3.6,12.9,10,0
2022-10-25,1.3,1.4000000000000712,4.9,10.1,10,0
2022-10-26,1.4,2.7000000000000712,2.8,9.5,10,0
2022-10-27,7.3,10.000000000000071,10.1,15.8,10,0
2022-10-28,4.0,12.70000000000007,14.1,18.6,10,0
2022-10-29,0.0,11.300000000000072,14.1,17.8,10,0
2022-10-30,0.0,4.000000000000071,14.0,17.6,10,0
2022-10-31,0.0,0.0,14.0,17.6,10,0
2022-11-01,0.0,0.0,12.7,17.6,11,0
2022-11-02,0.0,0.0,11.299999999999999,14.100000000000001,11,0
2022-11-03,0.0,0.0,4.0,14.100000000000001,11,0
2022-11-04,0.0,0.0,0.0,14.100000000000001,11,0
2022-11-05,0.0,0.0,0.0,14.100000000000001,11,0
2022-11-06,0.0,0.0,0.0,14.0,11,0
2022-11-07,1.5,1.500000000000071,1.5,15.5,11,0
2022-11-08,0.0,1.500000000000071,1.5,14.2,11,0
2022-11-09,0.9,2.400000000000071,2.4,13.7,11,0
2022-11-10,16.0,16.90000000000007,18.4,22.4,11,0
2022-11-11,15.8,32.700000000000074,34.2,34.2,11,0
2022-11-12,0.1,31.900000000000073,34.300000000000004,34.3,11,0
2022-11-13,0.0,15.900000000000073,34.300000000000004,34.3,11,0
2022-11-14,0.0,0.10000000000007284,32.800000000000004,34.3,11,0
2022-11-15,13.1,13.100000000000072,45.9,47.4,11,0
2022-11-16,10.7,23.80000000000007,55.7,58.099999999999994,11,0
2022-11-17,1.5,25.30000000000007,41.2,59.599999999999994,11,0
2022-11-18,0.0,12.200000000000072,25.4,59.599999999999994,11,0
2022-11-19,0.0,1.5000000000000728,25.299999999999997,59.599999999999994,11,0
2022-11-20,0.0,0.0,25.299999999999997,59.599999999999994,11,0
2022-11-21,0.0,0.0,25.299999999999997,58.099999999999994,11,0
2022-11-22,0.0,0.0,12.200000000000001,58.099999999999994,11,0
2022-11-23,4.3,4.300000000000073,5.800000000000002,61.5,11,0
2022-11-24,0.5,4.800000000000073,4.800000000000002,46.0,11,0
2022-11-25,0.0,4.800000000000073,4.800000000000002,30.2,11,0
2022-11-26,0.0,0.5000000000000728,4.800000000000002,30.099999999999998,11,0
2022-11-27,0.0,0.0,4.800000000000002,30.099999999999998,11,0
2022-11-28,0.0,0.0,4.800000000000002,30.099999999999998,11,0
2022-11-29,0.2,0.20000000000007284,5.000000000000002,17.2,11,0
2022-11-30,0.0,0.20000000000007284,0.7000000000000017,6.5,11,0
2022-12-01,0.0,0.20000000000007284,0.2000000000000018,5.0,12,0
2022-12-02,0.0,0.0,0.2000000000000018,5.0,12,0
2022-12-03,0.0,0.0,0.2000000000000018,5.0,12,0
2022-12-04,0.0,0.0,0.2000000000000018,5.0,12,0
2022-12-05,0.0,0.0,0.2000000000000018,5.0,12,0
2022-12-06,0.0,0.0,0.0,5.0,12,0
2022-12-07,0.0,0.0,0.0,0.7,12,0
2022-12-08,0.0,0.0,0.0,0.2,12,0
2022-12-09,0.0,0.0,0.0,0.2,12,0
2022-12-10,0.0,0.0,0.0,0.2,12,0
2022-12-11,0.0,0.0,0.0,0.2,12,0
2022-12-12,0.0,0.0,0.0,0.2,12,0
2022-12-13,0.0,0.0,0.0,0.0,12,0
2022-12-14,0.0,0.0,0.0,0.0,12,0
2022-12-15,0.2,0.20000000000007284,0.2000000000000018,0.2,12,0
2022-12-16,0.1,0.3000000000000729,0.3000000000000018,0.30000000000000004,12,0
2022-12-17,0.7,1.0000000000000728,1.0000000000000018,1.0,12,0
2022-12-18,1.1,1.900000000000073,2.100000000000002,2.1,12,0
2022-12-19,1.1,2.900000000000073,3.200000000000002,3.2,12,0
2022-12-20,0.0,2.200000000000073,3.200000000000002,3.2,12,0
2022-12-21,0.1,1.200000000000073,3.300000000000002,3.3000000000000003,12,0
2022-12-22,0.0,0.10000000000007284,3.100000000000002,3.3000000000000003,12,0
2022-12-23,0.0,0.10000000000007284,3.000000000000002,3.3000000000000003,12,0
2022-12-24,2.3,2.3000000000000727,4.600000000000001,5.6,12,0
2022-12-25,0.0,2.3000000000000727,3.5000000000000018,5.6,12,0
2022-12-26,0.0,2.3000000000000727,2.4000000000000017,5.6,12,0
2022-12-27,0.0,0.0,2.4000000000000017,5.6,12,0
2022-12-28,0.0,0.0,2.3000000000000016,5.6,12,0
2022-12-29,0.5,0.5000000000000728,2.8000000000000016,5.9,12,0
2022-12-30,19.2,19.700000000000074,22.0,25.0,12,0
2022-12-31,7.3,27.00000000000007,27.0,31.6,12,0
2023-01-01,0.9,27.40000000000007,27.9,31.4,1,0
2023-01-02,0.0,8.20000000000007,27.9,30.299999999999997,1,0
2023-01-03,0.0,0.9000000000000711,27.9,30.299999999999997,1,0
2023-01-04,0.0,0.0,27.9,30.2,1,0
2023-01-05,0.0,0.0,27.4,30.2,1,0
2023-01-06,0.0,0.0,8.2,30.2,1,0
2023-01-07,0.0,0.0,0.9,27.9,1,0
2023-01-08,0.0,0.0,0.0,27.9,1,0
2023-01-09,0.0,0.0,0.0,27.9,1,0
2023-01-10,0.0,0.0,0.0,27.9,1,0
2023-01-11,0.0,0.0,0.0,27.9,1,0
2023-01-12,0.0,0.0,0.0,27.4,1,0
2023-01-13,0.8,0.8000000000000711,0.8,9.0,1,0
2023-01-14,0.0,0.8000000000000711,0.8,1.7000000000000002,1,0
2023-01-15,0.2,1.000000000000071,1.0,1.0,1,0
2023-01-16,0.3,0.500000000000071,1.3,1.3,1,0
2023-01-17,8.1,8.60000000000007,9.4,9.4,1,0
2023-01-18,1.8,10.200000000000072,11.200000000000001,11.200000000000001,1,0
2023-01-19,0.2,10.10000000000007,11.4,11.4,1,0
2023-01-20,4.2,6.200000000000071,14.8,15.600000000000001,1,0
2023-01-21,0.1,4.500000000000071,14.9,15.700000000000001,1,0
2023-01-22,0.3,4.600000000000072,15.0,16.0,1,0
2023-01-23,0.0,0.4000000000000711,14.7,16.0,1,0
2023-01-24,0.6,0.9000000000000711,7.2,16.6,1,0
2023-01-25,1.6,2.2000000000000712,7.0,18.2,1,0
2023-01-26,0.1,2.3000000000000713,6.9,18.3,1,0
2023-01-27,0.0,1.7000000000000712,2.7,17.5,1,0
2023-01-28,0.0,0.10000000000007106,2.6,17.5,1,0
2023-01-29,0.0,0.0,2.3000000000000003,17.3,1,0
2023-01-30,0.0,0.0,2.3000000000000003,17.0,1,0
2023-01-31,0.0,0.0,1.7000000000000002,8.9,1,0
2023-02-01,0.7,0.700000000000071,0.7999999999999999,7.800000000000001,2,0
2023-02-02,0.0,0.700000000000071,0.7,7.6000000000000005,2,0
2023-02-03,0.1,0.800000000000071,0.7999999999999999,3.5,2,0
2023-02-04,0.1,0.20000000000007107,0.8999999999999999,3.5,2,0
2023-02-05,0.0,0.20000000000007107,0.8999999999999999,3.2,2,0
2023-02-06,11.0,11.10000000000007,11.9,14.2,2,0
2023-02-07,7.4,18.40000000000007,19.3,21.0,2,0
2023-02-08,0.0,18.40000000000007,18.6,19.4,2,0
2023-02-09,1.6,9.000000000000071,20.200000000000003,20.900000000000002,2,0
2023-02-10,2.5,4.100000000000071,22.6,23.400000000000002,2,0
2023-02-11,10.1,14.20000000000007,32.6,33.5,2,0
2023-02-12,8.2,20.800000000000068,40.8,41.7,2,0
2023-02-13,0.0,18.300000000000068,29.8,41.7,2,0
2023-02-14,0.1,8.30000000000007,22.5,41.8,2,0
2023-02-15,0.0,0.10000000000007106,22.5,41.099999999999994,2,0
2023-02-16,0.0,0.10000000000007106,20.9,41.099999999999994,2,0
2023-02-17,0.0,0.0,18.4,40.99999999999999,2,0
2023-02-18,0.0,0.0,8.299999999999999,40.9,2,0
2023-02-19,0.1,0.10000000000007106,0.2,41.0,2,0
2023-02-20,0.4,0.500000000000071,0.6000000000000001,30.400000000000002,2,0
2023-02-21,9.2,9.70000000000007,9.7,32.199999999999996,2,0
2023-02-22,0.7,10.30000000000007,10.399999999999999,32.9,2,0
2023-02-23,4.1,14.000000000000071,14.5,35.4,2,0
2023-02-24,0.2,5.000000000000071,14.7,33.099999999999994,2,0
2023-02-25,11.9,16.20000000000007,26.6,34.9,2,0
2023-02-26,8.2,20.30000000000007,34.699999999999996,34.9,2,0
2023-02-27,9.7,29.80000000000007,44.0,44.599999999999994,2,0
2023-02-28,1.2,19.10000000000007,35.99999999999999,45.699999999999996,2,0
2023-03-01,1.6,12.500000000000073,36.9,47.3,3,0
2023-03-02,0.9,3.700000000000073,33.699999999999996,48.199999999999996,3,0
2023-03-03,0.7,3.2000000000000726,34.2,48.9,3,0
2023-03-04,8.1,9.700000000000072,30.4,57.0,3,0
2023-03-05,17.7,26.50000000000007,39.9,74.6,3,0
2023-03-06,3.7,29.50000000000007,33.9,77.9,3,0
2023-03-07,4.3,25.70000000000007,37.0,73.0,3,0
2023-03-08,3.0,11.000000000000075,38.4,75.3,3,0
2023-03-09,0.3,7.600000000000074,37.8,71.5,3,0
2023-03-10,0.1,3.4000000000000745,37.199999999999996,71.4,3,0
2023-03-11,0.0,0.40000000000007463,29.099999999999994,59.49999999999999,3,0
2023-03-12,0.3,0.4000000000000746,11.7,51.6,3,0
2023-03-13,8.5,8.800000000000075,16.5,50.400000000000006,3,0
2023-03-14,5.0,13.800000000000075,17.2,54.2,3,0
2023-03-15,0.4,13.900000000000075,14.6,53.0,3,0
2023-03-16,15.1,20.500000000000075,29.4,67.2,3,0
2023-03-17,9.5,25.000000000000075,38.8,76.0,3,0
2023-03-18,3.3,27.900000000000077,42.1,71.2,3,0
2023-03-19,12.1,24.900000000000073,53.900000000000006,65.6,3,0
2023-03-20,9.3,24.700000000000074,54.7,71.19999999999999,3,0
2023-03-21,14.8,36.200000000000074,64.5,81.7,3,0
2023-03-22,7.4,31.500000000000078,71.5,86.1,3,0
2023-03-23,1.2,23.400000000000077,57.6,87.0,3,0
2023-03-24,8.2,16.800000000000075,56.300000000000004,95.1,3,0
2023-03-25,7.6,17.00000000000007,60.599999999999994,102.69999999999999,3,0
2023-03-26,4.0,19.800000000000075,52.5,106.39999999999999,3,0
2023-03-27,5.5,17.100000000000072,48.7,103.39999999999999,3,0
2023-03-28,1.2,10.700000000000074,35.1,99.6,3,0
2023-03-29,0.9,7.600000000000074,28.599999999999998,100.10000000000001,3,0
2023-03-30,0.0,2.1000000000000747,27.4,85.0,3,0
2023-03-31,5.0,5.900000000000075,24.200000000000003,80.5,3,0
2023-04-01,3.1,8.100000000000074,19.7,80.3,4,0
2023-04-02,11.0,19.100000000000072,26.7,79.2,4,0
2023-04-03,2.2,16.300000000000075,23.4,72.10000000000001,4,0
2023-04-04,36.0,49.200000000000074,58.2,93.3,4,0
2023-04-05,3.7,41.90000000000008,61.00000000000001,89.60000000000001,4,0
2023-04-06,1.1,40.80000000000007,62.1,89.5,4,0
2023-04-07,0.0,4.800000000000072,57.1,81.3,4,0
2023-04-08,4.1,5.200000000000071,58.1,77.80000000000001,4,0
2023-04-09,5.6,9.70000000000007,52.7,79.4,4,0
2023-04-10,0.1,9.80000000000007,50.6,74.0,4,0
2023-04-11,0.0,5.70000000000007,14.6,72.8,4,0
2023-04-12,0.0,0.10000000000007106,10.899999999999999,71.89999999999999,4,0
2023-04-13,2.2,2.2000000000000712,12.0,74.1,4,0
2023-04-14,0.5,2.7000000000000712,12.5,69.6,4,0
2023-04-15,0.0,2.7000000000000712,8.4,66.5,4,0
2023-04-16,0.0,0.500000000000071,2.8000000000000003,55.5,4,0
2023-04-17,0.0,0.0,2.7,53.3,4,0
2023-04-18,1.1,1.1000000000000711,3.8000000000000003,18.4,4,0
2023-04-19,1.5,2.600000000000071,5.300000000000001,16.200000000000003,4,0
2023-04-20,5.0,7.600000000000071,8.100000000000001,20.1,4,0
2023-04-21,6.1,12.60000000000007,13.7,26.2,4,0
2023-04-22,6.4,17.50000000000007,20.1,28.5,4,0
2023-04-23,0.2,12.70000000000007,20.3,23.1,4,0
2023-04-24,5.4,12.000000000000071,25.700000000000003,28.4,4,0
2023-04-25,0.8,6.400000000000071,25.4,29.2,4,0
2023-04-26,11.8,18.00000000000007,35.7,41.0,4,0
2023-04-27,11.3,23.90000000000007,42.0,50.10000000000001,4,0
2023-04-28,4.5,27.600000000000072,40.400000000000006,54.10000000000001,4,0
2023-04-29,5.4,21.20000000000007,39.400000000000006,59.50000000000001,4,0
2023-04-30,6.7,16.60000000000007,45.900000000000006,66.2,4,0
2023-05-01,9.2,21.300000000000068,49.7,75.4,5,0
2023-05-02,8.1,24.000000000000068,57.0,82.39999999999999,5,0
2023-05-03,6.1,23.40000000000007,51.300000000000004,87.0,5,0
2023-05-04,3.2,17.40000000000007,43.2,85.2,5,0
2023-05-05,4.3,13.600000000000069,43.0,83.4,5,0
2023-05-06,0.2,7.7000000000000695,37.800000000000004,77.2,5,0
2023-05-07,7.0,11.50000000000007,38.1,84.00000000000001,5,0
2023-05-08,2.9,10.100000000000069,31.8,81.5,5,0
2023-05-09,0.3,10.20000000000007,24.0,81.0,5,0
2023-05-10,1.2,4.40000000000007,19.1,70.39999999999999,5,0
2023-05-11,0.0,1.5000000000000693,15.9,59.099999999999994,5,0
2023-05-12,0.0,1.2000000000000692,11.6,54.599999999999994,5,0
2023-05-13,1.1,1.1000000000000694,12.5,50.3,5,0
2023-05-14,4.5,5.600000000000069,10.0,48.1,5,0
2023-05-15,5.4,11.00000000000007,12.5,44.3,5,0
2023-05-16,1.2,11.100000000000069,13.4,37.4,5,0
2023-05-17,5.1,11.70000000000007,17.3,36.4,5,0
2023-05-18,0.7,7.000000000000069,18.0,33.9,5,0
2023-05-19,2.0,7.800000000000069,20.0,31.6,5,0
2023-05-20,0.4,3.1000000000000694,19.299999999999997,31.8,5,0
2023-05-21,0.0,2.4000000000000696,14.8,24.8,5,0
2023-05-22,7.2,7.60000000000007,16.6,29.099999999999998,5,0
2023-05-23,0.5,7.7000000000000695,15.9,29.3,5,0
2023-05-24,1.7,9.40000000000007,12.5,29.799999999999997,5,0
2023-05-25,14.9,17.10000000000007,26.7,44.7,5,0
2023-05-26,12.3,28.90000000000007,37.0,57.0,5,0
2023-05-27,12.1,39.30000000000007,48.7,68.0,5,0
2023-05-28,0.8,25.200000000000074,49.5,64.3,5,0
2023-05-29,2.0,14.900000000000071,44.3,60.9,5,0
2023-05-30,1.8,4.600000000000071,45.6,61.50000000000001,5,0
2023-05-31,6.0,9.800000000000072,49.900000000000006,62.400000000000006,5,0
2023-06-01,0.0,7.800000000000071,35.0,61.7,6,0
2023-06-02,1.4,7.400000000000071,24.099999999999998,61.1,6,0
2023-06-03,0.1,1.500000000000071,12.1,60.8,6,0
2023-06-04,0.0,1.500000000000071,11.299999999999999,60.8,6,0
2023-06-05,1.1,1.2000000000000712,10.399999999999999,54.699999999999996,6,0
2023-06-06,0.6,1.7000000000000712,9.2,54.8,6,0
2023-06-07,0.3,2.000000000000071,3.5,53.400000000000006,6,0
2023-06-08,0.0,0.900000000000071,3.5,38.5,6,0
2023-06-09,0.1,0.4000000000000711,2.2,26.3,6,0
2023-06-10,3.7,3.8000000000000713,5.800000000000001,17.9,6,0
2023-06-11,5.0,8.800000000000072,10.8,22.1,6,0
2023-06-12,8.4,17.100000000000072,18.1,28.5,6,0
2023-06-13,2.8,16.20000000000007,20.3,29.5,6,0
2023-06-14,16.4,27.60000000000007,36.4,39.9,6,0
2023-06-15,1.6,20.800000000000068,38.0,41.5,6,0
2023-06-16,2.2,20.20000000000007,40.099999999999994,42.3,6,0
2023-06-17,2.7,6.500000000000071,39.1,44.9,6,0
2023-06-18,8.5,13.400000000000071,42.6,53.4,6,1
2023-06-19,13.3,24.50000000000007,47.5,65.6,6,1
2023-06-20,7.7,29.50000000000007,52.4,72.7,6,0
2023-06-21,6.5,27.50000000000007,42.5,78.9,6,0
2023-06-22,2.7,16.90000000000007,43.6,81.60000000000001,6,0
2023-06-23,10.4,19.600000000000072,51.800000000000004,91.9,6,1
2023-06-24,8.6,21.700000000000074,57.7,96.8,6,1
2023-06-25,21.9,40.90000000000007,71.1,113.69999999999999,6,0
2023-06-26,2.1,32.60000000000007,59.900000000000006,107.4,6,1
2023-06-27,7.3,31.300000000000068,59.5,111.9,6,0
2023-06-28,9.8,19.200000000000074,62.800000000000004,105.3,6,1
2023-06-29,19.8,36.90000000000007,79.9,123.5,6,0
2023-06-30,40.7,70.30000000000007,110.19999999999999,162.0,6,0
2023-07-01,44.5,105.00000000000007,146.1,203.79999999999998,7,1
2023-07-02,10.6,95.80000000000007,134.79999999999998,205.9,7,0
2023-07-03,2.5,57.60000000000007,135.2,195.1,7,0
2023-07-04,35.3,48.40000000000007,163.2,222.7,7,1
2023-07-05,2.2,40.00000000000007,155.6,218.39999999999998,7,1
2023-07-06,4.0,41.50000000000007,139.8,219.7,7,0
2023-07-07,3.3,9.500000000000071,102.39999999999999,212.6,7,0
2023-07-08,9.5,16.80000000000007,67.4,213.5,7,0
2023-07-09,5.8,18.600000000000072,62.599999999999994,197.4,7,0
2023-07-10,1.8,17.100000000000072,61.9,197.1,7,0
2023-07-11,5.1,12.70000000000007,31.7,194.89999999999998,7,0
2023-07-12,1.2,8.10000000000007,30.7,186.3,7,0
2023-07-13,7.2,13.500000000000071,33.9,173.7,7,0
2023-07-14,33.7,42.10000000000007,64.3,166.70000000000002,7,1
2023-07-15,22.8,63.700000000000074,77.6,145.0,7,0
2023-07-16,9.4,65.90000000000008,81.2,143.8,7,0
2023-07-17,23.7,55.90000000000007,103.1,165.0,7,0
2023-07-18,23.6,56.70000000000007,121.6,153.3,7,1
2023-07-19,4.1,51.40000000000007,124.49999999999999,155.20000000000002,7,0
2023-07-20,1.4,29.100000000000072,118.7,152.60000000000002,7,0
2023-07-21,4.2,9.70000000000007,89.2,153.5,7,0
2023-07-22,1.7,7.300000000000071,68.1,145.70000000000002,7,0
2023-07-23,3.4,9.300000000000072,62.09999999999999,143.29999999999998,7,0
2023-07-24,8.1,13.200000000000069,46.49999999999999,149.60000000000002,7,0
2023-07-25,51.1,62.60000000000007,74.0,195.60000000000002,7,0
2023-07-26,5.2,64.40000000000008,75.1,199.6,7,0
2023-07-27,11.7,68.00000000000007,85.39999999999999,204.10000000000002,7,0
2023-07-28,13.0,29.90000000000007,94.19999999999999,183.39999999999998,7,0
2023-07-29,7.6,32.30000000000007,100.09999999999998,168.20000000000002,7,0
2023-07-30,5.7,26.30000000000007,102.39999999999999,164.5,7,1
2023-07-31,3.9,17.20000000000007,98.19999999999999,144.70000000000002,7,0
2023-08-01,4.4,14.000000000000071,51.49999999999999,125.49999999999999,8,0
2023-08-02,0.9,9.200000000000072,47.19999999999999,122.3,8,0
2023-08-03,4.0,9.300000000000072,39.49999999999999,124.9,8,0
2023-08-04,14.7,19.600000000000072,41.19999999999999,135.4,8,0
2023-08-05,3.4,22.100000000000072,36.99999999999999,137.1,8,0
2023-08-06,28.9,47.00000000000007,60.19999999999999,162.6,8,1
2023-08-07,40.7,73.00000000000007,97.0,195.20000000000002,8,0
2023-08-08,19.6,89.20000000000007,112.19999999999999,163.7,8,1
2023-08-09,1.4,61.700000000000074,112.7,159.9,8,0
2023-08-10,3.4,24.400000000000073,112.1,151.6,8,0
2023-08-11,7.5,12.300000000000072,104.89999999999999,146.10000000000002,8,0
2023-08-12,25.2,36.10000000000007,126.69999999999999,163.7,8,0
2023-08-13,177.8,210.50000000000009,275.6,335.8,8,0
2023-08-14,12.8,215.8000000000001,247.70000000000005,344.70000000000005,8,0
2023-08-15,4.1,194.7000000000001,232.20000000000002,344.4,8,0
2023-08-16,5.8,22.700000000000085,236.6,349.3,8,1
2023-08-17,2.7,12.600000000000085,235.90000000000003,348.0,8,0
2023-08-18,1.1,9.600000000000085,229.50000000000003,334.40000000000003,8,0
2023-08-19,8.1,11.900000000000084,212.4,339.1,8,0
2023-08-20,6.3,15.500000000000085,40.9,316.5,8,0
2023-08-21,18.1,32.500000000000085,46.2,293.9,8,0
2023-08-22,8.8,33.20000000000009,50.9,283.1,8,0
2023-08-23,9.2,36.10000000000009,54.3,290.9,8,0
2023-08-24,3.9,21.900000000000084,55.5,291.4,8,0
2023-08-25,29.0,42.10000000000008,83.39999999999999,312.9,8,0
2023-08-26,30.0,62.90000000000008,105.3,317.7,8,0
2023-08-27,8.9,67.90000000000008,107.9,148.8,8,0
2023-08-28,5.3,44.20000000000008,95.1,141.29999999999998,8,0
2023-08-29,3.4,17.600000000000087,89.7,140.6,8,0
2023-08-30,3.6,12.300000000000086,84.1,138.4,8,0
2023-08-31,4.4,11.400000000000086,84.60000000000001,140.1,8,0
2023-09-01,1.9,9.900000000000086,57.50000000000001,140.9,9,0
2023-09-02,4.1,10.400000000000086,31.6,136.9,9,0
2023-09-03,0.9,6.900000000000086,23.6,131.5,9,0
2023-09-04,0.9,5.900000000000085,19.2,114.3,9,0
2023-09-05,2.6,4.400000000000086,18.4,108.1,9,0
2023-09-06,0.5,4.000000000000085,15.299999999999999,99.4,9,0
2023-09-07,2.6,5.700000000000085,13.499999999999998,98.1,9,0
2023-09-08,7.8,10.900000000000086,19.4,76.89999999999999,9,0
2023-09-09,10.6,21.000000000000085,25.9,57.5,9,0
2023-09-10,5.4,23.800000000000082,30.400000000000002,54.0,9,0
2023-09-11,4.3,20.300000000000086,33.8,53.0,9,0
2023-09-12,1.6,11.300000000000086,32.8,51.199999999999996,9,0
2023-09-13,1.4,7.300000000000085,33.699999999999996,49.0,9,0
2023-09-14,0.5,3.5000000000000853,31.6,45.1,9,0
2023-09-15,6.5,8.400000000000086,30.3,49.7,9,0
2023-09-16,2.7,9.700000000000085,22.400000000000002,48.3,9,0
2023-09-17,0.2,9.400000000000086,17.2,47.6,9,0
2023-09-18,0.0,2.9000000000000856,12.899999999999999,46.7,9,0
2023-09-19,0.3,0.5000000000000853,11.6,44.4,9,0
2023-09-20,5.3,5.600000000000085,15.5,49.2,9,0
2023-09-21,1.1,6.7000000000000846,16.099999999999998,47.699999999999996,9,0
2023-09-22,5.9,12.300000000000086,15.5,45.800000000000004,9,0
2023-09-23,5.9,12.900000000000086,18.700000000000003,41.1,9,0
2023-09-24,1.4,13.200000000000086,19.900000000000002,37.1,9,0
2023-09-25,0.7,8.000000000000085,20.6,33.5,9,0
2023-09-26,0.7,2.800000000000085,21.0,32.6,9,0
2023-09-27,5.8,7.2000000000000846,21.5,37.0,9,0
2023-09-28,0.6,7.100000000000085,21.000000000000004,37.1,9,0
2023-09-29,0.6,7.000000000000086,15.7,31.200000000000003,9,0
2023-09-30,1.2,2.400000000000085,11.0,29.7,9,0
2023-10-01,1.6,3.400000000000085,11.2,31.1,10,0
2023-10-02,9.5,12.300000000000086,20.0,40.6,10,0
2023-10-03,7.7,18.800000000000086,27.0,48.0,10,0
2023-10-04,34.2,51.40000000000009,55.400000000000006,76.9,10,0
2023-10-05,10.6,52.50000000000009,65.4,86.4,10,0
2023-10-06,3.9,48.70000000000009,68.7,84.39999999999999,10,0
2023-10-07,14.3,28.800000000000086,81.80000000000001,92.80000000000001,10,0
2023-10-08,5.3,23.50000000000009,85.50000000000001,96.7,10,0
2023-10-09,1.4,21.000000000000085,77.4,97.4,10,0
2023-10-10,22.0,28.700000000000085,91.70000000000002,118.69999999999999,10,0
2023-10-11,6.0,29.400000000000084,63.5,118.9,10,0
2023-10-12,0.0,28.000000000000085,52.9,118.30000000000001,10,0
2023-10-13,3.4,9.400000000000086,52.4,121.1,10,0
2023-10-14,4.5,7.900000000000086,42.599999999999994,124.4,10,0
2023-10-15,2.1,10.000000000000085,39.4,124.9,10,0
2023-10-16,1.9,8.500000000000085,39.9,117.3,10,0
2023-10-17,3.3,7.300000000000085,21.2,112.89999999999999,10,0
2023-10-18,7.9,13.100000000000085,23.1,86.6,10,0
2023-10-19,6.2,17.400000000000084,29.3,82.2,10,0
2023-10-20,2.1,16.200000000000085,28.000000000000004,80.4,10,0
2023-10-21,0.8,9.100000000000085,24.299999999999997,66.89999999999999,10,0
2023-10-22,0.0,2.9000000000000856,22.2,61.6,10,0
2023-10-23,0.0,0.8000000000000853,20.299999999999997,60.2,10,0
2023-10-24,0.4,0.4000000000000853,17.400000000000002,38.6,10,0
2023-10-25,0.2,0.6000000000000854,9.7,32.800000000000004,10,0
2023-10-26,0.6,1.2000000000000852,4.1,33.4,10,0
2023-10-27,6.3,7.100000000000085,8.3,36.300000000000004,10,0
2023-10-28,1.6,8.500000000000085,9.100000000000001,33.400000000000006,10,0
2023-10-29,0.7,8.600000000000085,9.8,32.0,10,0
2023-10-30,0.0,2.300000000000085,9.8,30.1,10,0
2023-10-31,2.2,2.900000000000085,11.600000000000001,29.0,10,0
2023-11-01,0.0,2.2000000000000854,11.400000000000002,21.1,11,0
2023-11-02,0.0,2.2000000000000854,10.8,14.9,11,0
2023-11-03,0.0,0.0,4.500000000000001,12.8,11,0
2023-11-04,5.6,5.600000000000085,8.5,17.6,11,0
2023-11-05,0.0,5.600000000000085,7.8,17.6,11,0
2023-11-06,0.3,5.900000000000085,8.1,17.9,11,0
2023-11-07,6.9,7.200000000000085,12.8,24.400000000000002,11,0
2023-11-08,9.2,16.400000000000084,22.0,33.4,11,0
2023-11-09,0.0,16.100000000000083,22.0,32.8,11,0
2023-11-10,5.0,14.200000000000085,27.0,31.5,11,0
2023-11-11,0.8,5.800000000000085,22.2,30.7,11,0
2023-11-12,0.0,5.800000000000085,22.200000000000003,30.0,11,0
2023-11-13,0.0,0.8000000000000853,21.900000000000002,30.0,11,0
2023-11-14,0.0,0.0,15.0,27.8,11,0
2023-11-15,0.0,0.0,5.8,27.8,11,0
2023-11-16,0.0,0.0,5.8,27.8,11,0
2023-11-17,0.0,0.0,0.8,27.8,11,0
2023-11-18,0.4,0.4000000000000853,0.4,22.6,11,0
2023-11-19,0.9,1.3000000000000853,1.3,23.500000000000004,11,0
2023-11-20,0.0,1.3000000000000853,1.3,23.200000000000003,11,0
2023-11-21,0.4,1.3000000000000853,1.7000000000000002,16.7,11,0
2023-11-22,0.0,0.4000000000000853,1.7000000000000002,7.5,11,0
2023-11-23,0.0,0.4000000000000853,1.7000000000000002,7.5,11,0
2023-11-24,11.6,11.600000000000085,13.3,14.1,11,0
2023-11-25,3.6,15.200000000000085,16.5,16.9,11,0
2023-11-26,0.0,15.200000000000085,15.599999999999998,16.9,11,0
2023-11-27,0.0,3.6000000000000854,15.599999999999998,16.9,11,0
2023-11-28,0.2,0.20000000000008528,15.4,17.099999999999998,11,0
2023-11-29,0.0,0.20000000000008528,15.4,17.099999999999998,11,0
2023-11-30,4.0,4.200000000000085,19.4,21.099999999999998,11,0
2023-12-01,1.1,5.100000000000085,8.9,22.2,12,0
2023-12-02,0.0,5.100000000000085,5.300000000000001,21.8,12,0
2023-12-03,0.0,1.1000000000000854,5.300000000000001,20.9,12,0
2023-12-04,8.6,8.600000000000085,13.9,29.5,12,0
2023-12-05,3.7,12.300000000000086,17.4,32.8,12,0
2023-12-06,0.0,12.300000000000086,17.4,32.8,12,0
2023-12-07,1.0,4.700000000000085,14.399999999999999,33.8,12,0
2023-12-08,0.0,1.0000000000000853,13.3,22.2,12,0
2023-12-09,0.4,1.4000000000000852,13.7,19.0,12,0
2023-12-10,0.4,0.8000000000000853,14.1,19.400000000000002,12,0
2023-12-11,0.1,0.9000000000000853,5.6000000000000005,19.5,12,0
2023-12-12,16.0,16.500000000000085,17.9,35.3,12,0
2023-12-13,7.6,23.700000000000088,25.5,42.9,12,0
2023-12-14,0.5,24.100000000000087,25.0,39.4,12,0
2023-12-15,0.0,8.100000000000085,25.0,38.3,12,0
2023-12-16,0.0,0.5000000000000853,24.6,38.3,12,0
2023-12-17,0.0,0.0,24.2,38.3,12,0
2023-12-18,0.0,0.0,24.1,29.699999999999996,12,0
2023-12-19,0.1,0.10000000000008527,8.200000000000001,26.099999999999998,12,0
2023-12-20,0.0,0.10000000000008527,0.6000000000000018,26.099999999999998,12,0
2023-12-21,0.0,0.10000000000008527,0.10000000000000178,25.099999999999998,12,0
2023-12-22,0.0,0.0,0.10000000000000178,25.099999999999998,12,0
2023-12-23,0.0,0.0,0.10000000000000178,24.7,12,0
2023-12-24,0.0,0.0,0.10000000000000178,24.299999999999997,12,0
2023-12-25,0.0,0.0,0.10000000000000178,24.2,12,0
2023-12-26,0.0,0.0,0.0,8.2,12,0
2023-12-27,0.1,0.10000000000008527,0.10000000000000178,0.7,12,0
2023-12-28,0.0,0.10000000000008527,0.10000000000000178,0.2,12,0
2023-12-29,0.0,0.10000000000008527,0.10000000000000178,0.2,12,0
2023-12-30,0.0,0.0,0.10000000000000178,0.2,12,0
2023-12-31,0.0,0.0,0.10000000000000178,0.2,12,0
2024-01-01,0.9,0.9000000000000853,1.0000000000000018,1.1,1,0
2024-01-02,0.0,0.9000000000000853,1.0000000000000018,0.9999999999999999,1,0
2024-01-03,0.0,0.9000000000000853,0.9000000000000018,1.0,1,0
2024-01-04,0.2,0.20000000000008528,1.1000000000000019,1.2,1,0
2024-01-05,0.1,0.3000000000000853,1.2000000000000017,1.3,1,0
2024-01-06,0.0,0.3000000000000853,1.2000000000000017,1.3,1,0
2024-01-07,0.0,0.10000000000008527,1.2000000000000017,1.3,1,0
2024-01-08,0.0,0.0,0.3000000000000018,1.3,1,0
2024-01-09,0.0,0.0,0.3000000000000018,1.3,1,0
2024-01-10,0.0,0.0,0.3000000000000018,1.2,1,0
2024-01-11,0.0,0.0,0.10000000000000178,1.2,1,0
2024-01-12,0.0,0.0,0.0,1.2,1,0
2024-01-13,0.0,0.0,0.0,1.2,1,0
2024-01-14,0.0,0.0,0.0,1.2,1,0
2024-01-15,0.0,0.0,0.0,0.30000000000000004,1,0
2024-01-16,0.2,0.20000000000008528,0.2000000000000018,0.5,1,0
2024-01-17,3.5,3.7000000000000854,3.700000000000002,4.0,1,0
2024-01-18,0.0,3.7000000000000854,3.700000000000002,3.8,1,0
2024-01-19,0.0,3.5000000000000853,3.700000000000002,3.7,1,0
2024-01-20,0.0,0.0,3.700000000000002,3.7,1,0
2024-01-21,0.0,0.0,3.700000000000002,3.7,1,0
2024-01-22,0.0,0.0,3.700000000000002,3.7,1,0
2024-01-23,0.1,0.10000000000008527,3.600000000000002,3.8000000000000003,1,0
2024-01-24,0.0,0.10000000000008527,0.10000000000000178,3.8000000000000003,1,0
2024-01-25,0.3,0.4000000000000853,0.4000000000000018,4.1000000000000005,1,0
2024-01-26,0.0,0.30000000000008525,0.40000000000000174,4.1000000000000005,1,0
2024-01-27,0.0,0.3000000000000852,0.40000000000000174,4.1000000000000005,1,0
2024-01-28,0.0,0.0,0.40000000000000174,4.1000000000000005,1,0
2024-01-29,0.0,0.0,0.40000000000000174,4.1000000000000005,1,0
2024-01-30,1.4,1.4000000000000852,1.7000000000000015,5.3,1,0
2024-01-31,5.1,6.500000000000085,6.800000000000001,6.8999999999999995,1,0
2024-02-01,7.8,14.300000000000086,14.3,14.7,2,0
2024-02-02,0.8,13.700000000000085,15.100000000000001,15.5,2,0
2024-02-03,0.2,8.800000000000086,15.3,15.7,2,0
2024-02-04,9.2,10.200000000000085,24.5,24.9,2,0
2024-02-05,15.8,25.200000000000085,40.3,40.7,2,0
2024-02-06,1.1,26.100000000000087,40.0,41.699999999999996,2,0
2024-02-07,2.6,19.500000000000085,37.5,44.3,2,0
2024-02-08,3.4,7.100000000000085,33.1,47.4,2,0
2024-02-09,0.0,6.000000000000085,32.300000000000004,47.4,2,0
2024-02-10,0.0,3.400000000000085,32.1,47.4,2,0
2024-02-11,0.0,0.0,22.900000000000002,47.4,2,0
2024-02-12,0.0,0.0,7.1,47.4,2,0
2024-02-13,0.0,0.0,6.0,46.0,2,0
2024-02-14,0.0,0.0,3.4,40.9,2,0
2024-02-15,0.0,0.0,0.0,33.099999999999994,2,0
2024-02-16,0.1,0.10000000000008527,0.1,32.4,2,0
2024-02-17,6.5,6.600000000000085,6.6,38.699999999999996,2,0
2024-02-18,0.9,7.500000000000085,7.5,30.400000000000002,2,0
2024-02-19,10.2,17.600000000000087,17.7,24.799999999999997,2,0
2024-02-20,33.6,44.70000000000009,51.3,57.3,2,0
2024-02-21,38.2,82.00000000000009,89.5,92.9,2,0
2024-02-22,32.1,103.90000000000009,121.60000000000001,121.60000000000001,2,0
2024-02-23,4.6,74.90000000000009,126.10000000000001,126.2,2,0
2024-02-24,2.7,39.400000000000084,122.30000000000001,128.9,2,0
2024-02-25,0.0,7.300000000000085,121.4,128.9,2,0
2024-02-26,0.0,2.7000000000000854,111.2,128.9,2,0
2024-02-27,0.0,0.0,77.60000000000001,128.9,2,0
2024-02-28,0.0,0.0,39.400000000000006,128.9,2,0
2024-02-29,5.0,5.000000000000085,12.300000000000008,133.9,2,0
2024-03-01,0.0,5.000000000000085,7.700000000000007,133.8,3,1
2024-03-02,24.2,29.200000000000085,29.200000000000006,151.5,3,0
2024-03-03,9.5,33.70000000000009,38.7,160.1,3,0
2024-03-04,16.0,49.70000000000009,54.7,165.9,3,0
2024-03-05,0.2,25.700000000000085,54.900000000000006,132.5,3,0
2024-03-06,2.1,18.300000000000086,57.00000000000001,96.39999999999999,3,0
2024-03-07,33.4,35.70000000000009,85.4,97.69999999999999,3,0
2024-03-08,3.8,39.300000000000075,89.2,96.9,3,0
2024-03-09,0.3,37.500000000000085,65.3,94.5,3,0
2024-03-10,0.0,4.100000000000085,55.800000000000004,94.5,3,0
2024-03-11,5.7,6.000000000000085,45.50000000000001,100.2,3,0
2024-03-12,0.9,6.600000000000086,46.20000000000001,101.1,3,0
2024-03-13,0.1,6.700000000000085,44.2,101.2,3,0
2024-03-14,0.0,1.0000000000000853,10.800000000000008,96.2,3,0
2024-03-15,0.0,0.10000000000008527,7.000000000000007,96.2,3,0
2024-03-16,0.0,0.0,6.700000000000007,72.0,3,0
2024-03-17,0.0,0.0,6.700000000000007,62.49999999999999,3,0
2024-03-18,0.0,0.0,1.000000000000007,46.49999999999999,3,0
2024-03-19,0.0,0.0,0.10000000000000711,46.29999999999999,3,0
2024-03-20,0.4,0.4000000000000853,0.4000000000000071,44.6,3,0
2024-03-21,0.0,0.4000000000000853,0.4000000000000071,11.2,3,0
2024-03-22,1.2,1.6000000000000854,1.6000000000000072,8.6,3,0
2024-03-23,9.3,10.500000000000085,10.900000000000007,17.6,3,0
2024-03-24,5.0,15.500000000000085,15.900000000000007,22.6,3,0
2024-03-25,2.9,17.200000000000085,18.800000000000008,19.8,3,0
2024-03-26,7.1,15.000000000000085,25.900000000000006,26.0,3,0
2024-03-27,8.1,18.100000000000087,33.60000000000001,34.0,3,0
2024-03-28,1.7,16.900000000000084,35.30000000000001,35.7,3,0
2024-03-29,0.9,10.700000000000085,35.00000000000001,36.6,3,0
2024-03-30,10.1,12.700000000000085,35.80000000000001,46.7,3,0
2024-03-31,2.3,13.300000000000086,33.10000000000001,49.0,3,0
2024-04-01,0.6,13.000000000000085,30.800000000000004,49.6,4,0
2024-04-02,0.1,3.0000000000000853,23.800000000000004,49.699999999999996,4,0
2024-04-03,1.2,1.9000000000000852,16.900000000000006,50.5,4,0
2024-04-04,0.2,1.500000000000085,15.400000000000007,50.7,4,0
2024-04-05,5.5,6.900000000000086,20.000000000000007,55.0,4,0
2024-04-06,7.5,13.200000000000085,17.400000000000006,53.2,4,0
2024-04-07,4.0,17.000000000000085,19.100000000000005,52.2,4,0
2024-04-08,0.0,11.500000000000085,18.500000000000007,49.300000000000004,4,0
2024-04-09,4.7,8.700000000000085,23.10000000000001,46.9,4,0
2024-04-10,0.0,4.700000000000085,21.900000000000006,38.8,4,0
2024-04-11,4.8,9.500000000000085,26.500000000000007,41.9,4,0
2024-04-12,1.2,6.000000000000085,22.200000000000006,42.199999999999996,4,0
2024-04-13,0.1,6.100000000000085,14.800000000000008,32.199999999999996,4,0
2024-04-14,0.0,1.3000000000000853,10.800000000000008,29.9,4,0
2024-04-15,0.7,0.8000000000000852,11.500000000000007,30.0,4,0
2024-04-16,4.5,5.200000000000085,11.300000000000008,34.4,4,0
2024-04-17,1.1,6.300000000000086,12.400000000000007,34.3,4,0
2024-04-18,0.0,5.600000000000085,7.600000000000007,34.1,4,0
2024-04-19,1.1,2.2000000000000854,7.500000000000007,29.700000000000003,4,0
2024-04-20,0.1,1.2000000000000854,7.500000000000007,22.3,4,0
2024-04-21,0.0,1.2000000000000854,7.500000000000007,18.3,4,0
2024-04-22,0.1,0.20000000000008528,6.9000000000000075,18.400000000000002,4,0
2024-04-23,4.8,4.900000000000085,7.200000000000007,18.5,4,0
2024-04-24,1.5,6.400000000000085,7.600000000000007,20.0,4,0
2024-04-25,0.0,6.300000000000085,7.600000000000007,15.2,4,0
2024-04-26,0.0,1.5000000000000853,6.500000000000007,14.0,4,0
2024-04-27,0.6,0.6000000000000852,7.000000000000007,14.5,4,0
2024-04-28,0.0,0.6000000000000852,7.000000000000007,14.5,4,0
2024-04-29,0.0,0.6000000000000852,6.900000000000007,13.8,4,0
2024-04-30,0.0,0.0,2.100000000000007,9.3,4,0
2024-05-01,0.0,0.0,0.6000000000000071,8.2,5,0
2024-05-02,0.0,0.0,0.6000000000000071,8.2,5,0
2024-05-03,0.0,0.0,0.6000000000000071,7.1,5,0
2024-05-04,0.0,0.0,0.0,7.0,5,0
2024-05-05,0.0,0.0,0.0,7.0,5,0
2024-05-06,3.5,3.5000000000000853,3.500000000000007,10.4,5,0
2024-05-07,8.2,11.700000000000085,11.700000000000006,13.8,5,0
2024-05-08,8.1,19.800000000000082,19.800000000000004,20.4,5,0
2024-05-09,9.4,25.700000000000085,29.200000000000006,29.8,5,0
2024-05-10,1.1,18.600000000000087,30.300000000000008,30.900000000000002,5,0
2024-05-11,6.0,16.500000000000085,36.300000000000004,36.3,5,0
2024-05-12,2.9,10.000000000000085,39.2,39.199999999999996,5,0
2024-05-13,9.4,18.300000000000086,45.10000000000001,48.6,5,0
2024-05-14,0.0,12.300000000000086,36.900000000000006,48.6,5,0
2024-05-15,1.7,11.100000000000085,30.50000000000001,50.3,5,0
2024-05-16,1.6,3.300000000000085,22.700000000000006,51.9,5,0
2024-05-17,0.4,3.7000000000000854,22.000000000000007,52.3,5,0
2024-05-18,1.2,3.200000000000085,17.200000000000006,53.5,5,0
2024-05-19,6.1,7.7000000000000846,20.400000000000006,59.6,5,0
2024-05-20,1.0,8.300000000000084,12.000000000000007,57.1,5,0
2024-05-21,2.2,9.300000000000086,14.200000000000006,51.1,5,0
2024-05-22,2.4,5.600000000000085,14.900000000000007,45.400000000000006,5,0
2024-05-23,1.3,5.900000000000086,14.600000000000007,37.300000000000004,5,0
2024-05-24,0.0,3.7000000000000854,14.200000000000008,36.2,5,0
2024-05-25,0.8,2.1000000000000854,13.800000000000008,31.000000000000004,5,0
2024-05-26,1.7,2.5000000000000853,9.400000000000007,29.800000000000004,5,0
2024-05-27,7.7,10.200000000000085,16.10000000000001,28.1,5,0
2024-05-28,9.0,18.400000000000084,22.90000000000001,37.1,5,0
2024-05-29,0.3,17.000000000000085,20.800000000000008,35.699999999999996,5,0
2024-05-30,1.3,10.600000000000085,20.80000000000001,35.400000000000006,5,0
2024-05-31,7.3,8.900000000000086,28.10000000000001,42.3,5,0
2024-06-01,1.2,9.800000000000084,28.50000000000001,42.300000000000004,6,0
2024-06-02,9.8,18.300000000000086,36.60000000000001,46.0,6,0
2024-06-03,1.5,12.500000000000085,30.400000000000006,46.5,6,0
2024-06-04,9.1,20.400000000000084,30.500000000000007,53.4,6,0
2024-06-05,0.1,10.700000000000085,30.300000000000008,51.1,6,0
2024-06-06,1.6,10.800000000000086,30.600000000000005,51.400000000000006,6,0
2024-06-07,1.5,3.2000000000000854,24.800000000000004,52.900000000000006,6,0
2024-06-08,3.4,6.500000000000085,27.000000000000007,55.5,6,0
2024-06-09,1.8,6.700000000000085,19.000000000000007,55.6,6,0
2024-06-10,0.2,5.400000000000085,17.70000000000001,48.1,6,1
2024-06-11,1.2,3.2000000000000854,9.800000000000008,40.3,6,0
2024-06-12,4.5,5.900000000000086,14.200000000000006,44.5,6,0
2024-06-13,4.1,9.800000000000086,16.700000000000006,47.3,6,0
2024-06-14,3.9,12.500000000000085,19.100000000000005,43.9,6,0
2024-06-15,2.0,10.000000000000085,17.700000000000006,44.699999999999996,6,0
2024-06-16,5.8,11.700000000000086,21.700000000000006,40.7,6,0
2024-06-17,3.6,11.400000000000086,25.10000000000001,42.800000000000004,6,0
2024-06-18,12.2,21.600000000000087,36.10000000000001,45.9,6,0
2024-06-19,42.6,58.40000000000009,74.20000000000002,88.4,6,0
2024-06-20,5.1,59.90000000000009,75.20000000000002,91.9,6,0
2024-06-21,17.0,64.7000000000001,88.30000000000001,107.4,6,0
2024-06-22,4.2,26.300000000000093,90.50000000000001,108.2,6,0
2024-06-23,3.5,24.700000000000095,88.20000000000002,109.9,6,0
2024-06-24,13.3,21.000000000000096,97.9,123.0,6,0
2024-06-25,3.7,20.500000000000096,89.40000000000002,125.5,6,1
2024-06-26,50.1,67.1000000000001,96.9,171.1,6,1
2024-06-27,0.9,54.7000000000001,92.70000000000002,167.9,6,0
2024-06-28,15.6,66.60000000000011,91.30000000000001,179.6,6,0
2024-06-29,151.9,168.40000000000012,239.0,329.5,6,1
2024-06-30,50.8,218.30000000000013,286.3,374.5,6,0
2024-07-01,26.9,229.6000000000001,299.90000000000003,397.8,7,0
2024-07-02,36.1,113.80000000000011,332.3,421.70000000000005,7,0
2024-07-03,21.5,84.50000000000011,303.7,400.6,7,1
2024-07-04,20.0,77.60000000000011,322.8,415.5,7,1
2024-07-05,49.4,90.90000000000012,356.6,447.9,7,1
2024-07-06,133.8,203.20000000000013,338.5,577.5,7,1
2024-07-07,14.5,197.70000000000013,302.20000000000005,588.5,7,0
2024-07-08,5.9,154.20000000000013,281.20000000000005,581.1,7,0
2024-07-09,36.1,56.500000000000114,281.20000000000005,613.5,7,0
2024-07-10,55.3,97.30000000000011,315.0,618.6999999999999,7,1
2024-07-11,93.0,184.4000000000001,388.0,710.8,7,1
2024-07-12,94.3,242.6000000000001,432.90000000000003,789.5,7,1
2024-07-13,104.7,292.0000000000001,403.8,742.3,7,1
2024-07-14,19.8,218.80000000000013,409.1,711.3000000000001,7,0
2024-07-15,29.5,154.0000000000001,432.70000000000005,713.9,7,0
2024-07-16,1.1,50.40000000000011,397.70000000000005,678.9000000000001,7,0
2024-07-17,17.4,48.000000000000114,359.8,674.8000000000001,7,0
2024-07-18,11.1,29.600000000000115,277.90000000000003,665.9000000000001,7,0
2024-07-19,2.2,30.700000000000113,185.80000000000004,618.6999999999999,7,0
2024-07-20,1.2,14.500000000000114,82.30000000000003,486.1,7,0
2024-07-21,2.4,5.8000000000001135,64.90000000000003,474.0,7,0
2024-07-22,2.1,5.700000000000113,37.50000000000003,470.20000000000005,7,0
2024-07-23,17.5,22.000000000000114,53.900000000000034,451.6,7,0
2024-07-24,25.0,44.600000000000115,61.50000000000003,421.3,7,0
2024-07-25,2.9,45.40000000000011,53.30000000000003,331.2,7,0
2024-07-26,0.9,28.800000000000114,52.00000000000003,237.8,7,0
2024-07-27,3.1,6.900000000000114,53.900000000000034,136.20000000000002,7,0
2024-07-28,16.7,20.700000000000113,68.20000000000002,133.1,7,0
2024-07-29,4.3,24.100000000000115,70.40000000000003,107.9,7,0
2024-07-30,2.6,23.60000000000011,55.50000000000003,109.39999999999999,7,0
2024-07-31,16.7,23.60000000000011,47.200000000000024,108.7,7,0
2024-08-01,2.1,21.400000000000112,46.40000000000003,99.69999999999999,8,1
2024-08-02,5.2,24.000000000000114,50.70000000000003,102.7,8,0
2024-08-03,6.3,13.600000000000115,53.90000000000003,107.8,8,0
2024-08-04,6.4,17.900000000000116,43.60000000000003,111.8,8,0
2024-08-05,6.6,19.300000000000114,45.90000000000003,116.3,8,0
2024-08-06,75.3,88.30000000000011,118.60000000000002,174.1,8,0
2024-08-07,6.7,88.60000000000011,108.60000000000004,155.79999999999998,8,0
2024-08-08,8.3,90.30000000000011,114.80000000000003,161.2,8,0
2024-08-09,4.5,19.500000000000114,114.10000000000002,164.79999999999998,8,0
2024-08-10,2.7,15.500000000000114,110.50000000000003,164.39999999999998,8,0
2024-08-11,6.8,14.000000000000114,110.90000000000002,154.5,8,0
2024-08-12,8.2,17.700000000000113,112.50000000000003,158.39999999999998,8,0
2024-08-13,9.2,24.200000000000113,46.40000000000003,165.0,8,0
2024-08-14,10.8,28.200000000000113,50.50000000000003,159.1,8,0
2024-08-15,3.1,23.100000000000115,45.300000000000026,160.1,8,0
2024-08-16,6.4,20.300000000000114,47.20000000000003,161.29999999999998,8,0
2024-08-17,20.9,30.400000000000112,65.40000000000002,175.89999999999998,8,0
2024-08-18,13.8,41.10000000000011,72.40000000000003,183.3,8,0
2024-08-19,16.7,51.40000000000011,80.90000000000002,193.39999999999998,8,0
2024-08-20,53.2,83.70000000000012,124.90000000000002,171.3,8,0
2024-08-21,9.2,79.10000000000012,123.30000000000003,173.8,8,0
2024-08-22,3.7,66.10000000000012,123.90000000000003,169.2,8,0
2024-08-23,2.7,15.600000000000113,120.20000000000002,167.4,8,0
2024-08-24,1.6,8.000000000000114,100.90000000000003,166.3,8,0
2024-08-25,1.5,5.800000000000114,88.60000000000002,161.0,8,0
2024-08-26,1.8,4.900000000000114,73.70000000000003,154.6,8,0
2024-08-27,4.7,8.000000000000114,25.200000000000028,150.1,8,0
2024-08-28,7.7,14.200000000000115,23.70000000000003,147.0,8,0
2024-08-29,3.0,15.400000000000114,23.00000000000003,146.89999999999998,8,0
2024-08-30,0.5,11.200000000000115,20.800000000000026,141.0,8,0
2024-08-31,0.5,4.000000000000115,19.70000000000003,120.60000000000001,8,0
2024-09-01,7.7,8.700000000000115,25.90000000000003,114.5,9,0
2024-09-02,0.9,9.100000000000115,25.00000000000003,98.7,9,0
2024-09-03,1.7,10.300000000000114,22.00000000000003,47.2,9,0
2024-09-04,7.0,9.600000000000115,21.30000000000003,45.0,9,0
2024-09-05,68.1,76.80000000000011,86.40000000000002,109.4,9,0
2024-09-06,57.6,132.7000000000001,143.50000000000003,164.3,9,1
2024-09-07,0.7,126.4000000000001,143.70000000000002,163.4,9,0
2024-09-08,0.2,58.500000000000114,136.20000000000005,162.10000000000002,9,0
2024-09-09,4.0,4.900000000000114,139.30000000000004,164.3,9,0
2024-09-10,1.5,5.700000000000114,139.10000000000002,161.10000000000002,9,0
2024-09-11,1.8,7.3000000000001135,133.9,155.2,9,0
2024-09-12,1.6,4.900000000000114,67.40000000000003,153.79999999999998,9,0
2024-09-13,0.4,3.8000000000001144,10.200000000000028,153.7,9,0
2024-09-14,1.6,3.6000000000001147,11.10000000000003,154.79999999999998,9,0
2024-09-15,5.3,7.300000000000114,16.200000000000028,152.4,9,0
2024-09-16,0.2,7.100000000000114,12.400000000000027,151.7,9,0
2024-09-17,4.1,9.600000000000113,15.000000000000028,154.10000000000002,9,0
2024-09-18,0.5,4.800000000000114,13.700000000000028,147.60000000000002,9,0
2024-09-19,0.0,4.600000000000114,12.100000000000026,79.50000000000001,9,0
2024-09-20,0.1,0.6000000000001146,11.80000000000003,22.000000000000014,9,0
2024-09-21,4.2,4.300000000000114,14.400000000000027,25.500000000000014,9,0
2024-09-22,1.4,5.700000000000115,10.500000000000028,26.700000000000014,9,0
2024-09-23,0.0,5.600000000000115,10.30000000000003,22.70000000000001,9,0
2024-09-24,1.1,2.5000000000001146,7.300000000000028,22.30000000000001,9,0
2024-09-25,18.7,19.800000000000114,25.50000000000003,39.20000000000002,9,0
2024-09-26,19.7,39.500000000000114,45.20000000000003,57.30000000000001,9,0
2024-09-27,101.0,139.40000000000012,146.10000000000002,157.9,9,0
2024-09-28,89.3,210.0000000000001,231.20000000000005,245.60000000000002,9,0
2024-09-29,1.7,192.0000000000001,231.50000000000003,242.0,9,0
2024-09-30,3.9,94.90000000000012,235.40000000000003,245.70000000000002,9,0
2024-10-01,7.4,13.000000000000128,241.70000000000005,249.0,10,0
2024-10-02,8.8,20.10000000000013,231.8,257.3,10,0
2024-10-03,27.5,43.70000000000013,239.60000000000002,284.8,10,0
2024-10-04,4.1,40.40000000000013,142.70000000000002,288.8,10,0
2024-10-05,1.5,33.10000000000013,54.90000000000003,286.1,10,0
2024-10-06,0.9,6.500000000000128,54.10000000000002,285.6,10,0
2024-10-07,1.9,4.300000000000128,52.10000000000003,287.5,10,0
2024-10-08,0.5,3.3000000000001277,45.20000000000003,286.9,10,0
2024-10-09,0.8,3.200000000000128,37.20000000000003,269.0,10,0
2024-10-10,13.7,15.000000000000128,23.400000000000027,263.0,10,0
2024-10-11,1.2,15.700000000000127,20.500000000000025,163.2,10,0
2024-10-12,0.2,15.100000000000128,19.200000000000028,74.1,10,0
2024-10-13,3.9,5.300000000000128,22.200000000000028,76.3,10,0
2024-10-14,11.7,15.800000000000127,32.00000000000003,84.10000000000001,10,0
2024-10-15,1.8,17.400000000000126,33.300000000000026,78.5,10,0
2024-10-16,5.7,19.200000000000127,38.200000000000024,75.4,10,0
2024-10-17,38.1,45.60000000000013,62.60000000000003,86.0,10,0
2024-10-18,1.9,45.70000000000013,63.300000000000026,83.8,10,0
2024-10-19,1.8,41.80000000000013,64.90000000000003,84.1,10,0
2024-10-20,3.3,7.000000000000128,64.30000000000004,86.5,10,0
2024-10-21,0.0,5.1000000000001275,52.60000000000003,84.6,10,0
2024-10-22,0.0,3.3000000000001277,50.80000000000003,84.1,10,0
2024-10-23,0.0,0.0,45.10000000000003,83.3,10,0
2024-10-24,0.4,0.4000000000001279,7.400000000000029,70.0,10,0
2024-10-25,0.6,1.000000000000128,6.100000000000028,69.39999999999999,10,0
2024-10-26,0.0,1.000000000000128,4.300000000000028,69.2,10,0
2024-10-27,0.0,0.6000000000001279,1.0000000000000284,65.3,10,0
2024-10-28,1.6,1.600000000000128,2.6000000000000285,55.199999999999996,10,0
2024-10-29,0.6,2.200000000000128,3.2000000000000286,54.0,10,0
2024-10-30,1.1,3.300000000000128,4.300000000000029,49.39999999999999,10,0
2024-10-31,5.2,6.900000000000128,9.100000000000028,16.5,10,0
2024-11-01,2.5,8.800000000000129,11.000000000000028,17.1,11,0
2024-11-02,0.4,8.100000000000128,11.400000000000029,15.700000000000001,11,0
2024-11-03,0.7,3.600000000000128,12.100000000000028,13.1,11,0
2024-11-04,20.4,21.500000000000128,30.900000000000027,33.5,11,0
2024-11-05,0.8,21.90000000000013,31.100000000000026,34.3,11,0
2024-11-06,0.0,21.200000000000127,30.00000000000003,34.3,11,0
2024-11-07,0.0,0.8000000000001279,24.800000000000026,33.9,11,0
2024-11-08,4.3,4.300000000000128,26.600000000000023,37.6,11,0
2024-11-09,4.5,8.800000000000129,30.700000000000024,42.1,11,0
2024-11-10,0.6,9.400000000000128,30.600000000000026,42.7,11,0
2024-11-11,0.1,5.200000000000128,10.300000000000027,41.199999999999996,11,0
2024-11-12,3.1,3.800000000000128,12.600000000000028,43.699999999999996,11,0
2024-11-13,0.4,3.600000000000128,13.000000000000028,43.0,11,0
2024-11-14,2.0,5.500000000000128,15.000000000000028,39.8,11,0
2024-11-15,0.0,2.400000000000128,10.700000000000028,37.3,11,0
2024-11-16,0.3,2.3000000000001277,6.500000000000028,37.2,11,0
2024-11-17,0.0,0.3000000000001279,5.900000000000029,36.5,11,0
2024-11-18,0.5,0.8000000000001279,6.300000000000028,16.6,11,0
2024-11-19,0.2,0.7000000000001279,3.4000000000000283,16.0,11,0
2024-11-20,0.0,0.7000000000001279,3.0000000000000284,16.0,11,0
2024-11-21,0.0,0.20000000000012796,1.0000000000000284,16.0,11,0
2024-11-22,0.3,0.30000000000012794,1.3000000000000285,12.0,11,0
2024-11-23,0.0,0.30000000000012794,1.0000000000000284,7.5,11,0
2024-11-24,0.3,0.600000000000128,1.3000000000000285,7.2,11,0
2024-11-25,4.5,4.800000000000128,5.300000000000028,11.6,11,0
2024-11-26,5.6,10.400000000000126,10.700000000000028,14.1,11,0
2024-11-27,1.6,11.700000000000127,12.300000000000027,15.299999999999999,11,0
2024-11-28,0.0,7.200000000000127,12.300000000000027,13.299999999999999,11,0
2024-11-29,0.0,1.600000000000128,12.000000000000028,13.299999999999999,11,0
2024-11-30,0.0,0.0,12.000000000000028,12.999999999999998,11,0
2024-12-01,0.0,0.0,11.700000000000028,12.999999999999998,12,0
2024-12-02,0.0,0.0,7.200000000000028,12.499999999999998,12,0
2024-12-03,0.0,0.0,1.6000000000000285,12.299999999999999,12,0
2024-12-04,0.0,0.0,0.0,12.299999999999999,12,0
2024-12-05,0.0,0.0,0.0,12.299999999999999,12,0
2024-12-06,12.7,12.700000000000127,12.700000000000028,24.699999999999996,12,0
2024-12-07,1.8,14.500000000000128,14.500000000000028,26.499999999999996,12,0
2024-12-08,0.1,14.600000000000128,14.600000000000028,26.299999999999997,12,0
2024-12-09,0.6,2.500000000000128,15.200000000000028,22.4,12,0
2024-12-10,0.0,0.7000000000001279,15.200000000000028,16.799999999999997,12,0
2024-12-11,0.0,0.6000000000001279,15.200000000000028,15.2,12,0
2024-12-12,0.0,0.0,15.200000000000028,15.2,12,0
2024-12-13,0.0,0.0,2.5000000000000284,15.2,12,0
2024-12-14,0.0,0.0,0.7000000000000284,15.2,12,0
2024-12-15,0.0,0.0,0.6000000000000284,15.2,12,0
2024-12-16,0.0,0.0,0.0,15.2,12,0
2024-12-17,0.0,0.0,0.0,15.2,12,0
2024-12-18,0.0,0.0,0.0,15.2,12,0
2024-12-19,0.0,0.0,0.0,15.2,12,0
2024-12-20,0.0,0.0,0.0,2.5,12,0
2024-12-21,0.5,0.5000000000001279,0.5000000000000284,1.2,12,0
2024-12-22,2.7,3.200000000000128,3.2000000000000286,3.8,12,0
2024-12-23,0.0,3.200000000000128,3.2000000000000286,3.2,12,0
2024-12-24,0.0,2.700000000000128,3.2000000000000286,3.2,12,0
2024-12-25,0.0,0.0,3.2000000000000286,3.2,12,0
2024-12-26,0.0,0.0,3.2000000000000286,3.2,12,0
2024-12-27,0.0,0.0,3.2000000000000286,3.2,12,0
2024-12-28,0.0,0.0,2.7000000000000286,3.2,12,0
2024-12-29,2.3,2.3000000000001277,2.3000000000000282,5.5,12,0
2024-12-30,0.1,2.400000000000128,2.4000000000000283,5.6,12,0
2024-12-31,0.0,2.400000000000128,2.4000000000000283,5.6,12,0
2025-01-01,0.0,0.1000000000001279,2.4000000000000283,5.6,1,0
2025-01-02,0.0,0.0,2.4000000000000283,5.6,1,0
2025-01-03,0.0,0.0,2.4000000000000283,5.6,1,0
2025-01-04,0.0,0.0,2.4000000000000283,5.1,1,0
2025-01-05,0.0,0.0,0.10000000000002843,2.4,1,0
2025-01-06,0.0,0.0,0.0,2.4,1,0
2025-01-07,20.4,20.400000000000126,20.400000000000027,22.799999999999997,1,0
2025-01-08,0.0,20.400000000000126,20.400000000000027,22.799999999999997,1,0
2025-01-09,0.0,20.400000000000126,20.400000000000027,22.799999999999997,1,0
2025-01-10,0.0,0.0,20.400000000000027,22.799999999999997,1,0
2025-01-11,0.0,0.0,20.400000000000027,22.799999999999997,1,0
2025-01-12,0.5,0.5000000000001279,20.900000000000027,20.999999999999996,1,0
2025-01-13,0.2,0.7000000000001279,21.100000000000026,21.099999999999998,1,0
2025-01-14,0.0,0.7000000000001279,0.7000000000000284,21.099999999999998,1,0
2025-01-15,0.0,0.2000000000001279,0.7000000000000284,21.099999999999998,1,0
2025-01-16,0.0,0.0,0.7000000000000284,21.099999999999998,1,0
2025-01-17,0.0,0.0,0.7000000000000284,21.099999999999998,1,0
2025-01-18,0.0,0.0,0.7000000000000284,21.099999999999998,1,0
2025-01-19,0.0,0.0,0.20000000000002843,21.099999999999998,1,0
2025-01-20,0.0,0.0,0.0,21.099999999999998,1,0
2025-01-21,0.0,0.0,0.0,0.7,1,0
2025-01-22,0.0,0.0,0.0,0.7,1,0
2025-01-23,0.0,0.0,0.0,0.7,1,0
2025-01-24,0.0,0.0,0.0,0.7,1,0
2025-01-25,0.0,0.0,0.0,0.7,1,0
2025-01-26,0.8,0.8000000000001279,0.8000000000000285,1.0,1,0
2025-01-27,0.0,0.8000000000001279,0.8000000000000285,0.8,1,0
2025-01-28,0.6,1.4000000000001278,1.4000000000000283,1.4,1,0
2025-01-29,0.1,0.7000000000001279,1.5000000000000284,1.5,1,0
2025-01-30,2.9,3.6000000000001275,4.400000000000029,4.4,1,0
2025-01-31,0.0,3.000000000000128,4.400000000000029,4.4,1,0
2025-02-01,0.0,2.900000000000128,4.400000000000029,4.4,2,0
2025-02-02,0.0,0.0,3.6000000000000285,4.4,2,0
2025-02-03,0.0,0.0,3.600000000000028,4.4,2,0
2025-02-04,0.0,0.0,3.0000000000000284,4.4,2,0
2025-02-05,25.1,25.10000000000013,28.00000000000003,29.5,2,0
2025-02-06,3.2,28.30000000000013,28.30000000000003,32.7,2,0
2025-02-07,0.0,28.30000000000013,28.30000000000003,32.7,2,0
2025-02-08,0.1,3.300000000000128,28.40000000000003,32.8,2,0
2025-02-09,2.0,2.100000000000128,30.40000000000003,34.0,2,0
2025-02-10,3.1,5.200000000000128,33.50000000000003,37.1,2,0
2025-02-11,4.2,9.300000000000129,37.70000000000003,40.699999999999996,2,0
2025-02-12,3.5,10.800000000000129,16.10000000000003,44.099999999999994,2,0
2025-02-13,0.0,7.700000000000128,12.90000000000003,41.199999999999996,2,0
2025-02-14,0.8,4.300000000000128,13.70000000000003,42.0,2,0
2025-02-15,9.0,9.800000000000129,22.60000000000003,51.0,2,0
2025-02-16,10.6,20.400000000000126,31.200000000000028,61.599999999999994,2,0
2025-02-17,18.6,38.20000000000013,46.70000000000003,80.2,2,0
2025-02-18,9.5,38.70000000000013,52.00000000000003,89.7,2,0
2025-02-19,16.6,44.70000000000013,65.10000000000002,81.2,2,0
2025-02-20,11.4,37.50000000000013,76.50000000000003,89.4,2,0
2025-02-21,1.5,29.500000000000128,77.20000000000003,90.9,2,0
2025-02-22,5.1,18.000000000000124,73.30000000000004,95.9,2,0
2025-02-23,3.8,10.400000000000123,66.50000000000003,97.7,2,0
2025-02-24,30.9,39.800000000000125,78.80000000000003,125.5,2,0
2025-02-25,8.2,42.90000000000012,77.50000000000003,129.5,2,0
2025-02-26,3.6,42.700000000000124,64.50000000000003,129.6,2,0
2025-02-27,6.5,18.300000000000125,59.60000000000003,136.1,2,0
2025-02-28,18.6,28.700000000000127,76.70000000000003,153.9,2,0
2025-03-01,8.1,33.200000000000124,79.70000000000002,153.0,3,0
2025-03-02,0.3,27.000000000000124,76.20000000000003,142.7,3,0
2025-03-03,0.0,8.400000000000125,45.30000000000003,124.1,3,0
2025-03-04,14.0,14.300000000000125,51.10000000000003,128.6,3,0
2025-03-05,5.8,19.800000000000125,53.30000000000003,117.8,3,0
2025-03-06,8.2,28.000000000000124,55.00000000000003,114.6,3,0
2025-03-07,31.4,45.40000000000012,67.80000000000003,144.5,3,0
2025-03-08,23.7,63.300000000000125,83.40000000000002,163.1,3,0
2025-03-09,0.8,55.90000000000012,83.90000000000002,160.1,3,0
2025-03-10,0.2,24.700000000000124,84.10000000000002,129.39999999999998,3,0
2025-03-11,1.2,2.2000000000001245,71.30000000000003,122.39999999999999,3,0
2025-03-12,12.4,13.800000000000125,77.90000000000003,131.2,3,0
2025-03-13,3.9,17.500000000000124,73.60000000000002,128.6,3,0
2025-03-14,0.8,17.100000000000126,43.00000000000003,110.8,3,0
2025-03-15,1.5,6.2000000000001245,20.80000000000003,104.19999999999999,3,0
2025-03-16,16.2,18.500000000000124,36.20000000000003,120.1,3,0
2025-03-17,6.5,24.200000000000124,42.50000000000003,126.6,3,0
2025-03-18,0.0,22.700000000000124,41.300000000000026,112.6,3,0
2025-03-19,5.0,11.500000000000124,33.900000000000034,111.8,3,0
2025-03-20,11.5,16.500000000000124,41.50000000000003,115.1,3,0
2025-03-21,27.9,44.40000000000012,68.60000000000002,111.6,3,0
2025-03-22,2.6,42.00000000000012,69.70000000000003,90.5,3,0
2025-03-23,0.0,30.500000000000124,53.50000000000003,89.7,3,0
2025-03-24,0.2,2.8000000000001246,47.200000000000024,89.7,3,0
2025-03-25,0.0,0.20000000000012436,47.200000000000024,88.5,3,0
2025-03-26,0.0,0.20000000000012436,42.200000000000024,76.1,3,0
2025-03-27,0.0,0.0,30.700000000000028,72.2,3,0
2025-03-28,0.8,0.8000000000001244,3.6000000000000285,72.2,3,0
2025-03-29,0.0,0.8000000000001244,1.0000000000000284,70.7,3,0
2025-03-30,0.0,0.8000000000001244,1.0000000000000284,54.5,3,0
2025-03-31,0.0,0.0,0.8000000000000285,48.0,3,0
2025-04-01,0.0,0.0,0.8000000000000285,48.0,4,0
2025-04-02,0.0,0.0,0.8000000000000285,43.0,4,0
2025-04-03,0.4,0.40000000000012437,1.2000000000000286,31.9,4,0
2025-04-04,0.0,0.40000000000012437,0.40000000000002844,4.0,4,0
2025-04-05,0.0,0.40000000000012437,0.40000000000002844,1.4,4,0
2025-04-06,0.0,0.0,0.40000000000002844,1.4,4,0
2025-04-07,0.0,0.0,0.40000000000002844,1.2000000000000002,4,0
2025-04-08,0.0,0.0,0.40000000000002844,1.2000000000000002,4,0
2025-04-09,0.5,0.5000000000001243,0.9000000000000284,1.7000000000000002,4,0
2025-04-10,4.0,4.500000000000124,4.500000000000028,5.7,4,0
2025-04-11,1.9,6.400000000000125,6.400000000000029,6.800000000000001,4,0
2025-04-12,1.8,7.7000000000001245,8.200000000000028,8.6,4,0
2025-04-13,0.7,4.400000000000125,8.900000000000029,9.3,4,0
2025-04-14,4.6,7.100000000000124,13.500000000000028,13.9,4,0
2025-04-15,0.0,5.300000000000124,13.500000000000028,13.9,4,0
2025-04-16,0.1,4.700000000000124,13.100000000000028,14.0,4,0
2025-04-17,4.0,4.100000000000124,13.100000000000028,17.6,4,0
2025-04-18,0.1,4.200000000000124,11.300000000000027,17.7,4,0
2025-04-19,8.4,12.500000000000124,17.900000000000027,26.1,4,0
2025-04-20,4.6,13.100000000000124,21.80000000000003,30.7,4,0
2025-04-21,3.5,16.500000000000124,20.700000000000028,34.2,4,0
2025-04-22,1.5,9.600000000000124,22.200000000000028,35.7,4,0
2025-04-23,0.4,5.400000000000125,22.500000000000025,35.6,4,0
2025-04-24,0.7,2.6000000000001244,19.200000000000028,32.3,4,0
2025-04-25,0.0,1.1000000000001244,19.10000000000003,30.400000000000002,4,0
2025-04-26,1.2,1.9000000000001243,11.900000000000027,29.8,4,0
2025-04-27,2.6,3.800000000000124,9.900000000000029,31.7,4,0
2025-04-28,6.6,10.400000000000123,13.000000000000028,33.7,4,0
2025-04-29,2.4,11.600000000000124,13.900000000000029,36.1,4,0
2025-04-30,0.7,9.700000000000125,14.200000000000028,36.699999999999996,4,0
2025-05-01,2.2,5.300000000000124,15.700000000000028,34.9,5,0
2025-05-02,0.8,3.7000000000001245,16.50000000000003,35.599999999999994,5,0
2025-05-03,1.0,4.000000000000124,16.30000000000003,28.2,5,0
2025-05-04,2.6,4.400000000000124,16.30000000000003,26.2,5,0
2025-05-05,5.6,9.200000000000124,15.30000000000003,28.3,5,0
2025-05-06,0.0,8.200000000000124,12.900000000000027,26.8,5,0
2025-05-07,3.3,8.900000000000123,15.500000000000028,29.700000000000003,5,0
2025-05-08,1.1,4.400000000000123,14.400000000000029,30.099999999999998,5,0
2025-05-09,1.8,6.200000000000124,15.400000000000029,31.9,5,0
2025-05-10,1.5,4.400000000000124,15.900000000000029,32.199999999999996,5,0
2025-05-11,19.0,22.300000000000125,32.300000000000026,48.6,5,0
2025-05-12,8.4,28.900000000000126,35.10000000000003,50.4,5,0
2025-05-13,5.1,32.50000000000013,40.20000000000003,53.1,5,0
2025-05-14,4.1,17.600000000000122,41.00000000000003,56.5,5,0
2025-05-15,1.0,10.200000000000124,40.90000000000003,55.300000000000004,5,0
2025-05-16,11.3,16.400000000000126,50.400000000000034,65.8,5,0
2025-05-17,0.3,12.600000000000126,49.20000000000003,65.1,5,0
2025-05-18,2.9,14.500000000000124,33.10000000000003,65.39999999999999,5,0
2025-05-19,2.5,5.700000000000124,27.20000000000003,62.300000000000004,5,0
2025-05-20,2.7,8.100000000000124,24.80000000000003,65.0,5,0
2025-05-21,1.8,7.000000000000124,22.500000000000032,63.5,5,0
2025-05-22,5.2,9.700000000000124,26.700000000000028,67.6,5,0
2025-05-23,1.2,8.200000000000125,16.60000000000003,67.0,5,0
2025-05-24,4.6,11.000000000000124,20.900000000000027,70.1,5,0
2025-05-25,3.8,9.600000000000124,21.80000000000003,54.9,5,0
2025-05-26,9.3,17.700000000000124,28.60000000000003,55.800000000000004,5,0
2025-05-27,1.3,14.400000000000125,27.20000000000003,52.0,5,0
2025-05-28,5.6,16.200000000000124,31.00000000000003,53.5,5,0
2025-05-29,1.3,8.200000000000124,27.100000000000026,53.8,5,0
2025-05-30,27.5,34.40000000000013,53.40000000000003,70.0,5,0
2025-05-31,6.0,34.800000000000125,54.800000000000026,75.7,5,0
2025-06-01,2.2,35.700000000000124,53.20000000000003,75.0,6,0
2025-06-02,3.7,11.900000000000125,47.60000000000003,76.2,6,0
2025-06-03,4.1,10.000000000000124,50.40000000000003,77.6,6,0
2025-06-04,0.6,8.400000000000125,45.40000000000003,76.4,6,0
2025-06-05,2.4,7.100000000000124,46.50000000000003,73.6,6,0
2025-06-06,3.6,6.600000000000124,22.60000000000003,76.0,6,0
2025-06-07,0.0,6.000000000000124,16.60000000000003,71.4,6,0
2025-06-08,0.4,4.000000000000124,14.80000000000003,68.0,6,0
2025-06-09,5.7,6.100000000000124,16.80000000000003,64.4,6,0
2025-06-10,0.7,6.800000000000125,13.400000000000029,63.800000000000004,6,0
2025-06-11,2.6,9.000000000000124,15.400000000000029,60.8,6,0
2025-06-12,13.3,16.600000000000126,26.30000000000003,72.80000000000001,6,0
2025-06-13,6.6,22.500000000000128,29.300000000000026,51.900000000000006,6,0
2025-06-14,9.1,29.000000000000124,38.40000000000003,55.0,6,0
2025-06-15,20.6,36.300000000000125,58.60000000000003,73.4,6,1
2025-06-16,17.8,47.50000000000013,70.70000000000003,87.5,6,1
2025-06-17,9.8,48.20000000000013,79.80000000000003,93.2,6,1
2025-06-18,21.6,49.20000000000013,98.80000000000004,114.2,6,0
2025-06-19,3.2,34.60000000000013,88.70000000000003,115.00000000000001,6,0
2025-06-20,21.5,46.300000000000125,103.60000000000002,132.9,6,1
2025-06-21,0.4,25.100000000000122,94.90000000000003,133.3,6,0
2025-06-22,5.2,27.100000000000126,79.50000000000004,138.1,6,0
2025-06-23,12.1,17.700000000000124,73.80000000000003,144.5,6,0
2025-06-24,6.6,23.900000000000126,70.60000000000002,150.4,6,0
2025-06-25,10.0,28.700000000000124,59.00000000000003,157.79999999999998,6,0
2025-06-26,6.1,22.700000000000124,61.90000000000002,150.60000000000002,6,0
2025-06-27,16.8,32.90000000000012,57.200000000000024,160.8,6,0
2025-06-28,5.4,28.300000000000125,62.200000000000024,157.1,6,0
2025-06-29,8.4,30.600000000000126,65.40000000000003,144.9,6,0
2025-06-30,3.9,17.700000000000124,57.20000000000003,131.0,6,0
2025-07-01,2.1,14.400000000000125,52.70000000000003,123.30000000000001,7,0
2025-07-02,1.2,7.2000000000001245,43.90000000000003,102.89999999999999,7,0
2025-07-03,7.5,10.800000000000125,45.300000000000026,107.19999999999999,7,0
2025-07-04,7.4,16.100000000000126,35.90000000000003,93.1,7,0
2025-07-05,1.9,16.800000000000125,32.400000000000034,94.60000000000001,7,0
2025-07-06,5.0,14.300000000000125,29.00000000000003,94.4,7,0
2025-07-07,3.8,10.700000000000125,28.90000000000003,86.10000000000001,7,0
2025-07-08,7.0,15.800000000000125,33.800000000000026,86.5,7,0
2025-07-09,56.8,67.60000000000012,89.40000000000002,133.29999999999998,7,1
2025-07-10,1.7,65.50000000000013,83.60000000000002,128.9,7,0
2025-07-11,12.0,70.50000000000013,88.20000000000003,124.1,7,0
2025-07-12,1.6,15.300000000000127,87.90000000000002,120.3,7,0
2025-07-13,4.1,17.700000000000127,87.00000000000003,116.0,7,0
2025-07-14,11.1,16.800000000000125,94.30000000000003,123.19999999999999,7,0
2025-07-15,7.7,22.900000000000126,95.00000000000003,128.8,7,0
2025-07-16,7.9,26.700000000000127,46.10000000000003,135.5,7,0
2025-07-17,5.8,21.400000000000126,50.200000000000024,133.8,7,0
2025-07-18,1.2,14.900000000000128,39.400000000000034,127.6,7,0
2025-07-19,2.6,9.600000000000128,40.40000000000003,128.29999999999998,7,1
2025-07-20,58.0,61.800000000000125,94.30000000000003,181.29999999999998,7,1
2025-07-21,0.9,61.50000000000012,84.10000000000004,178.4,7,0
2025-07-22,15.9,74.80000000000013,92.30000000000003,187.3,7,0
2025-07-23,7.7,24.500000000000128,92.10000000000002,138.2,7,0
2025-07-24,0.9,24.50000000000013,87.20000000000003,137.4,7,0
2025-07-25,0.9,9.500000000000128,86.90000000000002,126.3,7,0
2025-07-26,19.3,21.10000000000013,103.60000000000002,144.0,7,0
2025-07-27,20.7,40.900000000000134,66.30000000000003,160.6,7,0
2025-07-28,37.3,77.30000000000013,102.70000000000002,186.8,7,1
2025-07-29,30.8,88.80000000000013,117.60000000000002,209.89999999999998,7,0
2025-07-30,5.4,73.50000000000013,115.30000000000003,207.4,7,1
2025-07-31,1.9,38.10000000000013,116.30000000000001,203.5,7,0
2025-08-01,7.4,14.700000000000129,122.80000000000003,209.70000000000002,8,0
2025-08-02,17.4,26.700000000000127,120.90000000000003,224.49999999999997,8,0
2025-08-03,23.0,47.800000000000125,123.20000000000002,189.5,8,0
2025-08-04,39.8,80.20000000000012,125.70000000000002,228.4,8,0
2025-08-05,27.1,89.90000000000012,122.00000000000003,239.6,8,0
2025-08-06,2.9,69.80000000000013,119.50000000000003,234.79999999999998,8,0
2025-08-07,7.6,37.60000000000013,125.20000000000003,241.5,8,0
2025-08-08,17.4,27.900000000000126,135.20000000000002,258.0,8,0
2025-08-09,2.2,27.200000000000127,120.00000000000001,240.89999999999998,8,1
2025-08-10,3.0,22.600000000000126,100.00000000000003,223.2,8,0
2025-08-11,61.5,66.70000000000013,121.70000000000003,247.39999999999998,8,0
2025-08-12,18.4,82.90000000000012,113.00000000000003,235.0,8,0
2025-08-13,54.6,134.5000000000001,164.70000000000005,284.2,8,0
2025-08-14,9.6,82.60000000000012,166.70000000000005,291.90000000000003,8,0
2025-08-15,1.2,65.40000000000013,150.50000000000003,285.7,8,0
2025-08-16,22.2,33.00000000000013,170.50000000000006,290.5,8,0
2025-08-17,6.9,30.300000000000125,174.40000000000003,274.40000000000003,8,0
2025-08-18,4.8,33.90000000000013,117.70000000000003,239.4,8,0
2025-08-19,1.0,12.700000000000127,100.30000000000004,213.3,8,1
2025-08-20,6.9,12.700000000000127,52.60000000000003,217.29999999999998,8,0
2025-08-21,8.8,16.700000000000127,51.800000000000026,218.5,8,0
2025-08-22,14.7,30.400000000000126,65.30000000000004,215.8,8,0
2025-08-23,2.7,26.200000000000127,45.80000000000003,216.3,8,0
2025-08-24,26.2,43.60000000000012,65.10000000000002,239.5,8,0
2025-08-25,13.2,42.10000000000012,73.50000000000003,191.20000000000002,8,0
2025-08-26,1.4,40.800000000000125,73.90000000000002,174.2,8,0
2025-08-27,2.0,16.600000000000122,69.00000000000003,121.60000000000001,8,0
2025-08-28,11.8,15.200000000000125,72.00000000000003,123.8,8,0
2025-08-29,13.3,27.100000000000126,70.60000000000002,135.9,8,1
2025-08-30,10.9,36.00000000000013,78.80000000000003,124.60000000000001,8,0
2025-08-31,6.1,30.300000000000125,58.70000000000003,123.8,8,0
2025-09-01,3.0,20.000000000000124,48.50000000000003,122.0,9,0
2025-09-02,4.9,14.000000000000124,52.00000000000003,125.9,9,0
2025-09-03,2.8,10.700000000000124,52.800000000000026,121.8,9,0
2025-09-04,7.9,15.600000000000126,48.900000000000034,120.9,9,0
2025-09-05,1.9,12.600000000000124,37.50000000000003,108.1,9,0
2025-09-06,1.6,11.400000000000126,28.200000000000028,107.0,9,0
2025-09-07,5.5,9.000000000000124,27.60000000000003,86.30000000000001,9,0
2025-09-08,7.5,14.600000000000124,32.10000000000003,80.60000000000001,9,0
2025-09-09,4.9,17.900000000000126,32.10000000000003,84.1,9,0
2025-09-10,1.3,13.700000000000125,30.60000000000003,83.4,9,0
2025-09-11,8.6,14.800000000000125,31.30000000000003,80.2,9,0
2025-09-12,3.6,13.500000000000124,33.00000000000003,70.5,9,0
2025-09-13,4.1,16.300000000000125,35.50000000000003,63.7,9,0
2025-09-14,21.2,28.90000000000012,51.20000000000003,78.8,9,0
2025-09-15,71.3,96.60000000000011,115.00000000000003,147.1,9,0
2025-09-16,10.4,102.90000000000013,120.50000000000003,152.6,9,0
2025-09-17,21.1,102.80000000000013,140.3,170.9,9,0
2025-09-18,3.7,35.20000000000013,135.40000000000003,166.7,9,0
2025-09-19,3.0,27.80000000000013,134.80000000000004,167.79999999999998,9,0
2025-09-20,3.9,10.600000000000128,134.60000000000005,170.1,9,0
2025-09-21,1.3,8.200000000000127,114.70000000000003,165.9,9,0
2025-09-22,0.0,5.200000000000128,43.40000000000003,158.4,9,0
2025-09-23,2.2,3.5000000000001283,35.20000000000003,155.7,9,0
2025-09-24,2.4,4.6000000000001275,16.50000000000003,156.79999999999998,9,0
2025-09-25,5.1,9.700000000000127,17.900000000000027,153.29999999999998,9,0
2025-09-26,0.0,7.500000000000127,14.900000000000029,149.7,9,0
2025-09-27,1.8,6.900000000000127,12.80000000000003,147.4,9,0
2025-09-28,12.5,14.300000000000129,24.00000000000003,138.7,9,0
2025-09-29,18.1,32.400000000000134,42.10000000000003,85.5,9,0
2025-09-30,6.0,36.60000000000013,45.90000000000003,81.1,9,0
2025-10-01,2.0,26.10000000000013,45.50000000000003,62.0,10,0
2025-10-02,12.3,20.30000000000013,52.70000000000003,70.6,10,0
2025-10-03,2.0,16.30000000000013,54.70000000000003,69.6,10,0
2025-10-04,29.7,44.00000000000013,82.60000000000002,95.4,10,0
2025-10-05,7.9,39.60000000000013,78.00000000000003,102.0,10,0
2025-10-06,0.9,38.50000000000013,60.800000000000026,102.89999999999999,10,0
2025-10-07,0.1,8.900000000000128,54.90000000000003,100.80000000000001,10,0
2025-10-08,0.7,1.7000000000001279,53.60000000000003,99.1,10,0
2025-10-09,2.1,2.900000000000128,43.40000000000003,96.10000000000001,10,0
2025-10-10,0.0,2.8000000000001277,41.400000000000034,96.10000000000001,10,0
2025-10-11,0.0,2.100000000000128,11.700000000000028,94.3,10,0
2025-10-12,0.0,0.0,3.8000000000000282,81.8,10,0
2025-10-13,0.0,0.0,2.9000000000000283,63.7,10,0
2025-10-14,0.0,0.0,2.8000000000000282,57.7,10,0
2025-10-15,0.0,0.0,2.100000000000028,55.7,10,0
2025-10-16,0.0,0.0,0.0,43.400000000000006,10,0
2025-10-17,0.0,0.0,0.0,41.400000000000006,10,0
2025-10-18,0.0,0.0,0.0,11.7,10,0
2025-10-19,0.0,0.0,0.0,3.8,10,0
2025-10-20,0.0,0.0,0.0,2.9,10,0
2025-10-21,0.0,0.0,0.0,2.8,10,0
2025-10-22,0.0,0.0,0.0,2.0999999999999996,10,0
2025-10-23,6.6,6.6000000000001275,6.600000000000028,6.6,10,0
2025-10-24,0.0,6.6000000000001275,6.600000000000028,6.6,10,0
2025-10-25,4.5,11.100000000000128,11.100000000000028,11.1,10,0
2025-10-26,0.1,4.6000000000001275,11.200000000000028,11.2,10,0
2025-10-27,1.2,5.800000000000128,12.400000000000029,12.4,10,0
2025-10-28,32.3,33.60000000000012,44.700000000000024,44.699999999999996,10,0
2025-10-29,2.2,35.700000000000124,46.90000000000003,46.9,10,0
2025-10-30,22.4,56.90000000000012,62.70000000000002,69.3,10,0
2025-10-31,7.1,31.700000000000124,69.80000000000003,76.39999999999999,10,0
2025-11-01,6.9,36.40000000000013,72.20000000000002,83.3,11,0
2025-11-02,0.5,14.500000000000128,72.60000000000002,83.8,11,1
2025-11-03,2.5,9.900000000000128,73.90000000000002,86.3,11,0
2025-11-04,0.2,3.200000000000128,41.800000000000026,86.5,11,0
2025-11-05,23.7,26.400000000000126,63.300000000000026,110.19999999999999,11,0
2025-11-06,0.1,24.000000000000128,41.00000000000003,103.7,11,0
2025-11-07,0.0,23.80000000000013,33.90000000000003,103.7,11,0
2025-11-08,0.0,0.1000000000001279,27.00000000000003,99.2,11,0
2025-11-09,0.6,0.6000000000001279,27.100000000000026,99.69999999999999,11,0
2025-11-10,0.0,0.6000000000001279,24.600000000000026,98.49999999999999,11,0
2025-11-11,1.2,1.8000000000001277,25.600000000000026,67.39999999999999,11,0
2025-11-12,0.1,1.300000000000128,2.0000000000000284,65.3,11,0
2025-11-13,0.0,1.3000000000001282,1.9000000000000283,42.89999999999999,11,0
2025-11-14,0.0,0.1000000000001279,1.9000000000000283,35.8,11,0
2025-11-15,0.0,0.0,1.9000000000000283,28.9,11,0
2025-11-16,0.0,0.0,1.3000000000000285,28.4,11,0
2025-11-17,0.0,0.0,1.3000000000000285,25.9,11,0
2025-11-18,0.0,0.0,0.10000000000002843,25.7,11,0
2025-11-19,0.0,0.0,0.0,2.0,11,0
2025-11-20,0.5,0.5000000000001279,0.5000000000000284,2.4,11,0
2025-11-21,0.7,1.2000000000001279,1.2000000000000284,3.0999999999999996,11,0
2025-11-22,3.0,4.200000000000128,4.200000000000029,6.1,11,0
2025-11-23,0.1,3.800000000000128,4.300000000000028,5.6,11,0
2025-11-24,0.0,3.1000000000001284,4.300000000000028,5.6,11,0
2025-11-25,0.0,0.10000000000012835,4.300000000000028,4.3999999999999995,11,0
2025-11-26,0.0,0.0,4.300000000000028,4.3,11,0
2025-11-27,0.0,0.0,3.8000000000000287,4.3,11,0
2025-11-28,0.0,0.0,3.100000000000029,4.3,11,0
2025-11-29,0.0,0.0,0.10000000000002887,4.3,11,0
2025-11-30,0.0,0.0,0.0,4.3,11,0
2025-12-01,0.0,0.0,0.0,4.3,12,0
2025-12-02,0.3,0.30000000000012833,0.30000000000002885,4.6000000000000005,12,0
2025-12-03,0.0,0.30000000000012833,0.30000000000002885,4.6000000000000005,12,0
2025-12-04,0.0,0.30000000000012833,0.30000000000002885,4.1000000000000005,12,0
2025-12-05,0.0,0.0,0.30000000000002885,3.4,12,0
2025-12-06,0.0,0.0,0.30000000000002885,0.4,12,0
2025-12-07,0.0,0.0,0.30000000000002885,0.30000000000000004,12,0
2025-12-08,0.0,0.0,0.30000000000002885,0.30000000000000004,12,0
2025-12-09,0.0,0.0,0.0,0.30000000000000004,12,0
2025-12-10,0.0,0.0,0.0,0.30000000000000004,12,0
2025-12-11,0.0,0.0,0.0,0.30000000000000004,12,0
2025-12-12,0.0,0.0,0.0,0.30000000000000004,12,0
2025-12-13,0.0,0.0,0.0,0.30000000000000004,12,0
2025-12-14,0.0,0.0,0.0,0.30000000000000004,12,0
2025-12-15,0.0,0.0,0.0,0.30000000000000004,12,0
2025-12-16,0.0,0.0,0.0,0.0,12,0
2025-12-17,0.0,0.0,0.0,0.0,12,0
2025-12-18,0.0,0.0,0.0,0.0,12,0
2025-12-19,0.0,0.0,0.0,0.0,12,0
2025-12-20,0.0,0.0,0.0,0.0,12,0
2025-12-21,0.0,0.0,0.0,0.0,12,0
2025-12-22,0.0,0.0,0.0,0.0,12,0
2025-12-23,0.0,0.0,0.0,0.0,12,0
2025-12-24,0.0,0.0,0.0,0.0,12,0
2025-12-25,0.2,0.20000000000012835,0.20000000000002888,0.2,12,0
2025-12-26,0.0,0.20000000000012835,0.20000000000002888,0.2,12,0
2025-12-27,0.0,0.20000000000012835,0.20000000000002888,0.2,12,0
2025-12-28,0.0,0.0,0.20000000000002888,0.2,12,0
2025-12-29,0.1,0.10000000000012835,0.3000000000000289,0.30000000000000004,12,0
2025-12-30,1.1,1.2000000000001285,1.400000000000029,1.4000000000000001,12,0
2025-12-31,0.0,1.2000000000001285,1.400000000000029,1.4000000000000001,12,0
2026-01-01,0.0,1.1000000000001284,1.200000000000029,1.4000000000000001,1,0
2026-01-02,14.7,14.700000000000127,15.900000000000029,16.099999999999998,1,0
2026-01-03,0.3,15.000000000000128,16.200000000000028,16.4,1,0
2026-01-04,0.3,15.300000000000127,16.50000000000003,16.7,1,0
2026-01-05,0.1,0.7000000000001279,16.50000000000003,16.8,1,0
2026-01-06,0.0,0.4000000000001279,15.400000000000029,16.8,1,0
2026-01-07,0.0,0.1000000000001279,15.400000000000027,16.8,1,0
2026-01-08,0.0,0.0,15.400000000000027,16.6,1,0
2026-01-09,0.0,0.0,0.7000000000000284,16.6,1,0
2026-01-10,0.0,0.0,0.40000000000002844,16.6,1,0
2026-01-11,0.0,0.0,0.10000000000002843,16.6,1,0
2026-01-12,0.0,0.0,0.0,16.5,1,0
2026-01-13,0.0,0.0,0.0,15.399999999999999,1,0
2026-01-14,0.0,0.0,0.0,15.399999999999999,1,0
2026-01-15,0.3,0.3000000000001279,0.3000000000000284,15.7,1,0
2026-01-16,0.0,0.3000000000001279,0.3000000000000284,1.0,1,0
2026-01-17,0.0,0.3000000000001279,0.3000000000000284,0.7,1,0
2026-01-18,0.0,0.0,0.3000000000000284,0.4,1,0
2026-01-19,0.9,0.9000000000001279,1.2000000000000284,1.2000000000000002,1,0
2026-01-20,0.0,0.9000000000001279,1.2000000000000286,1.2000000000000002,1,0
2026-01-21,0.0,0.9000000000001279,1.2000000000000286,1.2000000000000002,1,0
2026-01-22,0.0,0.0,0.9000000000000284,1.2000000000000002,1,0
2026-01-23,0.0,0.0,0.9000000000000286,1.2000000000000002,1,0
2026-01-24,1.7,1.7000000000001279,2.6000000000000285,2.9,1,0
2026-01-25,0.7,2.400000000000128,3.3000000000000282,3.5999999999999996,1,0
2026-01-26,0.6,3.000000000000128,3.000000000000028,4.2,1,0
2026-01-27,0.0,1.3000000000001277,3.0000000000000284,4.2,1,0
2026-01-28,12.8,13.400000000000128,15.80000000000003,17.0,1,0
2026-01-29,1.6,14.400000000000128,17.40000000000003,18.3,1,0
2026-01-30,3.6,18.000000000000128,21.00000000000003,21.9,1,0
2026-01-31,0.0,5.200000000000128,19.30000000000003,21.9,1,0
2026-02-01,0.2,3.800000000000128,18.80000000000003,22.099999999999998,2,0
2026-02-02,5.0,5.200000000000128,23.20000000000003,26.200000000000003,2,0
2026-02-03,0.6,5.800000000000128,23.80000000000003,26.8,2,0
2026-02-04,0.0,5.6000000000001275,11.000000000000028,26.8,2,0
2026-02-05,1.0,1.600000000000128,10.400000000000029,27.8,2,0
2026-02-06,0.0,1.000000000000128,6.800000000000029,27.8,2,0
2026-02-07,1.7,2.700000000000128,8.500000000000028,27.8,2,0
2026-02-08,2.1,3.8000000000001277,10.40000000000003,29.2,2,0
2026-02-09,0.8,4.6000000000001275,6.200000000000029,29.400000000000002,2,0
2026-02-10,9.9,12.800000000000129,15.500000000000028,39.300000000000004,2,0
2026-02-11,7.0,17.70000000000013,22.50000000000003,33.5,2,0
2026-02-12,18.9,35.800000000000125,40.40000000000003,50.8,2,0
2026-02-13,0.0,25.90000000000013,40.40000000000003,47.199999999999996,2,0
2026-02-14,0.0,18.900000000000126,38.700000000000024,47.199999999999996,2,0
2026-02-15,16.7,16.700000000000127,53.300000000000026,63.7,2,0
2026-02-16,0.0,16.700000000000127,52.50000000000003,58.7,2,0
2026-02-17,0.0,16.700000000000127,42.60000000000002,58.099999999999994,2,0
2026-02-18,0.0,0.0,35.60000000000002,58.099999999999994,2,0
2026-02-19,0.4,0.4000000000001279,17.100000000000026,57.5,2,0
2026-02-20,0.0,0.4000000000001279,17.100000000000026,57.5,2,0
2026-02-21,0.0,0.4000000000001279,17.100000000000026,55.8,2,0
2026-02-22,2.9,2.900000000000128,3.3000000000000282,56.6,2,0
2026-02-23,0.0,2.900000000000128,3.3000000000000282,55.8,2,0
2026-02-24,6.8,9.700000000000127,10.100000000000028,52.699999999999996,2,0
2026-02-25,11.4,18.20000000000013,21.50000000000003,57.099999999999994,2,0
2026-02-26,1.7,19.90000000000013,22.80000000000003,39.9,2,0
2026-02-27,3.7,16.800000000000132,26.50000000000003,43.6,2,0
2026-02-28,16.5,21.900000000000134,43.00000000000003,60.1,2,0
2026-03-01,1.1,21.300000000000136,41.20000000000003,44.50000000000001,3,0
2026-03-02,0.4,18.000000000000135,41.60000000000003,44.9,3,0
2026-03-03,2.2,3.700000000000135,37.00000000000003,47.10000000000001,3,0
2026-03-04,0.2,2.8000000000001353,25.800000000000026,47.300000000000004,3,0
2026-03-05,0.0,2.4000000000001354,24.100000000000026,46.9,3,0
2026-03-06,4.7,4.900000000000135,25.10000000000003,51.6,3,0
2026-03-07,3.0,7.700000000000135,11.60000000000003,54.6,3,0
2026-03-08,0.5,8.200000000000134,11.000000000000028,52.2,3,0
2026-03-09,7.0,10.500000000000135,17.60000000000003,59.2,3,0
2026-03-10,1.7,9.200000000000134,17.10000000000003,54.1,3,0
2026-03-11,1.4,10.100000000000135,18.30000000000003,44.10000000000001,3,0
2026-03-12,1.8,4.900000000000135,20.10000000000003,44.2,3,0
2026-03-13,2.4,5.600000000000135,17.800000000000026,42.9,3,0
2026-03-14,0.9,5.1000000000001355,15.700000000000028,27.3,3,0
2026-03-15,20.2,23.500000000000135,35.40000000000003,46.4,3,0
2026-03-16,4.6,25.700000000000138,33.00000000000003,50.6,3,0
2026-03-17,0.0,24.800000000000132,31.300000000000026,48.4,3,0
2026-03-18,0.3,4.9000000000001345,30.200000000000028,48.5,3,0
2026-03-19,1.4,1.700000000000135,29.80000000000003,49.9,3,0
2026-03-20,4.6,6.300000000000135,32.00000000000003,49.8,3,0
2026-03-21,10.8,16.800000000000136,41.90000000000003,57.599999999999994,3,0
2026-03-22,3.1,18.500000000000135,24.80000000000003,60.199999999999996,3,0
2026-03-23,12.7,26.600000000000136,32.90000000000003,65.89999999999999,3,0
2026-03-24,9.0,24.800000000000132,41.90000000000003,73.19999999999999,3,0
2026-03-25,0.2,21.900000000000134,41.800000000000026,72.0,3,0
2026-03-26,12.8,22.000000000000135,53.200000000000024,82.99999999999999,3,0
2026-03-27,16.2,29.200000000000134,64.80000000000003,96.8,3,0
2026-03-28,5.0,34.000000000000135,59.00000000000003,100.89999999999999,3,0
2026-03-29,2.3,23.500000000000135,58.200000000000024,82.99999999999999,3,0
2026-03-30,0.8,8.100000000000135,46.30000000000003,79.19999999999999,3,0
2026-03-31,5.1,8.200000000000134,42.400000000000034,84.3,3,0
2026-04-01,2.1,8.000000000000135,44.300000000000026,86.1,4,0
2026-04-02,3.2,10.400000000000135,34.70000000000003,87.89999999999999,4,0
2026-04-03,1.3,6.6000000000001355,19.80000000000003,84.6,4,0
2026-04-04,15.2,19.700000000000134,30.00000000000003,89.0,4,0
2026-04-05,3.3,19.800000000000136,31.000000000000025,89.19999999999999,4,0
2026-04-06,3.7,22.200000000000134,33.90000000000003,80.2,4,0
2026-04-07,1.5,8.500000000000135,30.300000000000026,72.7,4,0
2026-04-08,15.1,20.300000000000136,43.300000000000026,87.6,4,0
2026-04-09,18.2,34.80000000000013,58.300000000000026,93.0,4,0
2026-04-10,1.1,34.400000000000134,58.10000000000002,77.89999999999999,4,0
2026-04-11,1.3,20.60000000000013,44.20000000000003,74.2,4,0
2026-04-12,2.2,4.600000000000132,43.10000000000002,74.1,4,0
2026-04-13,0.0,3.500000000000132,39.40000000000003,73.3,4,0
2026-04-14,4.8,7.0000000000001315,42.70000000000003,73.0,4,0
2026-04-15,0.2,5.0000000000001315,27.80000000000003,71.1,4,0
2026-04-16,0.0,5.0000000000001315,9.600000000000028,67.89999999999999,4,0
2026-04-17,0.7,0.9000000000001314,9.20000000000003,67.3,4,0
2026-04-18,1.5,2.2000000000001316,9.400000000000029,53.599999999999994,4,0
2026-04-19,2.9,5.100000000000131,10.100000000000028,53.2,4,0
2026-04-20,4.8,9.20000000000013,14.900000000000027,54.3,4,0
2026-04-21,0.7,8.40000000000013,10.800000000000027,53.5,4,0
2026-04-22,0.0,5.5000000000001315,10.600000000000028,38.400000000000006,4,0
2026-04-23,0.0,0.7000000000001314,10.600000000000028,20.2,4,0
2026-04-24,0.2,0.20000000000013146,10.100000000000028,19.299999999999997,4,0
2026-04-25,2.6,2.8000000000001317,11.200000000000028,20.6,4,0
2026-04-26,5.5,8.300000000000132,13.80000000000003,23.9,4,0
2026-04-27,6.2,14.300000000000132,15.200000000000028,30.099999999999998,4,0
2026-04-28,4.3,16.00000000000013,18.80000000000003,29.599999999999998,4,0
2026-04-29,16.6,27.100000000000133,35.400000000000034,46.0,4,0
2026-04-30,10.8,31.700000000000134,46.20000000000003,56.8,4,0
2026-05-01,2.4,29.800000000000132,48.40000000000003,58.50000000000001,5,0
2026-05-02,0.3,13.500000000000131,46.10000000000004,57.300000000000004,5,0
2026-05-03,3.0,5.700000000000131,43.60000000000004,57.4,5,0
2026-05-04,12.4,15.70000000000013,49.80000000000003,65.0,5,1
2026-05-05,2.7,18.10000000000013,48.20000000000003,67.0,5,0
2026-05-06,4.3,19.40000000000013,35.90000000000003,71.3,5,0
2026-05-07,5.6,12.600000000000131,30.700000000000028,76.9,5,0
2026-05-08,0.8,10.70000000000013,29.10000000000003,77.5,5,0
2026-05-09,7.5,13.90000000000013,36.300000000000026,82.4,5,0
2026-05-10,1.0,9.300000000000132,34.300000000000026,77.9,5,0
2026-05-11,0.3,8.80000000000013,22.20000000000003,72.0,5,0
2026-05-12,10.6,11.90000000000013,30.100000000000026,78.3,5,0
2026-05-13,3.1,14.000000000000131,28.900000000000027,64.8,5,0
2026-05-14,6.6,20.300000000000132,29.900000000000027,60.6,5,0
2026-05-15,2.1,11.80000000000013,31.200000000000028,60.3,5,0
2026-05-16,3.0,11.70000000000013,26.700000000000028,63.0,5,0
2026-05-17,2.7,7.800000000000132,28.400000000000027,62.699999999999996,5,0
2026-05-18,1.3,7.000000000000132,29.400000000000027,51.6,5,0
2026-05-19,3.7,7.700000000000132,22.50000000000003,52.599999999999994,5,0
2026-05-20,2.8,7.800000000000131,22.200000000000028,51.1,5,0
2026-05-21,5.1,11.600000000000131,20.700000000000028,50.6,5,0
2026-05-22,2.7,10.600000000000131,21.300000000000026,52.5,5,0
2026-05-23,0.9,8.70000000000013,19.200000000000028,45.9,5,0
2026-05-24,2.4,6.0000000000001315,18.900000000000027,47.300000000000004,5,0
2026-05-25,4.2,7.5000000000001315,21.800000000000026,51.199999999999996,5,0
2026-05-26,4.6,11.20000000000013,22.700000000000028,45.199999999999996,5,1
2026-05-27,0.2,9.000000000000131,20.100000000000026,42.300000000000004,5,0
2026-05-28,2.5,7.300000000000131,17.50000000000003,38.2,5,0
2026-05-29,23.1,25.800000000000132,37.90000000000003,59.2,5,0
2026-05-30,9.6,35.20000000000013,46.60000000000003,65.8,5,0
2026-05-31,7.1,39.80000000000013,51.300000000000026,70.2,5,0
2026-06-01,2.0,18.70000000000013,49.10000000000002,70.9,6,0
2026-06-02,3.2,12.300000000000132,47.700000000000024,70.4,6,0
2026-06-03,2.1,7.300000000000132,49.60000000000003,69.7,6,0
2026-06-04,5.4,10.700000000000133,52.50000000000003,70.0,6,0
2026-06-05,8.1,15.600000000000133,37.50000000000003,75.39999999999999,6,0
2026-06-06,8.5,22.00000000000013,36.40000000000002,83.0,6,0
2026-06-07,7.7,24.30000000000013,37.00000000000003,88.3,6,0
2026-06-08,8.6,24.800000000000132,43.60000000000002,92.69999999999999,6,0
2026-06-09,5.1,21.400000000000134,45.50000000000002,93.2,6,0
2026-06-10,8.3,22.000000000000135,51.70000000000003,101.3,6,0
2026-06-11,11.1,24.50000000000013,57.40000000000002,109.9,6,0
2026-06-12,5.6,25.000000000000135,54.90000000000003,92.4,6,0
2026-06-13,3.6,20.30000000000013,50.00000000000002,86.39999999999999,6,0
2026-06-14,3.1,12.300000000000132,45.40000000000003,82.4,6,0
2026-06-15,5.1,11.800000000000132,41.90000000000003,85.5,6,0
2026-06-16,2.3,10.500000000000131,39.10000000000002,84.6,6,0
2026-06-17,5.9,13.300000000000132,36.700000000000024,88.4,6,0
2026-06-18,11.2,19.400000000000134,36.800000000000026,94.2,6,0
2026-06-19,9.2,26.300000000000132,40.40000000000002,95.3,6,0
2026-06-20,7.0,27.400000000000134,43.80000000000002,93.8,6,0
2026-06-21,15.8,32.000000000000135,56.50000000000003,101.9,6,0
2026-06-22,24.3,47.100000000000136,75.70000000000002,117.60000000000001,6,0
2026-06-23,5.0,45.100000000000136,78.40000000000003,117.5,6,0
2026-06-24,7.0,36.30000000000013,79.50000000000003,116.2,6,0
2026-06-25,14.1,26.10000000000013,82.40000000000002,119.19999999999999,6,1
2026-06-26,2.3,23.40000000000013,75.50000000000003,115.9,6,0
2026-06-27,4.3,20.70000000000013,72.80000000000003,116.60000000000001,6,0
2026-06-28,6.8,13.40000000000013,63.800000000000026,120.3,6,0
2026-06-29,17.7,28.80000000000013,57.20000000000002,132.9,6,0
2026-06-30,10.6,35.10000000000013,62.80000000000002,141.2,6,0
2026-07-01,2.5,30.800000000000132,58.30000000000002,137.8,7,0
2026-07-02,8.8,21.900000000000134,53.00000000000002,135.4,7,1
2026-07-03,8.8,20.100000000000133,59.50000000000002,135.0,7,0
2026-07-04,29.3,46.900000000000134,84.50000000000003,157.3,7,0
2026-07-05,34.7,72.80000000000014,112.40000000000003,176.2,7,1
2026-07-06,16.0,80.00000000000014,110.70000000000002,167.89999999999998,7,0
2026-07-07,10.5,61.20000000000013,110.60000000000002,173.39999999999998,7,1
2026-07-08,42.7,69.20000000000013,150.80000000000004,209.1,7,0
2026-07-09,29.7,82.90000000000013,171.70000000000002,224.7,7,1
2026-07-10,16.4,88.80000000000013,179.30000000000004,238.8,7,0
2026-07-11,4.7,50.800000000000125,154.70000000000002,239.20000000000002,7,1
2026-07-12,15.1,36.20000000000013,135.10000000000002,247.50000000000003,7,0
2026-07-13,37.3,57.10000000000013,156.40000000000003,267.1,7,1
2026-07-14,36.6,89.00000000000013,182.50000000000003,293.09999999999997,7,1
2026-07-15,6.6,80.50000000000013,146.4,297.2,7,0
2026-07-16,7.8,51.000000000000135,124.50000000000001,296.20000000000005,7,1
2026-07-17,20.0,34.400000000000134,128.10000000000002,307.40000000000003,7,0
2026-07-18,61.7,89.50000000000014,185.10000000000002,339.8,7,0
2026-07-19,22.4,104.10000000000014,192.40000000000003,327.5,7,1
2026-07-20,4.1,88.20000000000013,159.20000000000002,315.6,7,0
2026-07-21,7.9,34.400000000000134,130.50000000000003,313.0,7,0
2026-07-22,8.2,20.200000000000134,132.10000000000002,278.49999999999994,7,0
2026-07-23,11.7,27.800000000000136,136.0,260.5,7,0
2026-07-24,4.1,24.000000000000135,120.10000000000001,248.2,7,0
2026-07-25,14.8,30.600000000000136,73.20000000000002,258.3,7,1
2026-07-26,3.9,22.800000000000136,54.70000000000002,247.1,7,0
2026-07-27,30.7,49.400000000000134,81.30000000000001,240.5,7,1
2026-07-28,0.7,35.30000000000013,74.10000000000001,204.6,7,0
2026-07-29,4.0,35.400000000000134,69.90000000000002,202.0,7,0
2026-07-30,8.5,13.200000000000134,66.70000000000002,202.70000000000002,7,0
2026-07-31,15.3,27.800000000000136,77.90000000000002,198.0,7,1
2026-08-01,6.1,29.900000000000134,69.20000000000002,142.39999999999998,8,0
2026-08-02,17.9,39.30000000000013,83.20000000000002,137.9,8,1
2026-08-03,31.4,55.400000000000134,83.90000000000002,165.2,8,1
2026-08-04,7.2,56.50000000000013,90.40000000000002,164.5,8,0
2026-08-05,50.1,88.70000000000013,136.50000000000003,206.4,8,1
2026-08-06,109.9,167.20000000000013,237.90000000000003,304.6,8,1
2026-08-07,3.6,163.60000000000014,226.20000000000002,304.1,8,0
2026-08-08,15.7,129.20000000000013,235.80000000000004,305.0,8,1
2026-08-09,3.6,22.900000000000112,221.50000000000003,304.7,8,0
2026-08-10,14.5,33.80000000000011,204.60000000000005,288.5,8,0
2026-08-11,4.2,22.300000000000114,201.60000000000002,292.0,8,0
2026-08-12,6.6,25.300000000000114,158.10000000000002,294.6,8,0
2026-08-13,90.5,101.30000000000011,138.70000000000005,376.6,8,0
2026-08-14,68.2,165.30000000000013,203.30000000000004,429.5,8,0
2026-08-15,8.5,167.2000000000001,196.10000000000002,431.90000000000003,8,0
2026-08-16,50.5,127.20000000000012,243.00000000000003,464.5,8,1
2026-08-17,29.3,88.30000000000011,257.8,462.40000000000003,8,0
2026-08-18,12.7,92.50000000000011,266.30000000000007,467.90000000000003,8,0
2026-08-19,3.9,45.90000000000011,263.6,421.7,8,0
2026-08-20,7.7,24.30000000000011,180.8,319.5,8,1
2026-08-21,12.9,24.500000000000114,125.50000000000003,328.8,8,1
2026-08-22,14.5,35.100000000000115,131.50000000000003,327.6,8,1
2026-08-23,1.5,28.900000000000112,82.50000000000003,325.5,8,0
2026-08-24,15.7,31.700000000000113,68.90000000000003,326.7,8,0
2026-08-25,6.8,24.000000000000114,63.00000000000003,329.3,8,0
2026-08-26,1.8,24.300000000000114,60.90000000000003,324.5,8,0
2026-08-27,0.6,9.200000000000113,53.800000000000026,234.6,8,0
2026-08-28,7.1,9.500000000000114,48.00000000000003,173.5,8,0
2026-08-29,12.3,20.000000000000114,45.800000000000026,177.3,8,1
2026-08-30,16.7,36.10000000000011,61.00000000000003,143.5,8,0
2026-08-31,1.0,30.000000000000114,46.300000000000026,115.2,8,0
2026-09-01,18.4,36.10000000000011,57.90000000000003,120.9,9,1
2026-09-02,14.8,34.20000000000012,70.90000000000003,131.79999999999998,9,0
2026-09-03,13.0,46.20000000000012,83.30000000000003,137.1,9,0
2026-09-04,10.8,38.600000000000115,87.00000000000003,135.0,9,0
2026-09-05,9.2,33.000000000000114,83.90000000000003,129.7,9,1
2026-09-06,4.6,24.600000000000115,71.80000000000003,132.8,9,0
2026-09-07,2.8,16.60000000000011,73.60000000000002,119.89999999999999,9,0
2026-09-08,2.5,9.900000000000112,57.70000000000003,115.6,9,0
2026-09-09,7.0,12.300000000000114,49.900000000000034,120.8,9,0
2026-09-10,6.4,15.900000000000112,43.30000000000003,126.6,9,0
2026-09-11,10.4,23.800000000000114,42.90000000000003,129.9,9,0
2026-09-12,2.4,19.200000000000113,36.10000000000003,120.0,9,0
2026-09-13,9.5,22.300000000000118,41.00000000000003,112.8,9,1
2026-09-14,4.3,16.200000000000113,42.50000000000003,116.1,9,0
2026-09-15,7.3,21.100000000000115,47.300000000000026,105.0,9,0
2026-09-16,3.9,15.500000000000114,44.200000000000024,94.1,9,1
2026-09-17,3.3,14.500000000000112,41.10000000000003,84.39999999999999,9,0
2026-09-18,3.5,10.700000000000113,34.20000000000003,77.1,9,0
2026-09-19,0.2,7.000000000000113,32.00000000000003,68.1,9,0
2026-09-20,0.4,4.100000000000113,22.90000000000003,63.9,9,0
2026-09-21,7.9,8.500000000000114,26.50000000000003,69.0,9,0
2026-09-22,2.0,10.300000000000114,21.200000000000028,68.5,9,0
2026-09-23,3.9,13.800000000000114,21.20000000000003,65.39999999999999,9,0
2026-09-24,24.4,30.30000000000011,42.300000000000026,83.4,9,0
2026-09-25,97.6,125.9000000000001,136.40000000000003,170.6,9,1
2026-09-26,79.8,201.8000000000001,216.00000000000003,248.0,9,1
2026-09-27,63.5,240.9000000000001,279.1,302.0,9,1
2026-09-28,0.5,143.80000000000013,271.7,298.2,9,0
2026-09-29,2.9,66.90000000000012,272.59999999999997,293.8,9,0
2026-09-30,4.6,8.000000000000114,273.3,294.5,9,0
2026-10-01,4.1,11.600000000000113,253.0,295.29999999999995,10,0
2026-10-02,7.0,15.700000000000113,162.40000000000003,298.79999999999995,10,0
2026-10-03,6.2,17.300000000000114,88.80000000000003,304.8,10,0
