date,rain_today,rain_3d,rain_7d,rain_14d,month,label,idscore,api_0.7,api_0.8,api_0.85,api_0.9,api_0.95
2015-01-14,0.0,0.0,48.00000000000001,172.5,1,0,0.9141245041233774,7.612821407799997,17.88839198720001,26.460788940247653,38.3651627526,54.64377337142889
2015-01-15,0.0,0.0,0.2000000000000071,162.8,1,0,0.6621353735483727,5.148190826099998,13.623518822400005,21.23167441142988,32.297104460700005,48.07966829173181
2015-01-16,0.6,0.6000000000000071,0.6000000000000071,118.0,1,0,0.4892247991725499,4.054021696299999,10.929731891200005,17.603488906709565,27.819398282100007,43.10237909918182
2015-01-17,4.9,5.500000000000007,5.500000000000007,87.80000000000001,1,0,0.4608981521758281,7.260432016599999,11.829161830400004,16.535788137344916,24.044792816200005,35.728605871094125
2015-01-18,4.8,10.300000000000008,10.300000000000008,86.9,1,0,0.475061475674189,8.5320707214,9.130843545600001,9.44482338925664,9.7734840978,10.122549881944922
2015-01-19,0.2,9.900000000000007,10.500000000000009,80.7,1,0,0.4313912282209095,6.1668,7.4832,8.188725,8.926400000000001,9.696674999999999
2015-01-20,2.2,7.200000000000007,12.700000000000006,77.60000000000001,1,0,0.34523101027254727,6.516759999999999,8.18656,9.160416249999999,10.23376,11.41184125
2015-01-21,0.0,2.4000000000000075,12.700000000000006,60.7,1,0,0.1020200772320404,4.561731999999999,6.549248000000002,7.786353812499998,9.210384000000001,10.841249187499999
2015-01-22,1.7,3.900000000000007,14.400000000000007,14.600000000000009,1,0,0.10689399494465668,4.8932123999999995,6.939398400000002,8.318400740625,9.9893456,11.999186728124998
2015-01-23,1.7,3.400000000000007,15.500000000000009,16.10000000000001,1,0,0.11505950844737352,5.1252486799999994,7.251518720000002,8.770640629531249,10.69041104,13.099227391718749
2015-01-24,0.7,4.100000000000007,11.300000000000008,16.800000000000008,1,0,0.10896065518785311,4.287674076,6.501214976000002,8.155044535101561,10.321369936,13.144266022132811
2015-01-25,0.3,2.700000000000007,6.800000000000007,17.10000000000001,1,0,0.11090638117335049,3.301371853199999,5.500971980800001,7.231787854836328,9.589232942400002,12.787052721026168
2015-01-26,13.7,14.700000000000006,20.300000000000004,30.800000000000008,1,0,0.19586974920673592,15.9940117823,18.0363530752,19.72889503400644,22.1211025841,25.48845792143183
2015-01-27,4.0,18.000000000000007,22.10000000000001,34.80000000000001,1,0,0.21110272398022267,15.057395375599997,17.9029489664,19.804876197635934,22.2004679692,25.280224023092185
2015-01-28,0.1,17.800000000000008,22.200000000000006,34.900000000000006,1,0,0.2059583292053316,10.504588643399998,13.906963097600002,15.989147627155075,18.4067646598,21.242275513593356
2015-01-29,0.1,4.200000000000007,20.60000000000001,35.00000000000001,1,0,0.20300763680983977,7.4475625453999985,11.204095641600002,13.65140060221367,16.596352505800002,20.160414350066013
2015-01-30,8.6,8.800000000000008,27.500000000000004,43.00000000000001,1,0,0.22343240054950997,13.751149226999999,17.327053312000004,19.77056682233203,22.769624687,26.435172366238277
2015-01-31,16.6,25.30000000000001,43.400000000000006,54.70000000000001,1,0,0.32216662365264587,26.2258044589,30.4616426496,33.40498179898223,37.092662218300006,41.71341374792636
2015-02-01,3.6,28.80000000000001,46.70000000000001,53.50000000000001,2,0,0.34666316416079634,21.910042328899998,27.786778009600006,31.659548041755663,36.3906426483,42.2098902638248
2015-02-02,0.5,20.700000000000017,33.50000000000001,53.80000000000001,2,0,0.3126133083365785,15.789008837899999,22.546886297600004,27.075929348113082,32.6588250353,39.58154295392832
2015-02-03,1.4,5.500000000000011,30.90000000000001,53.00000000000001,2,0,0.3171533356360724,12.432532919099998,19.362347110400005,24.276727862857616,30.548867623700005,38.58334994876503
2015-02-04,0.2,2.1000000000000107,31.000000000000007,53.20000000000001,2,0,0.3165047603075733,8.894298785899998,15.657665433600005,20.776156362126756,27.589377329300003,36.67456136955526
2015-02-05,5.1,6.70000000000001,36.00000000000001,56.60000000000001,2,0,0.3222156095877108,10.939018058999999,16.155106048,20.062553568339844,25.153544967000002,31.738137233511715
2015-02-06,1.6,6.900000000000009,29.000000000000007,56.50000000000001,2,0,0.32929727133689124,9.1443225417,14.094588108800004,17.865672915725973,22.843476709900003,29.35628261488261
2015-02-07,0.3,7.000000000000011,12.700000000000006,56.10000000000001,2,0,0.319264917192219,6.698201026699998,11.564933068800002,15.466134537933007,20.824261194900004,28.128594790214642
2015-02-08,2.3,4.20000000000001,11.400000000000007,58.10000000000001,2,0,0.2620214847196769,6.985915966199998,11.541209036800005,15.426526916808982,21.006967231400004,28.96229135678007
2015-02-09,0.0,2.6000000000000103,10.900000000000007,44.400000000000006,2,0,0.23841594555574203,4.647212462199999,8.309549260800003,11.41942800195742,15.9076359234,22.365039111491008
2015-02-10,3.0,5.3000000000000105,12.500000000000009,43.400000000000006,2,0,0.2555299614495948,5.7841398102,7.865227980800002,9.438398689607812,11.528810225400001,14.307753964559371
2015-02-11,9.5,12.50000000000001,21.800000000000008,52.80000000000001,2,0,0.3110029784848417,13.4472067775,15.405635328000002,16.813891030540038,18.6206868185,20.93691328507324
2015-02-12,2.7,15.20000000000001,19.40000000000001,55.40000000000001,2,0,0.27205383886434925,12.0989209818,14.970821171200003,16.893370173788668,19.2842789166,22.290699151200386
2015-02-13,6.9,19.100000000000012,24.70000000000001,53.70000000000001,2,0,0.21776109878729905,15.329698152399999,18.726333081600004,20.98374048164336,23.767701208800005,27.237932478706636
2015-02-14,21.8,31.400000000000013,46.20000000000001,58.900000000000006,2,0,0.375235592037956,32.5251392017,36.75959162880001,39.59680452852871,43.1211953999,47.55628846692363
2015-02-15,29.9,58.60000000000001,73.80000000000001,85.2,2,0,0.6166107813433622,52.52353506419999,58.76006497280001,62.55322438711171,66.9308158154,72.0249156534617
2015-02-16,15.3,67.00000000000001,89.10000000000001,100.0,2,0,0.6854011552194477,52.02127850509999,62.136253286400006,68.1552416820998,74.97984872970002,82.76569076800722
2015-02-17,9.8,55.000000000000014,95.9,108.4,2,0,0.7118843135550401,46.2064206961,59.47679037440001,67.67289310848261,77.1772603247,88.24778514783534
2015-02-18,13.9,39.000000000000014,100.3,122.1,2,0,0.7647290086732286,46.17952517999999,61.23447168000001,70.96914801222655,82.55757388,96.3583009301953
2015-02-19,15.8,39.500000000000014,113.4,132.8,2,0,0.8417902101891714,48.125667626,64.78757734400001,76.12377581039257,90.10181649200001,107.34038588368553
2015-02-20,5.3,35.000000000000014,111.8,136.5,2,0,0.8489851050053554,38.90322476349999,56.80793932800001,69.41458622581152,85.34559952250001,105.47715577178612
2015-02-21,9.6,30.700000000000017,99.6,145.8,2,0,0.8496336803338544,36.56390584789999,54.02629672960002,66.73209145070292,83.09859438929999,104.11529706043221
2015-02-22,4.5,19.400000000000013,74.20000000000002,148.00000000000003,2,0,0.8734049490655897,30.018465776299994,47.43112709120001,60.69071684137754,78.3473031621,101.79294247146697
2015-02-23,1.6,15.70000000000001,60.50000000000001,149.60000000000002,2,0,0.8651430103582125,22.418018121599996,38.80401981440001,51.82867592521992,69.7066916092,94.1720104671488
2015-02-24,3.9,10.000000000000012,54.60000000000001,150.50000000000003,2,0,0.8320952555287038,18.976816642299998,32.60245867520001,43.66251252180918,59.034832454100005,80.31094466839471
2015-02-25,0.3,5.800000000000012,41.00000000000001,141.3,2,0,0.8143911011557525,12.739170655099997,23.171478886400006,31.526590953750194,43.005863849700006,58.693162951747446
2015-02-26,11.2,15.400000000000013,36.400000000000006,149.8,2,0,0.8362262248823922,19.685232327599998,28.094358118400002,34.985423924274606,44.57049733120001,57.797829633812874
2015-02-27,0.5,12.00000000000001,31.60000000000001,143.40000000000003,2,0,0.6580044041946841,14.002836885299995,21.923219507200002,28.308241173094334,37.1963988851,49.54031614758612
2015-02-28,0.0,11.700000000000012,22.000000000000007,121.6,2,0,0.5010275687545174,9.409345223599997,16.046074470400004,21.32545077679414,28.630128679200002,38.740856884793345
2015-03-01,33.5,34.000000000000014,51.00000000000001,125.2,3,0,0.624366510886077,39.64023076309999,44.640347494400004,48.516017571691606,53.7579964577,60.843770400587296
2015-03-02,20.1,53.600000000000016,69.5,130.0,3,0,0.6934127129405865,47.6984496522,55.2431948288,60.29518059293203,66.63420107940001,74.72827610259452
2015-03-03,13.8,67.40000000000002,79.4,134.0,3,0,0.6981338207733734,46.9177385175,56.963763712,63.16090922232128,70.42346794650001,79.04398768077635
2015-03-04,2.9,36.80000000000002,82.0,123.0,3,0,0.64496484401634,35.615303100199995,47.98782714880001,55.70083801943984,64.7120681714,75.29747207016484
2015-03-05,0.8,17.500000000000014,71.60000000000002,108.0,3,0,0.5994733463800059,25.685516130299995,39.018463027200006,47.83071326957871,58.482975850100004,71.37461936387518
2015-03-06,5.6,9.300000000000017,76.70000000000002,108.3,3,0,0.5752863163787243,23.469695944099996,36.39601111040001,45.488296102213084,56.87483234870001,71.07081433265174
2015-03-07,1.2,7.600000000000014,77.90000000000002,99.9,3,0,0.5811234943352165,17.620312903399995,30.28459663360001,39.8059893655789,52.2827455818,68.53765253424764
2015-03-08,3.9,10.700000000000014,48.30000000000001,99.3,3,0,0.573614601683617,15.917846753499997,26.925086464000007,35.53009763212597,47.0492724945,62.30491618806542
2015-03-09,0.0,5.100000000000014,28.200000000000006,97.7,3,0,0.5523696164360757,11.128368964999996,21.486382080000006,30.102145785136717,42.170006025000006,58.890301909042954
2015-03-10,0.0,3.9000000000000137,14.400000000000006,93.8,3,0,0.5517794779569772,7.789858275499998,17.189105664000007,25.586823917366203,37.953005422500006,55.9457868135908
2015-03-11,0.0,0.0,11.500000000000009,93.5,3,0,0.4856839682979596,4.506608708699998,10.154249420800005,15.153507784347068,22.476977136900004,33.09081000842558
2015-03-12,1.3,1.3000000000000145,12.000000000000009,83.60000000000001,3,0,0.4904050761307466,3.886850845599999,7.265178470400002,10.223306089446481,14.520842777200002,20.701657029312884
2015-03-13,3.9,5.200000000000014,10.300000000000008,87.0,3,0,0.5134204768155831,6.2309797482999985,8.2303790592,9.872943396127537,12.1569960261,15.304004416357614
2015-03-14,0.1,5.300000000000014,9.200000000000008,87.10000000000001,3,0,0.28208619300902155,4.3797680016,6.372918118400001,7.921066114120311,10.030128947200001,12.902467071748433
2015-03-15,4.8,8.800000000000015,10.100000000000009,58.4,3,0,0.1935654211442658,7.843239581199999,9.8124351488,11.375406673529685,13.548173300400002,16.57835416677031
2015-03-16,3.2,8.100000000000014,13.300000000000008,41.5,3,0,0.15166558912828146,8.532081567399999,10.4486526976,11.766599008192188,13.440756705800002,15.596509598696874
2015-03-17,0.6,8.600000000000014,13.900000000000007,28.3,3,0,0.14989517369098637,6.538560067299999,8.830073139200001,10.36535987175449,12.2782669071,14.698199791675973
2015-03-18,0.2,4.000000000000014,14.100000000000009,25.6,3,0,0.14576420433729775,4.666826699999999,6.845299200000001,8.2427457140625,9.8905943,11.828215739062497
2015-03-19,1.1,1.9000000000000143,13.900000000000006,25.9,3,0,0.11861783429877266,4.366778689999999,6.576239360000001,8.106333856953123,10.00153487,12.336804952109373
2015-03-20,4.9,6.200000000000015,14.90000000000001,25.2,3,0,0.14163323498360914,7.9567450829999995,10.160991488,11.790383778410156,13.901381383,16.619964704503904
2015-03-21,4.7,10.700000000000015,19.500000000000007,28.7,3,0,0.16084668146778314,10.2697215581,12.828793190400003,14.721826211648631,17.2112432447,20.488966469278708
2015-03-22,1.6,11.200000000000015,16.300000000000008,26.4,3,0,0.16279240745328052,8.7520833083,11.7234481152,13.857615554258398,16.6368369481,20.28616012480488
2015-03-23,17.4,23.700000000000017,30.500000000000007,43.8,3,0,0.262389680495979,23.416292968700002,26.359999180800003,28.411163044190822,31.01330733690001,34.336778055534964
2015-03-24,12.3,31.300000000000015,42.2,56.1,3,0,0.354223214814272,28.6885803256,33.3772619264,36.42980114712813,40.177108759199996,44.86006545883437
2015-03-25,7.3,37.000000000000014,49.3,63.4,3,0,0.37850511556894867,27.2464181084,33.4864134656,37.32033383422343,41.7857413708,47.043124877548436
2015-03-26,9.6,29.200000000000017,57.80000000000001,71.69999999999999,3,0,0.4290606185973025,28.5821005962,36.0455333888,40.692285665199606,46.091396225400004,52.3750104281082
2015-03-27,28.8,45.70000000000002,81.7,96.6,3,0,0.6357284151484172,48.7905219024,57.57200220160001,63.27031817281523,70.0730495388,78.19701774315976
2015-03-28,11.6,50.000000000000014,88.6,108.1,3,0,0.6576949966733737,45.747715826699995,57.63612692480001,65.3403955660248,74.5960088969,85.76741946815409
2015-03-29,16.7,57.100000000000016,103.7,120.0,3,0,0.7697852274833957,48.69232880129999,62.690789939200016,72.02277438634628,83.4528617231,97.52043786158416
2015-03-30,15.6,43.90000000000001,101.9,132.4,3,0,0.8146106125949018,49.546217288899996,65.2264984576,75.8546736471248,88.99905119430001,105.3106049662369
2015-03-31,3.8,36.100000000000016,93.4,135.6,3,0,0.8087734346384097,38.349588735199994,55.47654010880001,67.35116289965468,82.2603574064,101.03101110350468
2015-04-01,5.6,25.000000000000018,91.7,141.0,4,0,0.8347164477783748,32.3995160748,49.80943339520001,62.53348941776132,79.07643616160001,100.62148144554803
2015-04-02,11.9,21.30000000000002,94.0,151.79999999999998,4,0,0.8669134257955077,34.08815431909999,49.87923594240001,61.62785136956855,77.00178768770002,97.07238463052283
2015-04-03,8.4,25.900000000000016,73.6,155.29999999999998,4,0,0.8887485495221473,31.914263467099996,46.98268631040001,58.362118490742375,73.41286410570001,93.25430104636462
2015-04-04,4.0,24.30000000000002,66.0,154.6,4,0,0.8875682725639505,26.133777495199997,40.80231751680002,52.17061756544375,67.5262250824,88.22080633760622
2015-04-05,0.1,12.500000000000016,49.400000000000006,153.1,4,0,0.7878348695963259,18.122468007599995,31.71106186240001,42.55503064895625,57.52628954920001,78.16189140403748
2015-04-06,0.0,4.100000000000016,33.800000000000004,135.7,4,0,0.7240999138537018,11.872198888199996,22.276473036800006,30.50179320659999,41.73172151940001,57.010172983770296
2015-04-07,0.2,0.300000000000016,30.200000000000006,123.6,4,0,0.686331051191406,8.182867932899999,16.775637913600008,23.842781135257617,33.71387946230001,47.41431583941659
2015-04-08,0.1,0.300000000000016,24.700000000000006,116.4,4,0,0.5924990330147649,5.356273887199999,11.727361484800005,17.078561412478905,24.619561566400005,35.14469316216483
2015-04-09,0.0,0.300000000000016,12.800000000000008,106.8,4,0,0.4555869058639428,3.308730332599999,7.706851942400004,11.445536492891794,16.718221744200005,24.047162251937884
2015-04-10,1.7,1.800000000000016,6.100000000000007,79.7,4,0,0.3871308422885316,3.908770638199999,7.457459660800003,10.68058328246328,15.421421497400003,22.26960377023515
2015-04-11,0.3,2.000000000000016,2.400000000000007,68.4,4,0,0.30510159369385803,2.8779533072999994,5.664672307200002,8.275999125785741,12.226680083100003,18.10319672198847
2015-04-12,2.5,4.500000000000016,4.800000000000007,54.2,4,0,0.2248427605364795,4.1784217688,5.753985075200001,7.19179384526328,9.3547386376,12.573067308952341
2015-04-13,12.5,15.300000000000017,17.300000000000008,51.099999999999994,4,0,0.27913550061352965,15.187616029,16.201244928,16.95927977201172,17.990365877000002,19.41502365390234
2015-04-14,2.0,17.000000000000014,19.10000000000001,49.3,4,0,0.22543289901557786,12.5183411207,14.5314992128,15.627890188847072,16.7966155289,18.04932471425371
2015-04-15,0.4,14.900000000000016,19.40000000000001,44.1,4,0,0.1900245902696756,9.160014032,12.014461952000001,13.664019220085937,15.482086132000001,17.486984784617185
2015-04-16,0.3,2.700000000000016,19.700000000000006,32.5,4,0,0.14923598074438968,6.712009822399999,9.911569561600002,11.914416337073046,14.233877518800004,16.912635545386326
2015-04-17,6.4,7.1000000000000165,24.40000000000001,30.500000000000004,4,0,0.18211848497620436,11.092757370699998,14.307780812800003,16.487879005643943,19.140754078900002,22.347256380269332
2015-04-18,14.4,21.100000000000016,38.50000000000001,40.9,4,0,0.285792972595089,22.162105407,25.835487232000002,28.39500971436328,31.591810827000003,35.57001986733202
2015-04-19,14.7,35.500000000000014,50.7,55.5,4,0,0.3763559405343121,30.213473784899996,35.3683897856,38.83575825720879,43.132629744300004,48.49151887396542
2015-04-20,18.9,48.000000000000014,57.10000000000001,74.39999999999999,4,0,0.4990908608035405,40.0014108571,47.0121757184,51.57570803124824,57.1266134217,63.94909013356191
2015-04-21,11.1,44.70000000000001,66.2,85.3,4,0,0.5522574428676567,39.0925133425,48.67752832000001,54.88028950525878,62.4093485475,71.67201454511229
2015-04-22,7.9,37.90000000000001,73.7,93.1,4,0,0.5746377410502254,35.1941405275,46.573587200000006,54.05606006861816,63.19671759250001,74.49157146976073
2015-04-23,2.5,21.500000000000018,75.9,95.6,4,0,0.5634204316874611,26.782804307999996,38.41669248000001,45.986721004066396,55.018565332,65.78278115579296
2015-04-24,2.2,12.600000000000016,71.70000000000002,96.1,4,0,0.5653526629762398,20.891467965799997,32.718605619200005,40.894964044774994,51.0193519186,63.496168219526545
2015-04-25,16.2,20.900000000000013,73.5,112.0,4,0,0.6220059569696834,30.8127285661,42.33193482240001,50.881969676322456,61.977945350700004,76.28186503285487
2015-04-26,11.6,30.000000000000018,70.4,121.1,4,0,0.6868412728805741,33.1604357388,45.43333560320001,54.79061190357187,67.2755472836,83.88815069944062
2015-04-27,6.9,34.70000000000002,58.400000000000006,115.5,4,0,0.6900841495230695,29.931520857799995,42.559473715200006,52.21202393025546,65.21645053860001,82.76182675334294
2015-04-28,13.8,32.30000000000002,61.10000000000001,127.3,4,0,0.7471153145385382,34.34530024189999,46.3013907456,55.345228918210736,67.4738359473,83.80192349064315
2015-04-29,33.8,54.500000000000014,87.0,160.7,4,0,0.9465821204737878,57.42647155329999,69.2627121152,77.9493908366705,89.40087928310001,104.61039430930681
2015-04-30,9.5,57.100000000000016,94.0,169.9,4,0,0.947172258952886,49.16465186669999,62.8807976448,72.03605596913026,83.3707688369,97.56374644223611
2015-05-01,7.3,50.60000000000001,99.1,170.8,5,0,0.9223864428307544,41.40170878029999,56.41278469120002,66.3453416855787,78.46336126810002,93.33957909457831
2015-05-02,6.3,23.100000000000016,89.2,162.7,5,0,0.8273741476959167,35.05804069949999,50.581971712000005,61.138232638450184,74.1624654645,90.2425783198662
2015-05-03,0.2,13.800000000000011,77.8,148.20000000000002,5,0,0.7589180841205057,24.670009677399996,40.39714191360001,51.675311731830845,66.0745228178,84.43360705577693
2015-05-04,0.0,6.500000000000014,70.9,129.3,5,0,0.697543682294275,17.206862219399994,32.08149032960001,43.49089128250663,58.6999779678,78.89470543666364
2015-05-05,0.3,0.5000000000000142,57.400000000000006,118.5,5,0,0.6526931578827988,11.887193650199997,24.225730508800005,34.077892239810936,47.481389441400005,65.55043174916872
2015-05-06,0.4,0.7000000000000142,24.000000000000007,111.0,5,0,0.6403002498217331,8.393364266299997,18.535043891200004,27.082465313486907,39.0885805921,55.7275616665451
2015-05-07,0.4,1.1000000000000143,14.900000000000007,108.9,5,0,0.573614601683617,6.080447064599998,14.487153254400004,22.061662126512886,33.17384129620001,49.209898702473026
2015-05-08,10.4,11.200000000000015,18.000000000000007,117.1,5,0,0.5818765403909942,14.266497101599999,20.507958886400004,26.435546027633983,35.444694693200006,48.88683400585975
2015-05-09,24.3,35.100000000000016,36.000000000000014,125.2,5,0,0.6644959274647662,33.3317816295,37.077119744,40.11585925677246,44.41489394850001,50.50518375930957
2015-05-10,13.6,48.30000000000002,49.40000000000001,127.2,5,0,0.7034450670852587,36.66389565409999,42.24164106240001,45.82817352701973,50.2609593727,55.891923648579485
2015-05-11,16.3,54.20000000000002,65.70000000000002,136.6,5,0,0.702264790127062,41.7585200261,49.3094813184,53.816764346279484,58.9895108227,65.02654780971035
2015-05-12,3.1,33.000000000000014,68.50000000000001,125.9,5,0,0.5708065478189369,32.1530046114,41.8711277056,47.60394094699101,53.99388556780001,61.103177702023046
2015-05-13,7.3,26.70000000000001,75.40000000000002,99.4,5,0,0.5597088346407717,29.801453722999995,40.775427328000006,47.72397492407421,55.824761323000004,65.22827142907421
2015-05-14,5.4,15.800000000000017,80.4,95.3,5,0,0.5968248051076664,26.261017606099998,38.02034186240001,45.96537868546308,55.64228519070001,67.36685785762049
2015-05-15,6.1,18.800000000000015,76.10000000000002,94.1,5,0,0.5662062617797365,24.474238066799995,36.48406123520001,45.1115095613414,56.073453139600005,69.91889388296795
2015-05-16,1.8,13.300000000000017,53.600000000000016,89.60000000000001,5,0,0.5752863163787243,18.920667636799998,30.94429931520001,40.0660333654039,52.12663644960001,67.9834544131242
2015-05-17,0.0,7.900000000000014,40.000000000000014,89.4,5,0,0.5726920150647279,13.233168335799997,24.71248977920001,33.97737859885703,46.774501428600004,64.34478691677265
2015-05-18,17.6,19.400000000000016,41.30000000000001,107.0,5,0,0.6296777571979623,26.5694435761,36.25330032640001,44.43327800388496,56.0707955087,72.50068340285486
2015-05-19,9.7,27.300000000000015,47.90000000000001,116.4,5,0,0.6845606357541109,27.6121956482,36.09344762880001,42.68423827782266,51.690829863400005,64.02634160921951
2015-05-20,10.6,37.90000000000001,51.20000000000002,126.6,5,0,0.7447547606221447,29.5443706151,38.01446922240001,44.20411063711542,52.37972009170001,63.28220215511659
2015-05-21,11.0,31.30000000000001,56.80000000000001,137.2,5,0,0.7223294984164067,31.220624774699992,39.66137620480001,45.364441250794336,52.4582895089,61.358679937775186
2015-05-22,4.3,25.900000000000013,55.000000000000014,131.1,5,0,0.6302678956770607,26.066870015099997,35.6962409984,42.24946440971894,50.431557393700004,60.73466142924745
2015-05-23,8.4,23.700000000000017,61.60000000000001,115.2,5,0,0.5995806947639455,26.440602078799998,36.1731612672,42.87486159657382,51.2430490416,61.72714870134491
2015-05-24,2.5,15.200000000000015,64.10000000000001,104.1,5,0,0.5122401998573863,20.855884820699995,30.858708428800007,37.88051057364785,46.7358805609,57.90761179439042
2015-05-25,4.4,15.300000000000017,50.90000000000002,92.2,5,0,0.49984729179632065,18.826809472599997,28.431984230400005,35.39750012112226,44.3353540202,55.759935875316785
2015-05-26,9.0,15.900000000000016,50.20000000000002,98.1,5,0,0.5210922770438621,22.127921085999997,31.552313856000005,38.73350117514062,48.274197426,60.89421259092187
2015-05-27,7.1,20.500000000000018,46.70000000000002,97.9,5,0,0.5486947279102603,22.5895447602,32.341851084800005,40.02347599886953,50.5467776834,64.94950196137576
2015-05-28,14.7,30.800000000000015,50.40000000000001,107.2,5,0,0.5930891714938633,30.015524893899993,38.6836952576,45.25496508264238,54.05535936930001,65.86425673271151
2015-05-29,14.1,35.90000000000001,60.20000000000002,115.2,5,0,0.6692170352975533,34.8368664342,44.00542663680001,50.657038598141014,59.367642563400004,70.86329558546366
2015-05-30,9.0,37.80000000000001,60.80000000000001,122.4,5,0,0.6951831283778815,33.08638274,43.066174976000006,49.9716141224082,58.734886842,69.97351925026365
2015-05-31,5.6,28.700000000000017,63.900000000000006,128.0,5,0,0.6397101113426347,28.449745144099996,38.8718239744,45.910253556299025,54.6259353167,65.48873695612832
2015-06-01,2.8,17.400000000000013,62.30000000000001,113.2,6,0,0.6096130489086177,22.593357243799993,33.4357501952,40.97715558418906,50.464024492600004,62.43973126959686
2015-06-02,2.1,10.500000000000014,55.40000000000001,105.6,6,0,0.5252232463975506,17.678070861499997,27.946657024000004,35.27683725009862,44.5887231465,56.38835441651464
2015-06-03,0.3,5.200000000000014,48.60000000000001,95.3,6,0,0.486274106777058,12.604030790799998,22.388890163200006,29.793125651732026,39.5581547316,52.372094347592956
2015-06-04,4.4,6.800000000000015,38.30000000000001,88.7,6,0,0.4915853530889434,13.098532443999996,21.838665728000006,28.857909424873043,38.468154122,51.51904709756444
2015-06-05,10.6,15.300000000000017,34.80000000000001,95.0,6,0,0.5110599228991896,19.5147449867,27.104564940800003,33.35735337207558,42.0832327489,54.15446228954081
2015-06-06,3.8,18.800000000000015,29.600000000000012,90.4,6,0,0.5187317231274685,17.259764063899997,24.721295257600005,30.755942095445114,39.199292549300004,50.99570690647127
2015-06-07,2.0,16.400000000000013,26.000000000000018,89.9,6,0,0.5016177072336158,13.666596228699998,20.198635724800003,25.248497037319723,32.1537902249,41.64448855434354
2015-06-08,1.0,6.800000000000014,24.200000000000017,86.5,6,0,0.4573573213012379,10.168327258999998,15.644932608000005,19.685293380517574,25.022045197000004,32.12007328336523
2015-06-09,1.5,4.500000000000014,23.600000000000016,79.0,6,0,0.4207687355971389,8.3636013572,13.049578444800002,16.460629734373434,20.881734716400004,26.625437166051555
2015-06-10,13.0,15.500000000000014,36.30000000000001,84.9,6,0,0.4036547197032861,18.6963348106,22.838367334400004,25.889038609909374,29.840961980200007,34.94123844801406
2015-06-11,30.4,44.90000000000001,62.30000000000001,100.6,6,0,0.5176191085164783,43.40834129769999,48.3700461568,51.85443448626894,56.280566149900004,61.91771309574589
2015-06-12,55.9,99.3,107.60000000000002,142.4,6,0,1.0292748632482045,86.2265191061,94.37055114239999,99.5628330642131,105.8202848107,113.464479868558
2015-06-13,48.1,134.4,151.90000000000003,181.5,6,0,1.3748942576342353,108.45008911679999,123.56422865919998,132.6693457832789,143.2336527976,155.71163479335857
2015-06-14,24.7,128.70000000000002,174.60000000000002,200.6,6,0,1.4596572785632957,100.49077327219999,123.07893652480001,136.6026965366879,152.0761023814,169.99161052104176
2015-06-15,4.5,77.30000000000001,178.10000000000002,202.3,6,0,1.3793788954679183,74.54411752659999,101.82498288640002,118.52542337017303,137.6725006782,159.6454184390629
2015-06-16,8.7,37.90000000000001,185.3,208.9,6,0,1.375517865503117,60.773541673999986,89.75196441600002,108.69848712815232,131.28027253800002,158.08794714800388
2015-06-17,3.3,16.500000000000014,175.60000000000002,211.9,6,0,1.3035128827973412,45.78498412199999,74.88682316800002,95.29996525024804,120.754888404,152.28607591212693
2015-06-18,5.1,17.100000000000012,150.3,212.6,6,0,1.266019041230293,37.121241360499994,64.90208435200002,85.9080960583701,113.4307211235,149.1730351772822
2015-06-19,9.4,17.800000000000015,103.8,211.4,6,0,1.317256492181724,35.34249766499999,61.16060620800002,82.1265700431035,110.96463135100001,150.21627800956048
2015-06-20,20.7,35.20000000000002,76.4,228.3,6,0,1.3671967924761568,45.07253054179999,68.23262059520002,87.94821728020858,116.03534849460002,155.62188389898353
2015-06-21,4.4,34.500000000000014,56.10000000000001,230.7,6,0,1.3555480864889593,35.09204662229999,55.721921331200015,73.17100279621931,98.23198906610003,134.03918675118766
2015-06-22,13.2,38.30000000000001,64.80000000000001,242.9,6,0,1.4245942885434686,36.18539599369999,51.775320268800016,64.39007317414003,82.11766535790001,107.0678325102029
2015-06-23,19.5,37.10000000000001,75.60000000000002,260.90000000000003,6,0,1.4629532896848627,43.47107124789999,55.75555804160001,64.76190334923027,76.63446585330001,92.41519410732674
2015-06-24,128.5,161.20000000000002,200.8,376.4,6,0,1.981685012812331,158.2320360085,170.452304128,178.68482005962989,188.8586617975,201.50563200277244
2015-06-25,65.5,213.50000000000003,261.20000000000005,411.5,6,0,2.313781268483797,176.13531134389996,201.37865948160004,216.49616223115214,233.9037426373,254.2360341760611
2015-06-26,21.4,215.4,273.2,377.0,6,0,2.203513564690582,144.44896447409997,181.56877219840004,203.708930578715,228.87986594470001,257.71522109588415
2015-06-27,28.4,115.3,280.90000000000003,357.29999999999995,6,0,2.236734409262926,129.42105829969998,173.30068295680002,200.90290545758336,233.2412404979,271.25362814160326
2015-06-28,25.6,75.4,302.09999999999997,358.2,6,0,2.2714222153976595,116.05067843279997,163.69293803520003,195.36341017680817,233.73885640359998,280.2373883444074
2015-06-29,6.2,60.2,295.1,359.9,6,0,2.1905845769561236,87.16994816889998,136.14503311360005,170.40827924948417,213.2873934263,266.79739169834625
2015-06-30,3.4,35.2,279.0,354.59999999999997,6,0,2.071071152052723,63.83423995279998,110.09338091520003,144.17173719220855,188.1410103736,244.46366747119447
2015-07-01,5.0,14.6,155.5,356.29999999999995,7,0,2.0631241229279063,49.55967885739999,92.60225832960003,126.67972923427811,172.79272419980003,234.6060415649859
2015-07-02,17.1,25.5,107.1,368.3,7,0,2.0885000775291367,51.4189078715,89.76446745600003,122.17902771183884,168.01089637050003,232.07241188879
2015-07-03,43.4,65.5,129.1,402.2999999999999,7,0,2.247247328406598,78.8424087745,113.11777740800002,143.41312267041894,187.8105771515,252.19342097920207
2015-07-04,20.2,80.7,120.9,401.8,7,0,2.34107934658324,71.7598791925,96.896639488,116.80279331207322,144.4243398835,182.8460532381103
2015-07-05,97.3,160.9,192.6,494.7000000000001,7,0,2.837975945984068,145.6817025538,167.7843026432,183.6871008309449,204.44346806860003,231.78648105609102
2015-07-06,13.2,130.7,199.6,494.7,7,0,2.6992934033959513,114.5726947548,145.12963461120003,165.1209234534117,189.73740264359998,220.58418650358513
2015-07-07,10.1,120.6,206.3,485.2999999999999,7,0,1.9327035190471662,89.49865662119998,123.15428090880003,144.86155185212343,170.9611946804,202.6508481040359
2015-07-08,0.7,24.0,202.0,357.49999999999994,7,0,1.7190733896135557,62.62592299739999,96.47464565760002,118.7923343231824,145.63890714580003,177.8906400543316
2015-07-09,14.0,24.799999999999997,198.9,306.0,7,0,1.622290679041423,57.66301144379999,90.51399659520003,113.75286286779254,142.9132101026,179.28393902833707
2015-07-10,4.2,18.9,159.70000000000002,288.8,7,0,1.5089840910545356,44.46806642599999,76.24612505600001,100.22056046286524,131.63638239600002,172.4840364835097
2015-07-11,7.5,25.7,147.0,267.90000000000003,7,0,1.4768060229925088,38.486408873699986,67.96002913280002,91.70310437173183,124.2293519559,168.36614996314233
2015-07-12,3.7,15.4,53.4,246.0,7,0,1.4127915189615012,30.15745353579999,56.231924787200015,78.28108640174568,109.54401543460001,153.40944080400894
2015-07-13,6.7,17.9,46.900000000000006,246.5,7,0,1.4346266426881409,26.584274894399996,47.02550031360002,64.69457429309647,90.15696959080002,126.45378560086286
2015-07-14,28.9,39.3,65.7,272.0,7,0,1.5449825382795366,46.9383924231,64.35144176640001,79.91352518144942,102.99796814170001,136.93661014820447
2015-07-15,276.1,311.70000000000005,341.1,543.1,7,0,3.637645808698753,306.20839052340006,317.1336454656,324.8706168618797,334.87175910580004,347.93267545289996
2015-07-16,152.3,457.30000000000007,479.4,678.3,7,1,5.10940152277556,366.2730060377,404.58957716480006,425.8412821953002,449.08202778590004,474.9327140823084
2015-07-17,10.6,439.0000000000001,485.80000000000007,645.5,7,0,4.490912046885634,266.7058042248999,333.18718248960005,370.5766583821638,411.2521727623,455.7388352918854
2015-07-18,6.3,169.20000000000007,484.6,631.6,7,0,4.085388976393687,192.97428968999998,272.77458406400007,321.15234754180074,376.18288057800004,438.83277766982417
2015-07-19,2.1,19.000000000000057,483.00000000000006,536.4,7,0,3.7722134341830476,136.78653743439997,218.81642869760003,272.3232537497605,335.78309435880004,410.6088216369957
2015-07-20,2.1,10.500000000000057,478.4,525.3,7,0,3.5512560542724825,97.73193659949997,176.70217139200003,232.7478931890654,302.8403354745,389.6636854103446
2015-07-21,2.9,7.1000000000000565,452.4,518.1,7,0,3.35825300784463,71.10049918289998,143.45643074560004,199.25915117815018,272.84121362630003,368.58997409553956
2015-07-22,10.2,15.200000000000056,186.5,527.6,7,0,3.2312022865826435,59.86583358589998,124.56786012160003,178.84184320536696,254.46698203530002,358.14514871558055
2015-07-23,8.6,21.700000000000053,42.8,522.2,7,0,3.243525217824127,50.31682509329998,107.53488107520005,159.29650821547907,235.28413828310002,344.82635378690435
2015-07-24,23.1,41.900000000000055,55.3,541.1,7,0,3.2059078487711776,57.50542409569999,106.02479098880004,152.81236169771034,224.77891753590006,333.38153855357
2015-07-25,26.4,58.10000000000005,75.4,560.0,7,0,3.2817600822660435,58.854655242099994,81.57382103040001,101.93348440458024,132.43090847070002,177.80119270217514
2015-07-26,1.0,50.50000000000006,74.30000000000001,557.3000000000001,7,0,3.248712327436535,37.8961606272,49.905968844800014,57.659489962801175,67.08409119640001,78.72349722106132
2015-07-27,3.0,30.400000000000052,75.19999999999999,553.6,7,0,2.8255830379230025,29.227888675099997,41.786608742400006,49.92369778236933,59.6796906117,71.44071080408143
2015-07-28,11.9,15.900000000000054,84.2,536.6,7,0,1.043364831045921,32.1815626657,44.65282964480001,53.094834367667374,63.41504737790001,75.99663254667558
2015-07-29,30.4,45.300000000000054,104.4,290.9,7,0,0.8126206857184576,52.86777406369999,65.8967779328,75.11717296340174,86.7413179159,101.3394533469412
2015-07-30,127.0,169.30000000000007,222.8,265.6,7,1,1.8772637714399465,163.94812204229999,179.49193656320003,190.436160769776,204.3349614001,222.01513310719355
2015-07-31,73.5,230.90000000000003,273.2,328.5,7,0,2.3913048676855735,188.1817676074,216.78216412160003,234.79980088172147,256.3902977838,282.6780393280426
2015-08-01,32.8,233.30000000000007,279.6,355.0,8,0,2.4193062498877502,164.23911257119997,205.13051463680003,230.3717118251879,259.9947479164,295.23702058140896
2015-08-02,11.0,117.30000000000004,289.6,363.9,8,0,2.3161086955075625,125.72445008569997,174.18099374080003,205.12283517407946,241.99663853990006,286.32603187488843
2015-08-03,16.9,60.70000000000005,303.5,378.7,8,0,2.252939407340507,104.25459723479997,153.7644513792,186.70661115769684,226.6425027196,275.07890698473744
2015-08-04,53.7,81.60000000000005,345.3,429.5,8,0,2.563228920443746,125.93248340699998,173.87688268800002,207.20313520944723,248.47314162900003,299.2183064396073
2015-08-05,49.6,120.20000000000006,364.5,468.9,8,0,2.7057542470366225,137.72449085999997,188.59413196800003,225.5257905236894,272.87714902600004,333.2586541783886
2015-08-06,106.6,209.9000000000001,344.1,566.9,8,0,3.3297857365145105,202.92240102729997,257.1531830272,297.70629873211385,351.1433988031,421.39951065175404
2015-08-07,5.3,161.50000000000006,275.90000000000003,549.1,8,0,3.2869797648335686,147.00953517279999,209.74479365120004,256.00754851064215,317.1797854856,398.50456554222956
2015-08-08,2.2,114.10000000000004,245.3,524.9,8,0,3.1040815221968145,104.24794986399998,166.73165977600001,213.82143434208788,277.061982358,362.5777343122714
2015-08-09,21.5,29.000000000000057,255.8,545.4,8,0,3.1979604182340746,90.88612924249998,141.248806656,178.24516983950292,226.57362222950002,289.9092563133837
2015-08-10,34.9,58.60000000000005,273.8,577.3,8,0,3.2805798053078465,96.44409738959999,140.0070429184,171.93812564453435,213.18839465920001,266.3066284636937
2015-08-11,51.4,107.80000000000004,271.5,616.8000000000001,8,0,3.1123903387648117,117.984349356,159.88376115200003,191.08992633547848,231.832902358,284.7527254334901
2015-08-12,4.9,91.20000000000006,226.8,591.3000000000001,8,0,2.5287433829365216,87.17832177529999,131.62589291520004,165.16081893740875,209.71414928110002,268.82898283019347
2015-08-13,9.6,65.90000000000006,129.8,473.9,8,0,2.318063945898403,70.14744207189997,113.08609064960004,146.65951866343923,192.4500687153,254.86887941555517
2015-08-14,20.6,35.100000000000065,145.10000000000002,421.0,8,0,2.2708528675705333,68.18631736319999,105.30287892480003,134.68843535082652,175.08102961040004,230.57326180767652
2015-08-15,80.6,110.80000000000008,223.50000000000003,468.7999999999999,8,0,2.693982157084066,126.92934491919999,159.51654369280004,185.32019959290272,220.8784760204,269.947246531069
2015-08-16,56.1,157.30000000000007,258.1,513.9,8,0,2.88813771670743,141.93935528909998,172.2671471104,192.6353581512463,217.72150670370002,248.72452648170446
2015-08-17,32.8,169.50000000000006,256.0,529.8,8,0,2.712276449936115,132.00783682039997,170.04463452160002,195.4966200855535,226.90136030080004,265.9149943796558
2015-08-18,14.3,103.20000000000007,218.9,490.4,8,0,2.4059945792840605,106.64334121949997,150.09948441600002,180.03900338317084,217.7441317025,265.6020233943486
2015-08-19,88.4,135.50000000000009,302.40000000000003,529.2,8,0,2.5527924929725585,162.4430170683,206.17104261120005,237.2003531823697,276.87313207010004,327.849078031006
2015-08-20,138.9,241.60000000000008,431.7000000000001,561.5,8,0,3.27585869747506,251.6242733288,300.08947512320003,333.64938349352303,375.9169413036,429.4607049500363
2015-08-21,54.7,282.0000000000001,465.8,610.9000000000001,8,0,3.5862715374808025,229.3850685503,289.25254712320003,328.1826315863814,375.10317535210004,431.9125910256818
2015-08-22,6.4,200.0000000000001,391.6000000000001,615.1,8,0,3.4381467792271123,166.8311351132,237.27590420480004,284.39055226715465,342.28433346040003,413.78315047212965
2015-08-23,12.7,73.80000000000008,348.20000000000005,606.3,8,0,3.292382574889814,129.21061834019997,201.48993121280006,252.5419751454105,317.40858708940004,400.0461183318347
2015-08-24,11.3,30.400000000000084,326.70000000000005,582.7,8,0,3.218230780012661,101.16553382519999,170.28003681280006,221.90506614418004,289.7849525144,379.0098314669323
2015-08-25,27.6,51.60000000000009,340.0,558.9000000000001,8,0,3.2587446815812067,96.13912317069999,155.16967034880003,200.3512292326908,260.3029749909,339.40114259097237
2015-08-26,15.7,54.60000000000008,267.3,569.7,8,0,3.291792436410715,81.41270007259999,133.81204464640004,174.95389076427261,230.41181700220005,304.5419431701507
2015-08-27,51.7,95.00000000000009,180.10000000000002,611.8000000000001,8,0,3.4275242866033415,107.7623712341,155.22776253440003,193.95332668725604,247.63398246670005,321.3762744046244
2015-08-28,26.6,94.00000000000009,152.0,617.8000000000001,8,0,3.068720091311531,101.62972025779999,149.24675921920004,188.6450237020953,244.48448252660003,323.3455224532843
2015-08-29,57.4,135.7000000000001,203.0,594.6,8,0,3.128324077700467,126.04372297929997,167.30552965120003,200.3445728030611,246.61286016910003,311.6499009019474
2015-08-30,96.2,180.2000000000001,286.5,634.7,8,0,3.542601290027524,180.5070248769,215.13014978560003,239.1470321196756,269.7201388223,309.1028449966392
2015-08-31,73.0,226.60000000000008,348.2,674.9000000000001,8,0,3.8695380074480212,197.8097778018,239.23075205120003,265.50594738428674,296.6754142666,333.89679217046796
2015-09-01,115.5,284.7000000000001,436.1,776.1000000000001,9,0,3.6830542480529362,253.78606030189997,306.1974068736,339.92005908886307,380.2763308233,428.8700361508189
2015-09-02,49.6,238.1000000000001,470.0,737.3,9,0,3.4889012238881,226.89149864509994,293.1942733824,336.03174529040643,387.42048155170005,449.4225752149505
2015-09-03,2.7,167.80000000000007,421.0,601.1,9,0,3.346648695055488,161.20485202019995,236.04209044480004,286.1023027277953,347.4383670234,422.8857190408093
2015-09-04,4.0,56.30000000000009,398.4,550.4,9,0,3.20681249542055,116.06376472689999,189.87014492160006,241.75322375882203,307.07100537430006,389.21629356578956
2015-09-05,11.0,17.700000000000085,352.0,555.0,9,0,3.1914688949639927,91.80114916789998,161.21034127360005,213.3993120468494,281.88965332730004,371.35530894145757
2015-09-06,2.8,17.800000000000086,258.6,545.1,9,0,3.114750892681204,65.60040738019998,126.21702778880004,174.0110085354066,238.47401264140007,324.63284373576045
2015-09-07,5.1,18.900000000000084,190.7,538.9,9,0,3.0150174897135797,50.26890100379998,103.21746897920004,147.7724980996324,210.45176487060004,297.57479896523154
2015-09-08,6.5,14.400000000000084,81.7,517.8000000000001,9,0,2.883416608874643,40.06682277339999,82.91069711360004,120.80603257553005,175.89244592180003,254.82855870468703
2015-09-09,2.5,14.100000000000083,34.6,504.6,9,0,2.6414598324443106,27.82936404599999,58.49916134400002,86.24580999162303,127.26033539200003,186.98863721472065
2015-09-10,3.7,12.700000000000086,35.6,456.6,9,0,2.4956956281070126,21.118485514499994,42.66101376000002,62.63710697600683,92.78077572550002,137.63140878958296
2015-09-11,4.1,10.300000000000086,35.7,434.1,9,0,1.9928976439152002,15.620350734199997,25.827092940800007,34.60254722825234,47.330338321400006,65.69572186807108
2015-09-12,12.3,20.100000000000087,37.0,389.0,9,0,1.5201967221574049,21.8331682789,27.635914905600004,31.947194688714646,37.6028538603,45.013583588443936
2015-09-13,4.7,21.100000000000087,38.900000000000006,297.5,9,0,1.240471083064777,19.906949477999998,26.518821632000005,31.323554593687497,37.601136686000004,45.84631467307811
2015-09-14,17.1,34.10000000000009,50.900000000000006,241.6,9,0,0.5163711692110751,30.921874535,37.88556057600001,42.93752378727148,49.546309257000004,58.25905118247069
2015-09-15,8.2,30.000000000000085,52.6,134.3,9,0,0.49866701483812387,29.534589400599994,37.32733245440001,42.531276771432815,48.9562154902,56.95999229172499
2015-09-16,2.1,27.400000000000087,52.2,86.80000000000001,9,0,0.4963064609217305,22.695119510699996,31.661218252800005,37.70033692356387,45.1842943089,54.53552924727127
2015-09-17,8.7,19.000000000000085,57.2,92.8,9,0,0.5181415846483701,24.442521280499996,33.481366272,39.7412269228916,47.5876048335,57.45519439479198
2015-09-18,11.0,21.80000000000008,64.1,99.8,9,0,0.5228626924811571,27.926155984499992,37.08716083200001,43.50035925624316,51.562434489500006,61.69064457000292
2015-09-19,11.3,31.000000000000085,63.1,100.1,9,0,0.5700737708090269,30.777690376899997,40.70129320960001,47.783119356954884,56.834494940300004,68.40926999340682
2015-09-20,12.9,35.20000000000009,71.3,110.2,9,0,0.6172848491368965,34.3398674217,45.06375009280001,52.78721615735097,62.76093521790001,75.67347981855448
2015-09-21,20.2,44.40000000000009,74.4,125.3,9,0,0.7037042314215513,44.12209234309999,55.81076592640001,64.26194867595136,75.25526009170001,89.6349843767494
2015-09-22,40.7,73.8000000000001,106.9,159.5,9,0,0.9265174121844431,71.2380200839,84.02791029760002,92.90110120116778,104.14098926930001,118.48877080527986
2015-09-23,95.2,156.10000000000008,200.0,252.2,9,0,1.6208395586956084,144.9338506917,161.9176695808,173.24062632059122,187.2881016739,204.9502686505955
2015-09-24,115.1,251.00000000000009,306.4,363.6,9,0,2.5676968650758414,216.07066280840002,242.79803714560003,258.98798005827615,277.69689018080004,299.5643535570894
2015-09-25,62.5,272.80000000000007,357.9,422.0,9,0,2.876194574667462,213.5178342617,255.85796142080002,281.0254129339408,309.5680379539,342.1764929774803
2015-09-26,41.4,219.00000000000009,388.0,451.1,9,0,2.992307885095136,190.8031641809,245.8608833536,279.85816474473415,319.2790094343,365.21032075620565
2015-09-27,52.1,156.00000000000006,427.2,498.5,9,0,3.1711885166914815,185.41646145999997,247.85455129600004,288.26663271525973,336.417606062,393.8407933470214
2015-09-28,11.6,105.10000000000008,418.6,493.0,9,0,3.1073490474884222,141.0808002481,208.70252503040004,254.4610193602228,310.5403826147,379.16264734804815
2015-09-29,3.7,67.40000000000008,381.6,488.5,9,0,2.9536120459850177,102.13736314229998,169.44869176320003,217.7671856871392,279.2462779801,357.13878756725205
2015-09-30,1.7,17.00000000000007,288.09999999999997,488.1,9,0,2.8809716091931157,72.83176112839999,135.87382645760005,184.26242801807302,248.52369830480004,333.2581416727144
2015-10-01,6.8,12.20000000000007,179.8,486.2000000000001,10,0,2.7940625151742333,57.21163278689998,113.33010268160004,159.44620084767945,223.4280239843,311.3007484164634
2015-10-02,41.0,49.50000000000007,158.3,516.2,10,0,2.9288572717652173,79.89846868739998,127.29395292160004,168.51648246386014,227.89400907380002,312.36711756863815
2015-10-03,24.0,71.80000000000007,140.89999999999998,528.9,10,0,3.0220991514627604,77.2397637107,115.61314017280003,148.4965668010443,195.91042066890003,263.7490050747126
2015-10-04,5.0,70.00000000000007,93.8,521.0,10,0,2.9477417030963653,55.81654448149999,85.13174374400002,108.56183784127049,141.18649014650003,186.6469331146396
2015-10-05,1.4,30.40000000000007,83.60000000000001,502.2,10,0,2.618444431759474,38.706110830799986,62.794508595200014,81.37291189378476,106.67543862560001,141.29352775650895
2015-10-06,0.0,6.400000000000071,79.9,461.5,10,0,2.105023954943891,25.924830050699995,45.79031572480001,61.016374770011126,81.57260734290001,109.44114208421462
2015-10-07,0.0,1.400000000000071,78.2,366.3,10,0,1.3779733486946972,16.675684988199997,31.03805767680001,41.606762088357804,55.24919987940001,72.77489044568435
2015-10-08,0.0,0.0,71.4,251.2,10,0,1.0622492623770685,11.345308202899997,23.58490562560001,33.08200468475175,45.67960998630001,62.190797428234944
2015-10-09,8.4,8.400000000000071,38.8,197.1,10,0,0.8822570262520653,16.2371998999,26.870640025600007,35.79126868597832,48.2215387593,65.2659308816412
2015-10-10,7.2,15.600000000000072,22.0,162.9,10,0,0.6208256800114866,18.5180191376,28.513975910400006,37.287891895702344,50.00663153520001,68.18478154085389
2015-10-11,0.6,16.20000000000007,17.6,111.4,10,0,0.573614601683617,13.370530226999996,22.68103628800001,30.955962161830072,43.23495498900001,61.30413127699021
2015-10-12,7.9,15.70000000000007,24.1,107.7,10,0,0.6137440182623063,16.101222638,21.642487552000006,26.140717259585934,32.515643446000006,41.59071020436718
2015-10-13,0.0,8.500000000000071,24.1,104.0,10,0,0.5930891714938633,10.592915248999999,14.737009664000002,17.4946239664707,20.895796539000003,25.141488152427733
2015-10-14,1.6,9.500000000000073,25.700000000000003,103.9,10,0,0.5399767083750098,8.8738030498,12.852736819200004,15.486058349796483,18.662824684600004,22.49072904861445
2015-10-15,8.1,9.70000000000007,33.800000000000004,105.2,10,0,0.2956593780282841,14.2721156,18.231865600000003,20.98752543125,24.408392400000004,28.627960881249997
2015-10-16,1.1,10.80000000000007,26.5,65.3,10,0,0.22635278964619487,11.090480919999997,15.685492480000002,18.939396616562497,23.067553160000003,28.296562837187494
2015-10-17,0.5,9.70000000000007,19.8,41.8,10,0,0.2295956662886905,8.263336643999999,13.048393984000004,16.598487124078122,21.260797844000002,27.381734695328117
2015-10-18,6.6,8.20000000000007,25.799999999999997,43.4,10,0,0.2724016379696328,12.384335650799997,17.0387151872,20.7087140554664,25.734718059600006,32.612647960561716
2015-10-19,2.0,9.10000000000007,19.9,44.0,10,0,0.2596609308032834,10.431755746399999,14.729029017600002,17.94866195068437,22.232347356800002,27.952625272931243
2015-10-20,5.1,13.70000000000007,25.0,49.1,10,0,0.2897579932373004,12.198846843199998,16.110129100800002,18.938866946828515,22.5986278524,27.344088046768352
2015-10-21,1.2,8.30000000000007,24.6,50.3,10,0,0.29683965498648085,9.722244275299998,14.023678771200004,17.1799122621998,21.329558003100004,26.81764148088691
2015-10-22,3.7,10.000000000000073,20.200000000000003,54.0,10,0,0.25198913057500455,10.282415546,14.070686976000001,16.747617628578123,20.142042526000004,24.44673758685937
2015-10-23,3.9,8.800000000000072,23.0,49.49999999999999,10,0,0.24962857665861113,11.097690882199998,15.156549580800002,18.135474984291402,22.027838273400004,27.1244007075164
2015-10-24,0.0,7.600000000000071,22.5,42.3,10,0,0.2378258070766437,7.723187577699999,11.953440972800003,15.100154689702537,19.267168941900003,24.810201569359172
2015-10-25,3.8,7.70000000000007,19.7,45.5,10,0,0.22189206814098766,8.977426352699998,12.493021900800002,15.040448811087302,18.3161566829,22.519922283060346
2015-10-26,5.0,8.80000000000007,22.7,42.6,10,0,0.25139899209590627,11.2531261695,14.876305920000002,17.56781964464941,21.100994730500002,25.735315535745112
2015-10-27,1.8,10.60000000000007,19.4,44.4,10,0,0.23959622251393883,9.663064556199998,13.647357644800001,16.63420949578164,20.616556037400002,25.949181289338664
2015-10-28,1.3,8.10000000000007,19.5,44.1,10,0,0.2124498524754137,7.877711524999998,11.509216512000002,14.139707002765622,17.553622729,22.00005842589843
2015-10-29,7.4,10.500000000000073,23.2,43.4,10,0,0.24962857665861113,12.857903017699998,16.392624844800004,19.025002143669333,22.5009035759,27.10258162612675
2015-10-30,0.4,9.10000000000007,19.7,42.7,10,0,0.24254691490943067,9.2564697354,12.966491545600004,15.567192359981249,18.8725531738,23.093894154704685
2015-10-31,0.0,7.800000000000072,19.7,42.2,10,0,0.20536819072623325,6.445631784899998,10.244344217600004,12.995864220775193,16.5668837283,21.220715119883394
2015-11-01,0.2,0.6000000000000711,16.1,35.800000000000004,11,0,0.19769639049795443,4.607426407299998,7.998190899200003,10.51804929159824,13.8200851271,18.144352688707222
2015-11-02,1.9,2.100000000000071,13.0,35.7,11,0,0.18058237460410168,5.015033138,7.879793408000001,10.072531720929685,12.978230698,16.802060991242183
2015-11-03,23.7,25.80000000000007,34.9,54.3,11,0,0.3133635324012352,27.2105231966,30.0038347264,32.26165196279023,35.380407628200004,39.66195794168007
2015-11-04,12.2,37.80000000000007,45.8,65.3,11,0,0.42816880174519745,31.140025643,35.795045888000004,38.87428143187695,42.717388793,47.603659675490235
2015-11-05,14.9,50.800000000000075,53.3,76.5,11,0,0.5196772938081783,36.5567803256,42.9991657984,46.95876719539179,51.602257713200004,57.129791995523824
2015-11-06,1.6,28.70000000000007,54.5,74.19999999999999,11,0,0.480741932097528,27.138900683099997,35.80605911040001,41.160578188269724,47.414410749700004,54.795575905118554
2015-11-07,0.3,16.80000000000007,54.8,74.49999999999999,11,0,0.4443353776965727,19.2605086958,28.805260851200007,35.03055473438632,42.51968770260001,51.57743908885273
2015-11-08,3.5,5.400000000000071,58.1,74.19999999999999,11,0,0.43128757682531615,16.773324402799997,25.749639731200006,31.819100932107027,39.1874984756,48.067913784046084
2015-11-09,0.4,4.200000000000071,56.6,69.6,11,0,0.42015278568524783,12.130028071999998,20.956762112000007,27.367486030554684,35.529277252,45.82502331914843
2015-11-10,6.7,10.600000000000072,39.6,74.5,11,0,0.43198136670000786,15.191019650399998,23.46540968960001,29.96236312597148,38.67634952680001,50.233772153191005
2015-11-11,5.5,12.600000000000072,32.9,78.7,11,0,0.4585427572488818,16.1280642503,24.250852915200007,30.92863377620761,40.23897888610001,53.10233615768378
2015-11-12,0.0,12.20000000000007,18.0,71.3,11,0,0.4462198260073985,11.235974677899998,19.196671385600006,25.915277341529098,35.55259196130001,49.309619165246666
2015-11-13,0.0,5.500000000000071,16.4,70.9,11,0,0.4184081816807453,7.195715934399999,12.812568985600004,17.362062357424605,23.733653734800004,32.65407274703475
2015-11-14,9.7,9.70000000000007,25.799999999999997,80.60000000000001,11,0,0.46797981392500854,14.392381350299999,18.640090163200004,22.055885270854098,26.806411392100003,33.416778450974796
2015-11-15,28.0,37.700000000000074,50.3,108.4,11,0,0.6119736028250112,37.653778824199996,41.312196812799996,43.81407385554922,46.9304614954,50.824759133774215
2015-11-16,17.3,55.00000000000007,67.2,123.8,11,0,0.5848272327864861,43.6124491371,50.17795875840001,54.22696373027168,58.9795298417,64.6255420743041
2015-11-17,3.2,48.50000000000007,63.7,103.3,11,0,0.5339538253449644,33.720240138499996,43.31015475200001,49.233856849428705,56.1769733255,64.41464388881738
2015-11-18,2.3,22.80000000000007,60.5,93.4,11,0,0.510100386160202,25.805301759799995,36.572314163200005,43.459717906821865,51.6389014526,61.39833240704218
2015-11-19,0.8,6.300000000000071,61.3,79.3,11,0,0.47670286644685733,18.852412221899996,30.014901657600007,37.6620104590623,47.1355399313,58.88892101099471
2015-11-20,0.0,3.1000000000000707,61.3,77.7,11,0,0.45504179792412874,13.007430138499997,23.292514304000004,30.693650381120115,40.08584038950001,51.932937467547845
2015-11-21,2.6,3.4000000000000714,54.2,80.0,11,0,0.4490953825938607,11.549839709999997,20.643453440000005,27.60679360007812,36.759524930000005,48.64323742835937
2015-11-22,0.6,3.2000000000000717,26.8,77.10000000000001,11,0,0.4514559365102542,8.684887796999998,17.114762752000004,24.0657745600664,33.68357243700001,46.81107555694139
2015-11-23,0.0,3.2000000000000712,9.5,76.7,11,0,0.418331086881936,6.079421457899998,13.691810201600005,20.455908376056442,30.315215193300006,44.47052177909432
2015-11-24,0.6,1.2000000000000717,6.9,70.6,11,0,0.38418014989303984,4.581594028999999,10.511918592000004,16.077840397542968,24.501512805000004,37.03924737952733
2015-11-25,2.1,2.7000000000000717,6.7,67.2,11,0,0.39657305795410563,4.5161851231,7.503057766400002,10.253681016371287,14.388365201700003,20.52265071187636
2015-11-26,4.1,6.800000000000072,10.0,71.3,11,0,0.4119166584106632,6.772647405399999,8.244872857600003,9.409701668821095,11.017391667800002,13.238369127458592
2015-11-27,31.8,38.00000000000007,41.8,103.1,11,0,0.5364358775004197,36.4504611041,38.052300902400006,39.168248324607625,40.59988149269999,42.460492465522854
2015-11-28,4.1,40.00000000000007,43.3,97.5,11,0,0.4281688017451975,29.550353465599997,34.2948801024,36.94019994593281,39.8379329312,43.06037288199845
2015-11-29,1.8,37.700000000000074,44.5,71.3,11,0,0.3856660231607938,22.462649406,29.150004736000007,33.041670430570306,37.375196886000005,42.22836468650782
2015-11-30,6.8,12.700000000000074,51.3,60.8,11,0,0.40976659119645986,22.523854584199995,30.12000378880001,34.88541986598476,40.437677197400006,46.916946452182415
2015-12-01,3.9,12.500000000000076,54.6,61.5,12,0,0.40808030892816166,19.593254644199998,27.716830156800004,33.04073343480117,39.38734553340001,46.91438308755352
2015-12-02,4.9,15.600000000000074,57.400000000000006,64.10000000000001,12,0,0.42609134095995094,18.598329736,27.00903961600001,32.86649877697656,40.139403916000006,49.1094217696328
2015-12-03,6.5,15.300000000000075,59.8,69.8,12,0,0.4439070067840603,19.518830815199998,28.107231692800006,34.43652396043008,42.625463524400004,53.15395068115117
2015-12-04,7.6,19.000000000000075,35.6,77.4,12,0,0.4773514417753565,21.246233055699996,30.021360844800007,36.75292072376113,45.753710107900005,57.737010983550576
2015-12-05,1.2,15.300000000000074,32.699999999999996,76.0,12,0,0.4715142638188643,16.013043336699997,24.99160289280001,32.02654636608145,41.64611437290001,54.79281286197245
2015-12-06,0.0,8.800000000000074,30.9,75.39999999999999,12,0,0.444964413240172,11.093315483599998,19.553048166400007,26.41537935337226,36.051921331200006,49.598350767996465
2015-12-07,0.0,1.2000000000000746,24.1,75.39999999999999,12,0,0.43847288997008993,6.867049546699999,12.227939532800004,16.192466392331443,21.358754802900002,28.078598561816204
2015-12-08,0.0,0.0,20.200000000000003,74.8,12,0,0.42726025886722085,4.691119830599998,9.342117478400004,12.956411375684763,17.7932977182,24.219847182848042
2015-12-09,0.1,0.1000000000000746,15.4,72.8,12,0,0.3641154416036952,3.332938336599999,7.380420454400003,10.758575741518747,15.486346754200003,22.031128333076555
2015-12-10,3.1,3.200000000000075,12.0,71.8,12,0,0.21481040639180723,5.2409736662999995,8.274191923200002,10.906043430774023,14.666698686100002,19.95816072960175
2015-12-11,6.0,9.200000000000074,10.4,46.0,12,0,0.24313705338852906,9.5585162193,12.200594227200003,14.502326739229101,17.8401829011,22.625178630091987
2015-12-12,2.4,11.500000000000076,11.6,44.3,12,0,0.2378258070766437,8.9525484815,11.634341888000003,13.762293147075194,16.747640254500002,20.96010869631933
2015-12-13,0.0,8.400000000000073,11.6,42.5,12,0,0.20595832920533166,6.083175025199999,8.609541324800002,10.418265546799216,12.806466368400002,16.020313156453902
2015-12-14,1.5,3.9000000000000745,13.1,37.2,12,0,0.19592597506065934,5.5435413284,7.571589273600003,8.859280241789843,10.375863586800001,12.16889676041953
2015-12-15,8.1,9.600000000000074,21.200000000000003,41.400000000000006,12,0,0.20890902160082353,11.946581899999998,14.028422400000002,15.394138920312498,17.019863100000002,18.941967595312498
2015-12-16,0.1,9.700000000000074,21.2,36.599999999999994,12,0,0.16877960502213424,8.462607329999997,11.322737920000002,13.185018082265625,15.417876790000001,18.094869215546872
2015-12-17,0.4,8.600000000000074,18.5,30.5,12,0,0.14074084628431027,6.323825130999998,9.458190336000003,11.60726536992578,14.276089111000001,17.590125754769527
2015-12-18,2.1,2.6000000000000747,14.6,25.0,12,0,0.1543609281827919,6.526677591699999,9.666552268800002,11.966175564436913,14.948480199900002,18.810619467031053
2015-12-19,0.0,2.5000000000000746,12.2,23.8,12,0,0.1537123528542928,4.5658495616999994,7.722504396800002,10.151561789337302,13.4187643359,17.81021479975566
2015-12-20,3.5,5.600000000000074,15.7,27.3,12,0,0.1611078047938554,6.608527366,9.345143552000001,11.518516867480468,14.495984738,18.5636195481289
2015-12-21,11.1,14.600000000000074,25.299999999999997,38.4,12,0,0.22661317597377462,15.5564840068,17.9318697472,19.709492911314058,22.0543156236,25.14301693529218
2015-12-22,2.6,17.200000000000074,19.799999999999997,41.0,12,0,0.24018636099303717,13.421744744999998,16.687797760000002,18.88057040419922,21.612055805,25.048897434355467
2015-12-23,0.0,13.700000000000074,19.7,40.9,12,0,0.20359777528893813,9.3952213215,13.350238208,16.048484843569334,19.4508502245,23.79645256263769
2015-12-24,0.6,3.200000000000075,19.9,38.400000000000006,12,0,0.18943445179057725,7.134283637699998,11.119129292800004,13.945900510522849,17.5827475419,22.308524525648238
2015-12-25,0.2,0.8000000000000747,18.0,32.6,12,0,0.17822182068770817,4.965193594699999,8.225572556800003,10.45933275878457,13.200177422900001,16.543329091534957
2015-12-26,0.0,0.8000000000000747,18.0,30.2,12,0,0.17822182068770817,3.472810763799999,6.569720627200002,8.870745404532812,11.845291836600001,15.656288943034369
2015-12-27,0.0,0.2000000000000746,14.5,30.2,12,0,0.1575669739192652,2.419668524699999,5.212826828800003,7.4613838321166,10.521291276900001,14.6339797201873
2015-12-28,0.0,0.0,3.4,28.7,12,0,0.12097838821516615,1.6344481649999993,3.944775680000001,5.928740008183593,8.736937425,12.644933161777338
2015-12-29,0.0,0.0,0.8,20.6,12,0,0.12038824973606779,1.1441137154999994,3.155820544000002,5.039429006956054,7.863243682500001,12.012686503688471
2015-12-30,0.0,0.0,0.8,20.499999999999996,12,0,0.11743755734057593,0.7020132636999996,2.148846796800001,3.594454240720116,5.856544773900001,9.316472891169724
2015-12-31,5.8,5.800000000000074,6.0,25.9,12,0,0.1404529580254124,5.977861758200001,6.327224012800001,6.669980216430079,7.200559611400001,8.004669221065235
2016-01-01,0.9,6.700000000000075,6.7,24.7,1,0,0.14576420433729775,5.011059666,5.682606336,6.057609732679689,6.473939706,6.947719717992189
2016-01-02,2.1,8.800000000000075,8.8,26.799999999999997,1,0,0.12038824973606779,5.6077417662,6.6460850688000015,7.248968272777734,7.926545735400001,8.700333732092579
2016-01-03,0.0,3.0000000000000746,8.8,23.299999999999997,1,0,0.08073528630645513,3.9084707213999996,5.252443545600002,6.04349838925664,6.924684097800001,7.906074881944921
2016-01-04,0.0,2.1000000000000747,8.8,12.2,1,0,0.07419641980512036,2.7302799999999996,4.180480000000001,5.0975987499999995,6.162480000000001,7.39102375
2016-01-05,0.9,0.9000000000000746,9.7,10.5,1,0,0.07200498270577566,2.811196,4.244384000000001,5.2329589375,6.446232000000001,7.921472562499999
2016-01-06,4.2,5.100000000000075,13.9,14.7,1,0,0.10318239789796721,6.167837199999999,7.595507200000002,8.648015096875,10.0016088,11.725398934374999
2016-01-07,6.0,11.100000000000076,14.1,20.1,1,0,0.129066490371326,10.317486039999999,12.076405760000002,13.350812832343749,15.00144792,17.13912898765625
2016-01-08,4.6,14.800000000000075,17.8,24.5,1,0,0.15890095548228578,11.822240227999998,14.261124608000003,15.948190907492187,18.101303128000005,20.882172538273434
2016-01-09,11.1,21.70000000000007,26.799999999999997,35.6,1,0,0.23761862674286213,19.375568159599997,22.508899686400003,24.655962271368356,27.3911728152,30.938063911359762
2016-01-10,7.7,23.400000000000073,34.5,43.3,1,0,0.2832954210740957,21.099062067299997,25.0843494912,27.515696385486912,30.329720581100002,33.61848646820918
2016-01-11,0.5,19.30000000000007,35.0,43.8,1,0,0.25981179326826276,15.243920674699998,20.470842828800002,23.711154963757224,27.4829379269,31.898698899484174
2016-01-12,1.2,9.400000000000077,35.3,45.0,1,0,0.2626116231987753,11.81142467,17.351188480000005,20.941045470078123,25.20241941,30.24641638210937
2016-01-13,7.4,9.100000000000076,38.5,52.400000000000006,1,0,0.285792972595089,15.667997268999999,21.280950784000005,25.199888649566407,30.082177469,36.1340955630039
2016-01-14,14.0,22.600000000000076,46.5,60.599999999999994,1,0,0.3735793892154964,24.9675980883,31.024760627200006,35.419905352131444,41.0739597221,48.327390784853705
2016-01-15,16.6,38.00000000000008,58.50000000000001,76.3,1,0,0.4754057157898591,34.0518958894,41.323171737600006,46.52973258540508,53.2527531538,61.972158000296474
2016-01-16,2.7,33.300000000000075,50.10000000000001,76.9,1,0,0.4656770858623721,26.417687517999997,35.30756582400001,41.423400199363286,49.16302839000001,59.05885495548046
2016-01-17,3.8,23.100000000000076,46.2,80.7,1,0,0.4762417526323858,22.122896113199996,31.40180756480001,37.82864374341445,45.95465491040001,56.313490572276166
2016-01-18,4.0,10.500000000000076,49.7,84.7,1,0,0.4927656300471402,19.356088664699996,28.627524812800008,35.24872492193495,43.7552685949,54.74362612316581
2016-01-19,5.9,13.700000000000074,54.400000000000006,89.7,1,0,0.49866701483812387,19.135714538899997,27.610166425600006,33.67611029546269,41.40941105030001,51.260464791461516
2016-01-20,4.8,14.700000000000074,51.8,90.3,1,0,0.4915853530889434,17.977494235499996,26.06135193600001,31.908760837719722,39.383645956500004,48.887167119752924
2016-01-21,5.0,15.700000000000074,42.8,89.3,1,0,0.49925715331722226,17.570122202399997,25.795394457600004,32.0240095098914,40.27094214080001,51.14344029414609
2016-01-22,4.1,13.900000000000077,30.3,88.8,1,0,0.45204607498935256,16.365188511799996,24.607466547200005,31.084158798198825,39.925433798600004,51.96778395235272
2016-01-23,2.8,11.900000000000071,30.4,80.5,1,0,0.42844053582541763,14.046600273999996,21.691404288000005,27.76466438634765,36.152669962000004,47.73874140437108
2016-01-24,8.8,15.700000000000074,35.4,81.60000000000001,1,0,0.47388119871599227,18.2371548432,24.649884876800005,29.643723067625388,36.45590480440001,45.769487184815226
2016-01-25,28.3,39.90000000000008,59.7,109.4,1,0,0.630858034156159,40.5970994769,46.23749647360001,50.229049495425585,55.32225221830001,61.841979634217374
2016-01-26,23.9,61.00000000000007,77.7,132.1,1,0,0.7081661749180458,52.24170131659999,60.60008688640001,66.06313117939179,72.74859520820002,81.03329091656288
2016-01-27,30.3,82.50000000000007,103.2,155.0,1,0,0.8439641090388721,66.761850327,78.37204761600002,85.70553876598828,94.448757615,105.0064260016289
2016-01-28,8.7,62.90000000000008,106.9,149.7,1,0,0.8431411341490943,55.320305129299996,70.9681413632,80.76221033372714,92.3091680931,106.06115694459393
2016-01-29,0.2,39.20000000000007,103.0,133.3,1,0,0.7707208537024731,38.75755319359999,56.34100541440001,67.68631979805781,81.2210484872,97.42555115585779
2016-01-30,6.8,15.70000000000007,107.0,137.39999999999998,1,0,0.7942817679915462,33.79469911599999,51.357408256000014,63.38837468751366,78.22528712600001,96.48033628972068
2016-01-31,9.9,16.90000000000007,108.1,143.5,1,0,0.8191122089885396,33.415051756699995,50.44905569280001,62.795746462683,78.55936621290002,98.56263477904275
2016-02-01,8.4,25.100000000000072,88.2,147.9,2,0,0.8315051170496054,31.674721377599994,48.31901040640001,60.96919943548359,77.6738479872,99.57968158921327
2016-02-02,11.6,29.90000000000007,75.9,153.6,2,0,0.8878996247153029,33.6932118946,49.95456061440001,62.87257118800703,80.5301635562,104.52423407988513
2016-02-03,4.3,24.30000000000007,49.900000000000006,153.1,2,0,0.8616021794836223,27.636670107099995,43.31875568640001,56.00919075160761,73.7087769277,98.32913731059314
2016-02-04,0.5,16.40000000000007,41.7,148.6,2,0,0.8515698253389499,19.046264120299995,32.11631518720001,42.53626649602402,56.97029938010001,76.96842506461736
2016-02-05,0.0,4.800000000000071,41.5,144.5,2,0,0.8350459479241955,12.657269039099997,23.126809190400003,31.450528257877142,42.93985472370001,58.810190963589235
2016-02-06,0.0,0.500000000000071,34.7,141.70000000000002,2,0,0.7671800228278828,8.004188322899997,15.248009625600005,20.767654567671677,28.080912516300003,37.72795215648691
2016-02-07,0.0,0.0,24.8,132.9,2,0,0.5919088945356665,5.357178359399998,11.264252313600004,15.939699064756638,22.239318835800006,30.63254317728866
2016-02-08,6.5,6.500000000000071,22.9,111.1,2,0,0.48155299894427117,10.244375346599998,15.489927014400003,20.009369324174997,26.445651264200002,35.48116863057655
2016-02-09,16.4,22.90000000000007,27.699999999999996,103.6,2,0,0.41899832015984373,23.378979573299997,28.0617971712,32.06921797603183,37.8300727451,46.03569901222674
2016-02-10,13.0,35.90000000000007,36.39999999999999,86.3,2,0,0.4579474597803362,29.0856352048,34.3864333312,38.309778676653906,43.5951489136,50.80641836315546
2016-02-11,1.8,31.20000000000007,37.7,79.39999999999999,2,0,0.46502912152951675,21.9226654342,28.407203532800004,32.70956687869374,38.10673512540001,45.036707155395305
2016-02-12,0.1,14.900000000000071,37.8,79.3,2,0,0.41250679688976166,15.118194515099997,21.580222310400003,25.6193887565373,30.351391707700003,35.939523302460344
2016-02-13,0.7,2.600000000000071,38.49999999999999,73.2,2,0,0.36647599552008864,11.161271803499996,17.502468864,21.629920504391595,26.516935244500004,32.2679782986123
2016-02-14,0.0,0.800000000000071,38.49999999999999,63.3,2,0,0.31867477871312055,7.7987664999999975,13.948288000000002,18.286995226562496,23.6909025,30.35521091406249
2016-02-15,0.0,0.700000000000071,31.999999999999996,54.89999999999999,2,0,0.2497015014721634,5.459136549999998,11.158630400000003,15.543945942578121,21.32181225,28.837450368359363
2016-02-16,0.0,0.0,15.599999999999996,43.3,2,0,0.2497015014721634,3.8213955849999985,8.926904320000002,13.2123540511914,19.189631025000004,27.395577849941397
2016-02-17,0.0,0.0,2.5999999999999965,38.99999999999999,2,0,0.2497015014721634,2.674976909499999,7.1415234560000025,11.230500943512693,17.270667922500003,26.025798957444323
2016-02-18,0.0,0.0,0.7999999999999964,38.49999999999999,2,0,0.227203314452873,1.688874924799999,5.015286579200003,8.266242173771092,13.277191269600003,20.83271890452265
2016-02-19,0.0,0.0,0.6999999999999964,38.49999999999999,2,0,0.227203314452873,0.7189530389999996,2.251292672000001,3.797565616517577,6.231145725000001,9.971797155787105
2016-02-20,5.5,5.500000000000071,5.4999999999999964,43.99999999999999,2,0,0.24431733034672576,5.6360493036,5.9051697664,6.168563517610547,6.5752114312,7.1896270878988275
2016-02-21,10.7,16.20000000000007,16.199999999999996,54.7,2,0,0.28444674692541505,14.594388967699999,15.2308622848,15.588905062155662,15.990069095900001,16.452419242874804
2016-02-22,12.6,28.800000000000068,28.799999999999997,60.8,2,0,0.2946201980644791,22.8132475249,24.7739524096,25.830881862398243,26.956194342299998,28.169924586807227
2016-02-23,39.9,63.20000000000007,68.69999999999999,84.3,2,0,0.6465276568637178,55.8495,59.644,61.7184375,63.9165,66.2423125
2016-02-24,14.7,67.20000000000007,83.39999999999999,86.0,2,0,0.7146907730991876,53.79464999999999,62.415200000000006,67.16067187499999,72.22485,77.630196875
2016-02-25,9.2,63.80000000000007,92.6,93.4,2,0,0.7343759278438612,46.856255,59.132160000000006,66.28657109374998,74.202365,82.94868703124999
2016-02-26,6.0,29.90000000000007,98.6,99.29999999999998,2,0,0.731926937607163,38.79937849999999,53.305728,62.343585429687494,72.7821285,84.8012526796875
2016-02-27,3.4,18.60000000000007,96.5,102.0,2,0,0.7163382300110673,30.559564949999995,46.04458240000001,56.39204761523437,68.90391565,83.96119004570312
2016-02-28,8.4,17.80000000000007,94.2,110.4,2,0,0.7160271626630347,29.791695464999997,45.23566592000001,56.333240472949214,70.413524085,88.16313054341795
2016-02-29,0.1,11.900000000000071,81.7,110.5,2,0,0.7166757379915337,20.954186825499995,36.28853273600001,47.98325440200683,63.472171676500004,83.85497401624706
2016-03-01,4.5,13.000000000000073,46.3,115.0,3,0,0.7101899847065425,19.012569390899998,32.940268185600004,44.20295701783182,59.707223088300005,80.86917214962361
2016-03-02,8.6,13.20000000000007,40.2,123.6,3,0,0.7294111601655872,21.606550057199996,33.803310796800005,44.06595733871133,58.6056414704,79.01922829229177
2016-03-03,9.9,23.00000000000007,40.9,133.5,3,0,0.7789827924098502,24.668666226299997,35.58973393920001,44.87544624321152,58.251728978100004,77.42418144327361
2016-03-04,9.9,28.40000000000007,44.8,143.39999999999998,3,0,0.8138009626766542,26.040990114899998,34.08755727360001,40.18884057353496,48.4142863203,59.56336849549862
2016-03-05,5.4,25.20000000000007,46.8,143.29999999999998,3,0,0.7801630693680471,23.213454464399998,31.091645337600006,36.66646074369609,43.8472846188,53.18376706391952
2016-03-06,0.9,16.20000000000007,39.3,133.5,3,0,0.679839527921324,16.889540896,24.785473792000005,30.255247112207027,37.15471450800001,45.916198869730465
2016-03-07,0.3,6.600000000000072,39.5,121.2,3,0,0.449685521072959,11.9531934778,19.484133939200007,24.83571361933164,31.647172416600004,40.32796729081366
2016-03-08,0.0,1.200000000000071,35.0,81.3,3,0,0.39126181164222024,8.2711938498,15.222234931200004,20.440983601673434,27.296948478600005,36.27586333286249
2016-03-09,0.0,0.300000000000071,26.4,66.6,3,0,0.3387394870024652,5.5525564856999985,11.275844812800003,15.72109106496035,21.6383547339,29.432679876616984
2016-03-10,0.0,0.0,16.5,57.4,3,0,0.29683965498648085,3.8839647874999987,9.009938432000004,13.343239964782224,19.439651416500002,27.901172188862297
2016-03-11,0.6,0.600000000000071,7.2,52.0,3,0,0.273234115822546,3.191661489199999,7.324766924800004,11.055819150531638,16.526633294400003,24.411797352846474
2016-03-12,3.4,4.000000000000071,5.2,52.0,3,0,0.25730037688688995,5.391234328299999,8.336395571200002,11.104326400621677,15.275335380100001,21.442069807754095
2016-03-13,5.0,9.000000000000071,9.3,48.599999999999994,3,0,0.28621716236271016,8.494213533299998,10.606112051200002,12.489620837555272,15.295885285100002,19.44247061890644
2016-03-14,2.7,11.100000000000072,11.7,51.2,3,0,0.2750045312598411,8.3662989768,10.1218852352,11.367121108948828,13.014380199600001,15.242851389501173
2016-03-15,1.4,9.10000000000007,13.1,48.1,3,0,0.21540054487090557,7.1038726492999995,8.917687603200001,9.9989311591666,11.2300786031,12.647529348138866
2016-03-16,1.8,5.900000000000071,14.9,41.3,3,0,0.1758612667713147,6.747288082099999,8.837513318400001,10.12190452138496,11.593260146700002,13.276289635417381
2016-03-17,1.9,5.100000000000071,16.8,33.300000000000004,3,0,0.1316008808389368,6.614627399999999,8.937798400000002,10.444556521875,12.2293306,14.332854071874998
2016-03-18,0.7,4.400000000000071,16.9,24.1,3,0,0.125451980178104,5.3302391799999995,7.850238720000002,9.577873043593751,11.706397540000001,14.316211368281248
2016-03-19,1.5,4.100000000000071,15.0,20.200000000000003,3,0,0.12322931241483387,5.231167425999999,7.780190976000002,9.641192087054687,12.035757786000001,15.100400799867185
2016-03-20,3.5,5.70000000000007,13.5,22.8,3,0,0.14592944891230328,7.1618171982,9.7241527808,11.695013273996484,14.3321820074,17.845380759873827
2016-03-21,3.0,8.000000000000071,13.8,25.5,3,0,0.1614952567962823,7.996323523799999,10.714897715200001,12.822636640292577,15.689756742600002,19.593869558337104
2016-03-22,2.0,8.500000000000071,14.4,27.5,3,0,0.16228808175205214,7.501384881999999,10.206845952000002,12.229868169490233,14.935274372000002,18.57847048700976
2016-03-23,1.0,6.000000000000071,13.6,28.5,3,0,0.16818946654303588,6.109731792899999,8.628605849600001,10.411015922363084,12.698354734300002,15.65586226646738
2016-03-24,0.0,3.000000000000071,11.7,28.5,3,0,0.16464863566844562,4.200543937799999,6.612974387200001,8.31780264228867,10.4870874726,13.256479417200389
2016-03-25,0.0,1.000000000000071,11.0,27.9,3,0,0.13750226562992054,2.9008342215999994,5.140055654400001,6.794508079868358,8.9502289092,11.755423731406637
2016-03-26,4.1,4.100000000000071,13.6,28.6,3,0,0.13927268106721566,6.079738410299999,8.0187709952,9.520957940074803,11.5275848261,14.189926054207223
2016-03-27,6.8,10.90000000000007,16.9,30.4,3,0,0.16051766631475703,11.002146589899999,13.0110058496,14.51875288081621,16.5123373073,19.142829566943945
2016-03-28,23.3,34.200000000000074,37.2,51.0,3,0,0.35899389784207364,30.9817293455,33.633642752,35.50312786565527,37.91702866850001,41.06657223112988
2016-03-29,0.0,30.10000000000007,35.2,49.6,3,0,0.31376668087281406,21.6448392545,26.745852928,29.88234707929589,33.602308141500004,38.11513821071581
2016-03-30,8.6,31.90000000000007,42.8,56.4,3,0,0.3608644054158124,23.652521140999998,29.620872704000007,33.31093460220898,37.621702787000004,42.713802012845704
2016-03-31,21.2,29.80000000000007,64.0,75.69999999999999,3,0,0.5050415393553075,37.672022223999996,44.574575616000004,48.923671198855466,54.013497188,59.98190109448827
2016-04-01,7.8,37.60000000000007,71.8,82.8,4,0,0.5329853359046076,34.113920506999996,43.244912128,48.9913717103457,55.714790588999996,63.5853321612871
2016-04-02,25.5,54.50000000000007,93.2,106.8,4,0,0.6918416895029169,49.351496829999995,59.988555520000006,66.94579154945312,75.29463308999999,85.30732861398437
2016-04-03,29.9,63.200000000000074,116.3,133.2,4,0,0.8633174730599704,64.44604778099999,77.890844416,86.80392281703516,97.665169781,110.94196218328514
2016-04-04,19.8,75.20000000000007,112.8,150.0,4,0,0.9534057328937147,64.91223344669999,82.11267553280001,93.58333439447986,107.69865280290001,125.19486407412087
2016-04-05,6.1,55.800000000000075,118.9,154.1,4,0,0.9663772394636971,51.42274856059999,71.34990627840001,84.83864917751093,101.5992059182,122.58029941953748
2016-04-06,0.9,26.800000000000075,111.2,154.0,4,0,0.9281112950822487,36.703840823099995,57.24978058240002,71.67410585136739,89.96827193370001,113.27987326173962
2016-04-07,0.0,7.000000000000075,90.0,154.0,4,0,0.908813257811492,25.034521245999994,43.29800601600001,56.33581635252343,72.847237086,93.66530891439841
2016-04-08,0.0,0.9000000000000746,82.2,154.0,4,0,0.8680937027537043,17.524164872199993,34.63840481280001,47.88544389964491,65.5625133774,88.98204346867848
2016-04-09,0.0,0.0,56.7,149.9,4,0,0.8031784700528835,12.023986696399996,26.787305881600012,39.00950743736796,56.007627454800016,79.38380361779451
2016-04-10,0.0,0.0,26.8,143.1,4,0,0.706985897959849,7.817943159599997,19.15351203840001,28.984343949739447,43.01488177920001,62.721390325051146
2016-04-11,0.0,0.0,7.0,119.8,4,0,0.6916422975032913,5.252229517499998,14.485291008000008,23.101072003420896,35.9937017685,54.91517268273924
2016-04-12,0.0,0.0,0.9,119.79999999999998,4,0,0.6444312191754216,2.9562487772999986,8.850191155200003,14.615613892219333,23.503031369100007,36.901622098023616
2016-04-13,0.2,0.2000000000000746,0.2,111.4,4,0,0.5317147696676326,1.4247731495999996,4.069664870400002,6.736727118598827,10.927242873200003,17.354306509894915
2016-04-14,0.3,0.5000000000000746,0.5,90.5,4,0,0.4573573213012379,0.7380402116999999,1.4297230848000007,2.128104844862695,3.230685471900001,4.9315997874802715
2016-04-15,0.0,0.5000000000000746,0.5,82.69999999999999,4,0,0.2873974393209069,0.34431824629999996,0.4887959552000001,0.6079552516548827,0.7806784401000002,1.0327244687521482
2016-04-16,0.3,0.6000000000000746,0.8,57.49999999999999,4,0,0.14399378890000264,0.5156000000000001,0.5944000000000002,0.639575,0.6888000000000002,0.7422250000000001
2016-04-17,12.8,13.100000000000076,13.6,40.4,4,0,0.15623986916050378,13.16092,13.27552,13.343638750000002,13.419920000000001,13.505113750000001
2016-04-18,4.1,17.200000000000074,17.700000000000003,24.7,4,0,0.2015613579246194,13.312643999999999,14.720416000000002,15.4420929375,16.177928,16.9298580625
2016-04-19,1.9,18.800000000000075,19.6,20.5,4,0,0.19232151818097942,11.218850799999998,13.6763328,15.025778996875,16.4601352,17.983365159374998
2016-04-20,5.0,11.000000000000076,24.4,24.6,4,0,0.21835225160154897,12.853195559999998,15.941066240000003,17.77191214734375,19.814121680000003,22.084196901406244
2016-04-21,1.7,8.600000000000074,25.8,26.3,4,0,0.21500098920801908,10.697236892,14.452852992,16.806125325242185,19.532709512,22.679987056335932
2016-04-22,2.9,9.600000000000074,28.700000000000003,29.2,4,0,0.21304567047997547,10.388065824399998,14.462282393600002,17.185206526455858,20.479438560800002,24.445987703519137
2016-04-23,0.0,4.600000000000074,28.4,29.2,4,0,0.21081871225196178,7.265996572099999,11.548351078400003,14.568050666619335,18.3617590167,23.103940930495504
2016-04-24,0.0,2.900000000000074,15.6,29.2,4,0,0.18614111927924906,5.077723342999999,9.206468608000003,12.323780745324218,16.420979583,21.769122802199213
2016-04-25,0.0,0.0,11.5,29.2,4,0,0.18614111927924906,3.5544063400999986,7.365174886400002,10.475213633525584,14.778881624700002,20.68066666208925
2016-04-26,0.0,0.0,9.6,29.2,4,0,0.18419539329375167,2.479610180599999,5.859927654400002,8.844869267194529,13.196389930200002,19.467012247213276
2016-04-27,0.0,0.0,4.6,29.0,4,0,0.1693697435012326,1.3741588076999995,3.3135525888000013,4.9981465015541,7.4136669039,10.829828812601363
2016-04-28,0.0,0.0,2.8999999999999995,28.7,4,0,0.1693697435012326,0.8460963132999996,2.210607923200001,3.4412394685240226,5.242718609100001,7.833515921093942
2016-04-29,0.0,0.0,0.0,28.7,4,0,0.16759932806393749,0.5385971219999998,1.5644753920000007,2.5509921799980466,4.0559577120000005,6.304239940486325
2016-04-30,0.0,0.0,0.0,28.4,4,0,0.09206160273934595,0.23578036089999987,0.7147094016000004,1.1839713312947262,1.9069697403000005,2.995343247270116
2016-05-01,0.0,0.0,0.0,15.6,5,0,0.06786592509631272,0.11702546029999994,0.38923141120000015,0.6716891442212889,1.1235194181000003,1.8277232882013663
2016-05-02,0.0,0.0,0.0,11.5,5,0,0.05665329399344366,0.0,0.0,0.0,0.0,0.0
2016-05-03,9.5,9.500000000000076,9.5,19.1,5,0,0.11330372191028901,9.5,9.5,9.5,9.5,9.5
2016-05-04,22.3,31.800000000000075,31.8,36.4,5,0,0.3792693007102306,28.95,29.900000000000002,30.375,30.85,31.325000000000003
2016-05-05,5.9,37.700000000000074,37.7,40.599999999999994,5,0,0.3856660231607938,26.165,29.82,31.71875,33.665,35.65875
2016-05-06,10.9,39.10000000000008,48.6,48.599999999999994,5,0,0.4458789675561042,29.2155,34.75600000000001,37.8609375,41.1985,44.7758125
2016-05-07,0.2,17.000000000000075,48.8,48.8,5,0,0.411452873464758,20.65085,28.004800000000003,32.381796875,37.278650000000006,42.737021874999996
2016-05-08,0.8,11.900000000000077,49.6,49.599999999999994,5,0,0.36819042703159527,15.255594999999998,23.203840000000007,28.324527343749995,34.350785,41.40017078125
2016-05-09,5.7,6.700000000000075,55.3,55.3,5,0,0.4105026333638552,16.378916499999995,24.263072000000008,29.775848242187497,36.61570650000001,45.030162242187494
2016-05-10,0.0,6.500000000000075,45.8,55.3,5,0,0.3586621566600165,11.465241549999998,19.410457600000004,25.309471005859372,32.95413585000001,42.77865413007812
2016-05-11,0.0,5.700000000000075,23.5,55.3,5,0,0.3586621566600165,8.025669084999997,15.528366080000005,21.513050354980464,29.658722265,40.6397214235742
2016-05-12,4.9,4.900000000000075,22.500000000000004,60.2,5,0,0.39044234775647363,10.5179683595,17.322692864000004,23.186092801733395,31.592850038500007,43.5077353523955
2016-05-13,36.8,41.700000000000074,48.4,97.0,5,0,0.5724343247254203,43.894226365099996,49.6380995584,54.637872040236516,61.921119853700006,72.44434766201113
2016-05-14,31.0,72.70000000000007,79.19999999999999,128.0,5,0,0.8086307732123784,61.0960386503,68.3160353792,73.05189201740293,78.9534786541,86.47029653389473
2016-05-15,27.4,95.20000000000007,105.8,155.39999999999998,5,0,0.9738834324909166,70.00056665829999,81.41932062720001,88.33254922918222,96.40092799210001,106.01423376569355
2016-05-16,11.7,70.10000000000008,111.8,167.1,5,0,0.9807502393363691,60.39249863939999,75.66507791360002,84.63673583749102,94.66024019580001,105.88728943971054
2016-05-17,20.5,59.60000000000008,132.29999999999998,178.1,5,0,1.0741618049059463,62.76909954259999,81.01058749440001,92.40185058099921,105.62448048820002,120.97317757987733
2016-05-18,2.3,34.50000000000008,134.6,158.1,5,0,0.9991619249688047,46.215771659899985,67.02257064960001,80.68407347037675,97.0830896873,116.74552914949274
2016-05-19,7.3,30.10000000000008,137.0,159.5,5,0,1.0169775907929142,39.490029269999994,60.30602368000001,74.75927834507812,92.68731361000002,114.79545213835935
2016-05-20,20.3,29.900000000000077,120.5,168.9,5,0,1.0519891828255818,47.94302048899999,68.54481894400001,83.84538659331639,103.71858224900001,129.35567953144135
2016-05-21,41.0,68.60000000000008,130.5,209.7,5,0,1.3179050675102233,74.56011434229998,95.83585515520002,112.26857860431893,134.3467240241,163.88789555486932
2016-05-22,0.0,61.30000000000008,103.1,208.9,5,0,1.286124876413766,52.05366716759999,76.14255063040002,94.46360723240156,119.20352726520001,152.75968977485778
2016-05-23,24.1,65.10000000000008,115.5,227.3,5,0,1.3413847629905982,59.498058101,81.06267059200002,97.14908806780272,118.55180794300001,147.18818592214257
2016-05-24,27.8,51.90000000000008,122.8,255.1,5,0,1.5054432601799455,68.57296739879999,89.32153681920002,104.27361832306991,123.6875955056,149.0679315096457
2016-05-25,28.5,80.40000000000008,149.0,283.59999999999997,5,0,1.6028161092311766,75.7270949969,97.01517685760001,111.73821689567363,130.26504669630003,153.7091427990318
2016-05-26,5.7,62.00000000000008,147.4,284.40000000000003,5,0,1.4192830422315834,58.37847045649999,82.055863552,98.37405383053611,118.85900427750002,144.71846346999118
2016-05-27,6.9,41.10000000000007,134.0,254.5,5,0,1.266437176145105,47.18585505909999,70.34352010240002,86.48202046697088,106.72519582770002,132.10843304210485
2016-05-28,127.4,140.00000000000009,220.40000000000003,350.9,5,0,1.9090979798832315,160.36512923409998,183.42785546240003,200.4569062669416,222.6507158327,251.52591642975136
2016-05-29,11.6,145.9000000000001,232.00000000000003,335.1,5,0,1.9037867335713465,123.64938353209999,157.55845283840006,180.5511871752131,209.4402916367,246.1788409518236
2016-05-30,16.3,155.3000000000001,224.2,339.70000000000005,5,0,1.8763284253479704,102.28114371699999,140.16706636800006,165.77195869081444,197.71809013900003,238.01553903769334
2016-05-31,25.5,53.40000000000008,221.9,344.70000000000005,5,0,2.0188637369955282,95.93865208099999,133.23131161600003,158.33431430922263,189.15046508100002,227.06654757703512
2016-06-01,8.7,50.500000000000085,202.1,351.1,6,0,2.00765110589266,75.8570564567,115.28504929280004,143.28416716283925,178.9354185729,224.41322019818335
2016-06-02,4.5,38.70000000000009,200.9,348.3,6,0,1.9291626881725765,56.9191741696,94.14032163840002,121.54686894380194,157.13872630920002,203.26299895262923
2016-06-03,5.5,18.700000000000085,199.50000000000003,333.5,6,0,1.7261550513627364,44.55814072649999,77.82725504000003,103.34173016155955,137.23159304350003,181.95496209417087
2016-06-04,2.1,12.100000000000083,74.2,294.6,6,0,1.7072706200315886,32.48564404889999,61.301639833600014,84.32955011361503,115.67109819630002,157.8932112211685
2016-06-05,17.9,25.500000000000085,80.5,312.5,6,0,1.675993280639375,40.478939942299995,66.32927902720002,88.45793349183066,120.0165212681,164.4857501064513
2016-06-06,29.7,49.70000000000009,93.9,318.09999999999997,6,0,1.6742228652020796,57.84035003779999,82.02254136320002,103.53081007810508,135.30898790460003,181.83017772038392
2016-06-07,49.6,97.20000000000007,118.0,339.90000000000003,6,0,1.8317898391213447,86.4895103542,101.5385622528,112.51938945338124,126.95645584540001,146.0595827753953
2016-06-08,19.1,98.40000000000008,128.4,330.5,6,0,1.9167697801115107,79.3149859591,99.08530928640002,112.45773794502168,129.3161403557,150.91125514146032
2016-06-09,6.3,75.00000000000009,130.2,331.09999999999997,6,0,1.865427732429952,61.360055515499994,83.81804825600001,98.68002446251464,117.00106774650001,139.90628027480173
2016-06-10,15.3,40.70000000000008,140.0,339.5,6,0,1.2451921908975636,57.531726975899986,79.61639695360002,94.15772348244903,111.70966074930001,132.943174310483
2016-06-11,19.7,41.30000000000008,157.6,231.8,6,0,1.2687977300614988,59.72645541649999,82.458962176,98.02125764231738,117.20519224550002,140.78700422358492
2016-06-12,38.3,73.30000000000008,178.0,258.5,6,0,1.4062999956914193,79.9814049295,103.78398592,120.73213417643652,142.21562004050003,169.353337785833
2016-06-13,67.6,125.60000000000008,215.9,309.79999999999995,6,0,1.7226160724936772,123.43162206369996,150.0366307328,169.13950482609704,193.6763266159,225.19261773073026
2016-06-14,27.8,133.70000000000007,194.1,312.09999999999997,6,0,1.8892999319179529,114.1428156423,147.6038188032,171.155142853067,201.3764692301,240.4756392717931
2016-06-15,15.7,111.10000000000008,190.7,319.1,6,0,1.8750312746909716,95.09434025389999,131.8610571776,157.657819587408,190.6974782293,233.4344660958365
2016-06-16,19.9,63.40000000000008,204.3,334.5,6,0,1.941555596233642,85.62708668819997,122.19983252480003,148.06197684037733,181.1719807354,223.8802556956648
2016-06-17,10.2,45.80000000000008,199.2,339.2,6,0,1.9858159821660197,68.73788344669998,102.63410657280002,126.28770985902088,155.9603320329,193.18889072465797
2016-06-18,12.2,42.30000000000008,191.7,349.29999999999995,6,0,1.9043768720504444,59.77699068709998,92.25643837440002,115.78425225725994,145.9045406237,184.293570648972
2016-06-19,25.3,47.70000000000009,178.7,356.7,6,0,1.7025495121988015,66.96593407409999,98.42869335040001,122.47630567132441,154.4174123887,196.60684939932162
2016-06-20,125.1,162.60000000000008,236.2,452.1,6,0,2.3465455385098366,171.5439667209,202.20012968960003,226.19268143421272,258.7408910163,302.7158317590083
2016-06-21,144.4,294.80000000000007,352.79999999999995,546.9,6,0,3.214247689981357,263.9243004641,304.0448323584,332.7853534535685,370.39783664469996,420.1849224680618
2016-06-22,59.8,329.30000000000007,396.9,587.5999999999999,6,0,3.4098201322303905,243.46513012119996,298.92343470080004,335.12726074928355,379.80366872440004,436.04405157182885
2016-06-23,86.4,290.6000000000001,463.4,667.7,6,0,3.8152452673709716,254.9160584016,318.28025303040005,357.9494619034582,404.6526393012,460.167231900723
2016-06-24,48.7,194.9000000000001,501.9,701.0999999999999,6,0,3.987565703267696,226.3559596889,300.3392001536,347.4839341772673,403.1941147363001,469.21398339485995
2016-06-25,28.4,163.50000000000009,518.1,709.8,6,0,3.8488831606795784,186.40568564129995,266.9855854592,320.6704159025279,385.8004517531,464.75311427907434
2016-06-26,22.7,99.80000000000008,515.5,694.2,6,0,3.8266565551368417,152.62185420339998,234.15172213760007,291.3520528707683,362.9817056198001,452.30059347427687
2016-06-27,44.3,95.40000000000008,434.7,670.9,6,0,3.873940437125277,150.84717318839998,230.52616104960003,289.94112601587767,367.42701496880005,467.8784470203316
2016-06-28,98.6,165.60000000000008,388.9,741.6999999999999,6,0,4.4343095209485215,203.84840142809998,281.71096381440003,342.64808938053926,425.0304365027,535.7799340106067
2016-06-29,47.4,190.30000000000007,376.5,773.4,6,0,4.577644668546828,189.37921861969997,270.05220423680004,333.66995354363803,421.10582831790003,541.2428927473454
2016-06-30,59.6,205.60000000000008,349.7,813.1,6,0,4.728779633015251,188.6316876688,262.2092531712001,318.59047252906794,394.97557262960004,498.87875701125694
2016-07-01,118.0,225.00000000000009,419.0,920.9,7,0,5.356686974775918,245.96323877259996,312.2625705984001,360.3732376629074,423.1288486162,505.4772051346722
2016-07-02,40.4,218.00000000000009,431.0,949.1,7,0,5.2416099713517355,210.88506515179998,283.78908037120004,334.94416263389604,400.3649930366,484.7988759114835
2016-07-03,10.3,168.70000000000007,418.6,934.1,7,0,4.72169797126607,155.47895945489998,228.05413493760005,277.9925897037732,340.50267650830006,419.12806056571344
2016-07-04,26.0,76.70000000000009,400.3,835.0,7,0,4.004679719161549,133.45961715579998,203.21418526720004,252.70591775681402,315.4717688246001,395.01316859651865
2016-07-05,21.6,57.90000000000009,323.3,712.2,7,0,3.7597722503357245,114.21950230189998,181.12192143360005,230.8087970100154,295.62212424330005,379.85838109232276
2016-07-06,34.3,81.90000000000009,310.2,686.7,7,0,3.474145226452112,113.61243279609997,176.76014320640004,226.0184284799787,292.44491122870005,381.5741335169954
2016-07-07,14.2,70.1000000000001,264.79999999999995,614.4999999999999,7,0,3.3165782525328473,92.47733760419999,150.85143828480003,197.59412809568784,261.95396520940005,350.1713804328855
2016-07-08,47.7,96.20000000000007,194.5,613.5,7,0,3.417491932458669,109.64893036779999,157.79405624320003,196.24319261333943,249.07887449460003,321.327349202337
2016-07-09,12.6,74.50000000000009,166.70000000000002,597.7,7,0,3.3543471151951434,88.01531857719999,133.74570874880004,170.07486695558828,220.24362898440006,289.48085082232103
2016-07-10,20.7,81.00000000000009,177.1,595.7,7,0,3.063408844999646,80.62717051999999,121.29706572800002,153.52992241354295,198.13803105600002,260.02208670259756
2016-07-11,54.6,87.90000000000009,205.7,606.0,7,0,2.8840067473537414,107.7058114258,138.9674990592,161.86925433930622,191.7801720186,230.97002353733902
2016-07-12,10.5,85.8000000000001,194.6,517.9,7,0,2.7447340662865254,84.7528679921,117.33608227840003,140.1351402530451,169.01554583670003,205.73255001524154
2016-07-13,36.2,101.3000000000001,196.50000000000003,506.7,7,0,2.4508451036955368,95.236058088,128.96291174400002,153.2870628503789,184.72260332000002,225.4789320403242
2016-07-14,130.1,176.8000000000001,312.4,577.2,7,0,2.661524540733655,196.03080501419998,230.47860065280003,255.27526890996324,287.2847035454,328.73782501811013
2016-07-15,79.5,245.8000000000001,344.20000000000005,538.7,7,0,2.940660041347185,216.1114169721,261.5635981824,292.2314914397092,330.5247788847,378.8682158796556
2016-07-16,23.2,232.80000000000007,354.8,521.5,7,0,2.9731176576975953,173.50910177639997,228.76794408960004,264.843975654866,308.7126305008,362.5881280697965
2016-07-17,7.8,110.50000000000011,341.9,519.0,7,0,2.8497787155660355,128.85525638989998,189.28964188160003,230.1217627649978,280.69013360130003,343.7566571291216
2016-07-18,27.0,58.000000000000114,314.29999999999995,520.0,7,0,2.8828264703955444,115.85127253519998,173.30996500480003,213.21258926319567,262.9891586484,325.00907227099486
2016-07-19,22.7,57.500000000000114,326.5,521.1,7,0,2.8710237008135766,103.43997196089998,159.99505730560003,201.45008337902323,254.99689443830005,323.91453322304153
2016-07-20,37.6,87.30000000000011,327.9,524.4,7,0,2.925316440890627,109.42325660719997,163.37340026880003,204.75727070231676,259.87956128440004,332.924951919655
2016-07-21,40.4,100.7000000000001,238.2,550.6,7,1,2.961905026594726,115.45396476549999,165.23608985600004,203.69433761996578,255.2537623265,323.9876674412568
2016-07-22,47.1,125.10000000000012,205.8,550.0,7,0,3.117111446597598,127.62117632439998,178.16144296960005,218.17300573139335,273.1672624728,348.60154620719095
2016-07-23,20.6,108.10000000000012,203.2,558.0,7,0,3.1365860164078443,108.91226302569999,159.24220897280003,198.92020143455017,253.82837669390003,330.0971916964021
2016-07-24,87.5,155.2000000000001,282.9,624.8,7,0,3.335462683863996,160.0635811285,200.92438604800003,230.96881121463963,270.58247396750005,323.1966563166689
2016-07-25,179.1,287.2000000000001,435.0,749.3000000000001,7,0,4.3386980983312275,288.8988285603999,331.3032613376,359.77197438735624,394.90429058280006,438.53723683138435
2016-07-26,122.3,388.9000000000001,534.6,861.1,7,0,4.66386440031443,323.87383741459996,384.85152803840003,423.538692048548,469.62452171420006,525.0196779994847
2016-07-27,24.7,326.1000000000001,521.6999999999999,849.6,7,0,4.158705862206223,251.19135549599997,331.7437038080001,383.1722678874081,444.64237771,518.7985459734512
2016-07-28,39.3,186.30000000000013,520.6,758.8,7,0,4.029598515965066,214.37126567489997,301.7958601216001,359.68081878709745,430.06382205630007,515.9927213153424
2016-07-29,37.3,101.30000000000013,510.7999999999999,716.5999999999999,7,0,4.124290513925939,186.71866715719997,276.2992941568,338.5596469904984,416.4424392604,513.901756728864
2016-07-30,44.8,121.4000000000001,535.0,738.2,7,0,4.2501773264664715,174.44096007379994,261.8021660672,325.17322233871243,406.4878859866,510.4941599770576
2016-07-31,51.7,133.80000000000013,499.2000000000001,782.0999999999999,7,0,4.423087900842294,172.66747204569998,256.80381588480003,320.14351305254036,403.45248840790003,512.4804796329743
2016-08-01,21.5,118.00000000000011,341.6,776.5999999999999,8,0,4.427218870195982,141.03677200919998,221.88572871680003,284.3492016502113,368.1844850384,480.15594581319795
2016-08-02,0.4,73.60000000000012,219.7,754.3000000000001,8,0,4.180540985932864,98.54384139349997,175.69667481600004,238.04120867326068,324.58326066850003,444.2141675742274
2016-08-03,1.2,23.100000000000115,196.2,717.9,8,0,3.9356335171070387,67.70903054669998,132.36209889280002,186.30851699245835,262.81557109290003,370.8139770121578
2016-08-04,5.0,6.600000000000113,161.89999999999998,682.5,8,0,3.7119710335287563,47.337189673099985,91.65896304640002,128.1020336261662,179.08570536170004,250.03949234395634
2016-08-05,11.9,18.100000000000115,136.5,647.3,8,0,3.591582783792688,41.58136047589999,72.09530792960001,96.70898893137087,130.4337616013,176.2119900579048
2016-08-06,10.2,27.100000000000115,101.9,636.9,8,0,2.934758656556201,38.60923846809999,65.22410403840001,87.53984280444939,118.97802797070001,162.81258815582163
2016-08-07,7.6,29.700000000000113,57.8,557.0,8,0,1.8742798096164277,33.516339199099995,55.559477862400016,74.27170229319158,100.9771624777,138.74159703596226
2016-08-08,11.4,29.20000000000011,47.7,389.2999999999999,8,0,1.5361304610930608,33.8078047606,51.84252528640001,67.1875316673039,89.2737404142,120.87162935057262
2016-08-09,18.0,37.000000000000114,65.3,285.0,8,0,1.5089840910545356,40.39997421689999,54.66365685760001,66.28942860274393,82.72557225630001,106.00463300516462
2016-08-10,31.9,61.30000000000011,96.0,292.20000000000005,8,0,1.4293153963762557,58.719584914500004,70.079680256,78.06760760791698,88.3263396775,101.64970159628221
2016-08-11,21.0,70.90000000000012,112.0,273.90000000000003,8,0,1.3148285314311716,61.4963876548,74.7551992832,83.1246667734039,92.9971192476,104.69437232284295
2016-08-12,12.9,65.80000000000011,113.0,249.5,8,0,1.1312954644315782,55.9361723484,72.6612097536,83.47721699565702,96.45793594680002,112.12015893100545
2016-08-13,16.5,50.40000000000011,119.3,221.2,8,0,0.9495142809227198,55.621423613999994,74.50011878400001,87.21938516109961,102.893728224,122.29566665736913
2016-08-14,30.6,60.000000000000114,142.3,200.1,8,0,1.1155495650184961,69.39375890529999,89.66322411520001,103.75210536523105,121.4609632011,143.78719862830877
2016-08-15,11.8,58.90000000000012,142.7,190.4,8,0,1.1212631102869055,60.03948568739999,82.25282652160001,97.64648414879179,116.96559344380002,141.27286911995662
2016-08-16,1.8,44.20000000000012,126.5,191.8,8,0,1.124803941161496,43.53951522719999,66.50704455680003,82.79139260219765,103.51251401040001,129.9021088837273
2016-08-17,5.4,19.000000000000114,100.0,196.0,8,0,1.0899857708946918,35.66297946979999,57.789591859200016,74.27643823887851,95.91130646460002,124.25660270132927
2016-08-18,8.1,15.300000000000114,87.1,199.1,8,0,1.096477294164774,32.74206384499999,53.10760780800001,68.99060429356248,90.445241601,119.31817145894527
2016-08-19,5.5,19.000000000000114,79.70000000000002,192.7,8,0,1.05811829302338,27.910989243299994,46.05335096320001,60.59827437139511,80.62450551910001,108.07499797970719
2016-08-20,2.0,15.600000000000117,65.2,184.5,8,0,1.0368733077758385,20.636596425999997,35.41744435200001,47.228239717216795,63.43921272800001,85.57153971901755
2016-08-21,5.7,13.200000000000111,40.3,182.6,8,0,0.9908425064061654,19.552419475299995,31.779097651200008,41.709641268479096,55.47304421310001,74.41948700906073
2016-08-22,41.8,49.500000000000114,70.3,213.0,8,0,1.1253940796405943,55.1223005615,65.838151168,74.7135152622119,87.2277879145,104.7748061424326
2016-08-23,8.9,56.40000000000011,77.4,203.9,8,0,1.0126776301328053,47.019526232199986,59.7988469248,69.15806030125819,81.6518148614,98.55690633787772
2016-08-24,4.0,54.70000000000011,76.0,176.0,8,0,0.9123540886860821,36.049294100599994,48.55342755840001,56.759994483243354,66.81707310819999,79.30771068028945
2016-08-25,0.0,12.900000000000114,67.9,155.0,8,0,0.8385867787987858,24.901185076599994,37.575726694400004,45.92287733953632,56.02096020420001,68.27722926326209
2016-08-26,0.4,4.400000000000114,62.8,142.5,8,0,0.6951831283778814,17.779984008799996,30.267307827200003,39.08007181079257,50.19124299160001,64.1856413094699
2016-08-27,0.0,0.4000000000001137,60.8,126.0,8,0,0.5328950466258292,12.293452171699997,23.634025676800007,32.15493925573379,43.289255115900005,57.74317977210916
2016-08-28,3.3,3.7000000000001134,58.4,98.7,8,0,0.511650061378288,11.676611568499997,21.337489664000003,29.037015692213863,39.4360342395,53.30625157567284
2016-08-29,37.0,40.30000000000011,53.6,123.9,8,0,0.7052154825225538,45.018266710999995,53.479433728000004,60.59865411450781,70.57469939500001,84.3478858310781
2016-08-30,24.3,64.60000000000011,69.0,146.4,8,0,0.8273741476959167,55.7562916479,66.8687986176,75.41510718865018,87.11987257530001,103.23301766104746
2016-08-31,73.0,134.30000000000013,138.0,214.0,8,0,1.3738712708354002,111.86839326159999,125.88300605440001,135.98065700561054,149.42041820920002,167.6585662243363
2016-09-01,41.8,139.1000000000001,179.8,247.7,9,0,1.6156231725644021,118.92712874229998,138.01816401920001,149.15420835332674,161.7036175921,176.04843385295527
2016-09-02,101.7,216.5000000000001,281.1,343.9,9,0,2.342246070666184,184.697587148,211.158900992,226.7288949016953,244.130017716,263.6172534010859
2016-09-03,118.5,262.0000000000001,399.6,460.4,9,1,3.073445558257097,247.675320904,286.99762406400004,310.4320630490781,336.822302184,366.5414429740781
2016-09-04,9.8,230.0000000000001,406.1,464.5,9,1,3.014559121321186,183.17272463279997,239.39809925120005,273.6672535917164,312.94007196560005,358.01437082537416
2016-09-05,10.4,138.7000000000001,379.5,433.1,9,0,2.8171021584373066,138.60960823299996,201.87552972800003,242.9384157912226,291.90659339300004,350.2741575084101
2016-09-06,11.8,32.000000000000114,367.0,436.00000000000006,9,0,2.799251117802226,108.82672576309999,173.30042378240006,218.2976534225392,274.5159340537,344.5604496329896
2016-09-07,23.6,45.80000000000011,317.59999999999997,455.6,9,1,2.930911909487549,99.68549120199998,161.88600422400003,208.50331987483395,269.5137017960001,348.9565952518534
2016-09-08,36.0,71.40000000000012,311.8,491.6,9,1,2.9244261562025575,104.73468542009998,161.53595863040005,205.94346893300212,265.66122933270003,345.3554987374407
2016-09-09,10.6,70.2000000000001,220.7,501.8,9,0,2.961314888115628,83.22786493899997,137.21957427200005,180.86790056757224,241.222220305,324.1384161770761
2016-09-10,91.5,138.1000000000001,193.7,593.3,9,0,3.4694241186193264,147.69743613959997,193.43734410240003,230.86588396556363,283.14647214720003,355.72369880382064
2016-09-11,74.7,176.80000000000013,258.6,664.7,9,0,3.6954471561140014,176.90745875689998,224.96163445760004,262.7066512692869,314.95706613630006,387.6103098034654
2016-09-12,118.2,284.4000000000001,366.4,745.9000000000001,9,0,3.996417780454172,239.16244784749998,287.24935321600003,321.47852665744233,366.2007621645,425.538247592749
2016-09-13,25.0,217.90000000000012,379.6,746.6,9,0,3.9303222707951537,189.0663817926,242.07564195840004,274.9271307444504,313.2622907962001,358.3110079133636
2016-09-14,10.4,153.6000000000001,366.4,684.0,9,0,3.6871852174066246,142.4696415108,203.00824657920003,242.1586919702437,288.9190130036,344.9278355131594
2016-09-15,14.4,49.80000000000011,344.8,656.6,9,0,3.0657693989160397,113.83497479859999,175.68990576640005,218.18739436956366,270.80085592620003,335.85457956942224
2016-09-16,39.3,64.10000000000011,373.5,594.1999999999999,9,0,2.87772873255062,118.65116156519998,178.58490926080003,222.43616724290857,278.9063647404,351.29675470793825
2016-09-17,84.0,137.7000000000001,366.0,559.6999999999999,9,0,3.2694682309640917,166.38917150799998,224.33389670400004,268.4245062140312,326.7869170800001,403.60172520651554
2016-09-18,40.3,163.60000000000008,331.59999999999997,590.2,9,0,3.4180820709377677,155.75550915919996,215.90164679680004,261.37335172566054,321.85580152840004,402.16710913360816
2016-09-19,103.1,227.4000000000001,316.5,682.9000000000001,9,0,3.92442088600417,211.82943264749997,274.68315110400005,323.18048028079977,389.0742299105,478.8121421210009
2016-09-20,28.7,172.10000000000008,320.2,699.8,9,0,3.9734023797693343,174.39595432489995,238.62178319360004,285.38940024150367,346.96272965030005,428.78710507463916
2016-09-21,50.3,182.10000000000008,360.1,726.5,9,0,4.061333013154993,170.26707791739997,233.17657512960005,278.1744722010261,336.5201772098,412.9221004598003
2016-09-22,15.4,94.4000000000001,361.1,705.9,9,0,4.012351519389828,131.24809709899998,189.24963174400003,228.5777467777988,277.05436786900003,336.9052892188339
2016-09-23,20.1,85.8000000000001,341.9,715.4000000000001,9,0,3.631712200371378,111.26747984679999,168.81535083520004,209.46922465261088,260.7319700796,325.1916012769327
2016-09-24,9.2,44.7000000000001,267.1,633.1,9,0,3.2428109426455514,86.79346163379998,143.13558917120002,185.20134714957575,240.23251729460003,311.90515704500694
2016-09-25,6.4,35.7000000000001,233.2,564.8,9,0,2.57354690348453,66.74865878509999,119.36228311040004,160.98615365463297,217.58829602770004,294.08808726772395
2016-09-26,14.7,30.300000000000097,144.8,461.3,9,0,2.5635615532033253,60.31393342099999,105.97002112000003,143.80106651584762,196.82640372900005,270.55332119226944
2016-09-27,6.0,27.1000000000001,122.1,442.3,9,0,2.5246124135828327,45.84696130309999,81.75658557440002,111.69345657384977,153.85477438770002,212.73175223663213
2016-09-28,2.8,23.5000000000001,74.6,434.7,9,0,2.447304272820946,33.75449765869999,63.87808890880002,89.80539959284118,127.21755581290002,180.76606597349388
2016-09-29,0.3,9.1000000000001,59.5,420.6,9,0,2.1516448947926623,21.015828543899993,40.33219292160001,56.33683856638651,78.84705305730002,110.29798423934236
2016-09-30,3.1,6.200000000000099,42.5,384.4,9,0,1.7249747744045398,17.0003760161,32.28411530240001,45.336017376849796,64.05527652070002,90.69933487123376
2016-10-01,4.9,8.3000000000001,38.2,305.29999999999995,10,0,1.4582321818520758,15.379412708799997,25.32637086720001,33.53283223198398,45.01122333160001,60.94790008398163
2016-10-02,2.9,10.900000000000098,34.699999999999996,267.90000000000003,10,0,0.9170751965188692,13.230577012699998,21.507534284800006,28.371041570339255,38.0404530209,51.57995621551151
2016-10-03,7.9,15.7000000000001,27.9,172.7,10,0,0.8320952555287038,16.593628658399997,22.9478063616,28.05820980753984,35.1279710728,44.86634592604452
2016-10-04,8.5,19.300000000000097,30.4,152.5,10,0,0.5930891714938632,19.855662831799997,25.870402611200003,30.538233816474218,36.907332316600005,45.61464878874921
2016-10-05,40.1,56.5000000000001,67.7,142.3,10,0,0.7400336527893577,53.81817982290001,60.1091273216,64.79750255622245,71.0850570683,79.60199993818613
2016-10-06,20.3,68.90000000000009,87.7,147.2,10,0,0.75006600693403,57.557487259999995,66.80890137600002,72.48382342898047,79.150978292,87.12046693447266
2016-10-07,5.0,65.40000000000009,89.6,132.1,10,0,0.7223294984164066,45.12075593259999,57.80287600640001,65.43000348858905,74.1438098222,84.17202195231874
2016-10-08,54.7,80.0000000000001,139.4,177.6,10,0,1.1018531687960518,86.2054360831,100.64165309440003,109.76425463314666,120.45312920770002,132.98695742483534
2016-10-09,87.9,147.6000000000001,224.4,259.1,10,0,1.7537335590301164,148.2353310007,168.38111022080002,181.14055411687247,196.2032127549,214.05798847182206
2016-10-10,1.0,143.6000000000001,217.5,245.4,10,0,1.6145447153099184,104.67716437329997,135.37202821120002,154.35916034588533,176.5019883151,202.49900453659194
2016-10-11,0.8,89.7000000000001,209.8,240.2,10,0,1.5573861207909008,73.93560218929998,108.57148907520002,131.04060171273298,157.9432651271,190.2402433074943
2016-10-12,6.5,8.3000000000001,176.20000000000002,243.9,10,0,1.5092347894174651,58.17300371029999,93.04580613120001,117.31357568323494,147.6377711381,185.49189401832828
2016-10-13,6.4,13.7000000000001,162.29999999999998,250.0,10,0,1.4995061594899783,46.89794715049999,79.98838886400002,104.56123153645798,136.5194343475,177.88727749742867
2016-10-14,24.5,37.4000000000001,181.8,271.40000000000003,10,0,1.6032782120498386,57.08845904369999,87.57803054080001,111.70361436909315,144.40372417190002,188.40364963903102
2016-10-15,61.9,92.8000000000001,189.0,328.4,10,0,1.8919839639893785,100.72919558209999,127.65671971840001,148.9534085996662,177.8813463067,216.87411589362046
2016-10-16,14.8,101.20000000000007,115.9,340.3,10,0,1.9551287812529043,84.73701215199999,114.74567987200001,137.41384690159958,167.81503934200003,208.67605023240034
2016-10-17,4.3,81.0000000000001,119.2,336.70000000000005,10,0,1.867198147867247,63.47467088189999,95.55967298560002,120.11739784465605,153.5901432073,199.54856302458842
2016-10-18,1.4,20.5000000000001,119.8,329.6,10,0,1.6783538345557683,44.287130005299986,71.97437061120002,92.7307582505201,120.55841821310003,158.22022429701968
2016-10-19,0.0,5.700000000000099,113.3,289.5,10,0,1.5833415394209303,28.518033564999996,48.14130585600002,61.51588437139257,77.85374150700001,97.68023612311521
2016-10-20,0.0,1.4000000000000994,106.9,269.2,10,0,1.5514740615496185,19.934375970599994,38.40567050240001,52.09162731134296,69.71968891620001,92.19748737772107
2016-10-21,0.0,0.0,82.39999999999999,264.2,10,0,1.0628394008561668,13.931465159499995,30.638637056000015,44.12038369116894,62.46877727250001,87.10862345744431
2016-10-22,0.1,0.1000000000000994,20.6,209.6,10,0,0.7354844225180085,9.668416699799996,23.912977459200008,36.3226425092789,54.05548968460001,78.96140217952262
2016-10-23,5.7,5.800000000000099,11.5,127.4,10,0,0.7459350375803415,12.287107530499998,24.14318720000001,35.31424994510644,52.11839869950001,76.88141565942087
2016-10-24,12.0,17.8000000000001,19.2,138.4,10,0,0.8120305472393591,19.908910911299998,28.683882291200007,37.19368954699277,50.36393704710001,70.36828986510955
2016-10-25,4.2,21.900000000000095,22.0,141.79999999999998,10,0,0.793146115908211,16.3877158466,20.500643942400004,23.62811048625312,27.9443479002,33.98805883299843
2016-10-26,0.2,16.400000000000098,22.2,135.49999999999997,10,0,0.7618687765159975,11.253337724099998,15.011377254400005,17.37015272907246,20.189472196700002,23.627349190620507
2016-10-27,0.0,4.4000000000001,22.2,129.1,10,0,0.5476485086032886,7.755872049799999,11.547392819200002,13.918069881046483,16.671207684600002,19.871412892364454
2016-10-28,0.0,0.2000000000000995,22.2,104.6,10,0,0.23959622251393872,5.389563899999999,9.087590400000002,11.554735232812497,14.515937100000002,18.039610532812496
2016-10-29,0.0,0.0,22.1,42.7,10,0,0.1646486356684456,3.772694729999999,7.2700723200000015,9.821524947890623,13.064343390000001,17.13763000617187
2016-10-30,0.0,0.0,16.4,27.9,10,0,0.14398372292680595,2.640886310999999,5.816057856000002,8.34829620570703,11.757909051000002,16.28074850586328
2016-10-31,0.0,0.0,4.4,23.6,10,0,0.14398372292680595,1.8486204176999994,4.652846284800002,7.0960517748509755,10.582118145900003,15.466711080570112
2016-11-01,0.0,0.0,0.2,22.2,11,0,0.1433351475983068,1.2912095398999996,3.7115396096000017,6.011956568189257,9.489038487300002,14.63350183261777
2016-11-02,0.0,0.0,0.0,22.2,11,0,0.1310107423598384,0.7428357859999996,2.3571988480000012,3.9879789782187496,6.552667530000001,10.489026187328122
2016-11-03,0.0,0.0,0.0,22.2,11,0,0.1310107423598384,0.18101475139999992,0.5972688896000002,1.0272892793972654,1.7132594958000005,2.7797316071011706
2016-11-04,0.0,0.0,0.0,22.2,11,0,0.11861783429877262,0.008070721399999996,0.026843545600000015,0.04632338925664062,0.07748409780000003,0.1260498819449218
2016-11-05,0.0,0.0,0.0,22.1,11,0,0.09678271057213286,0.0,0.0,0.0,0.0,0.0
2016-11-06,2.1,2.1000000000000996,2.1,18.5,11,0,0.030097062434016896,2.1,2.1,2.1,2.1,2.1
2016-11-07,1.3,3.4000000000001,3.4000000000000004,7.800000000000001,11,0,0.04055080573631396,2.77,2.9800000000000004,3.085,3.1900000000000004,3.295
2016-11-08,0.0,3.4000000000001,3.4000000000000004,3.6000000000000005,11,0,0.03478155116038995,1.9389999999999998,2.3840000000000003,2.62225,2.8710000000000004,3.13025
2016-11-09,0.0,1.3000000000000995,3.4000000000000004,3.4000000000000004,11,0,0.031193178800221346,1.3572999999999997,1.9072000000000005,2.2289125,2.5839000000000003,2.9737374999999995
2016-11-10,0.0,0.0,3.4000000000000004,3.4000000000000004,11,0,0.028666798561069268,0.9501099999999998,1.5257600000000004,1.8945756249999999,2.3255100000000004,2.8250506249999994
2016-11-11,0.0,0.0,3.4000000000000004,3.4000000000000004,11,0,0.025238859917488393,0.6650769999999999,1.2206080000000004,1.6103892812499998,2.0929590000000005,2.6837980937499997
2016-11-12,0.0,0.0,3.4000000000000004,3.4000000000000004,11,0,0.025238859917488393,0.46555389999999985,0.9764864000000004,1.3688308890624998,1.8836631000000004,2.5496081890624995
2016-11-13,0.6,0.6000000000000995,1.9,4.0,11,0,0.025943013139965075,0.9258877299999998,1.3811891200000004,1.7635062557031247,2.29529679,3.022127779609374
2016-11-14,0.0,0.6000000000000995,0.6,4.0,11,0,0.025943013139965075,0.6481214109999999,1.1049512960000003,1.4989803173476561,2.0657671110000004,2.8710213906289055
2016-11-15,0.0,0.6000000000000995,0.6,4.0,11,0,0.025943013139965075,0.4536849876999999,0.8839610368000004,1.2741332697455077,1.8591903999000003,2.72747032109746
2016-11-16,0.0,0.0,0.6,4.0,11,0,0.023605539163934812,0.2582596890999999,0.48168304640000015,0.669577030168164,0.9410466357000002,1.3337492326419917
2016-11-17,0.0,0.0,0.6,4.0,11,0,0.023605539163934812,0.14405999999999997,0.24576000000000003,0.31320374999999995,0.39366,0.4887037499999999
2016-11-18,0.0,0.0,0.6,4.0,11,0,0.023605539163934812,0.10084199999999996,0.19660800000000003,0.26622318749999996,0.35429400000000005,0.4642685624999998
2016-11-19,8.4,8.4000000000001,9.0,12.4,11,0,0.1001843435838345,8.4705894,8.5572864,8.626289709375,8.7188646,8.841055134375
2016-11-20,1.6,10.0000000000001,10.0,11.9,11,0,0.11926707569504108,7.529412580000001,8.44582912,8.932346252968749,9.44697814,9.999002377656248
2016-11-21,0.0,10.0000000000001,10.0,10.6,11,0,0.10229867988349972,5.270588806,6.756663296000002,7.592494315023438,8.502280326000001,9.499052258773437
2016-11-22,0.0,1.6000000000000996,10.0,10.6,11,0,0.09174464353006266,3.6894121641999993,5.405330636800001,6.453620167769921,7.652052293400001,9.024099645834765
2016-11-23,0.3,0.3000000000000994,10.3,10.9,11,0,0.08684353681735678,2.86564,4.559840000000001,5.667452499999999,6.977640000000001,8.5136525
2016-11-24,0.1,0.4000000000000995,10.4,11.0,11,0,0.07720121857114096,2.1059479999999997,3.747872000000001,4.917334625,6.379876000000001,8.187969874999999
2016-11-25,0.0,0.4000000000000995,10.4,11.0,11,0,0.07720121857114096,1.4741635999999996,2.998297600000001,4.179734431249999,5.741888400000001,7.778571381249998
2016-11-26,0.7,0.8000000000000995,2.7,11.7,11,0,0.07199186146340299,1.7319145199999997,3.098638080000001,4.252774266562499,5.867699560000001,8.089642812187497
2016-11-27,2.3,3.0000000000000995,3.4,13.4,11,0,0.08690909401888289,3.5123401639999994,4.778910464000001,5.914858126578125,7.580929604000001,9.985160671578122
2016-11-28,0.2,3.2000000000000997,3.6,13.6,11,0,0.08820624467588113,2.6586381147999996,4.0231283712,5.227629407591406,7.022836643600001,9.685902637999215
2016-11-29,0.1,2.600000000000099,3.7,13.7,11,0,0.08084897163647682,1.7237674711999997,2.416559564800001,2.8897399999906246,3.4916540824000006,4.272217216496874
2016-11-30,0.0,0.3000000000000995,3.4,13.7,11,0,0.08084897163647682,1.1614411899999997,1.7614489600000005,2.1412799530468747,2.5846031700000003,3.1006272528906242
2016-12-01,2.3,2.4000000000000994,5.6,16.0,12,0,0.07907855619918172,3.1130088329999994,3.7091591680000002,4.120087960089843,4.626142853,5.245595890246093
2016-12-02,46.2,48.5000000000001,51.8,62.2,12,0,0.5784453171209493,48.3791061831,49.1673273344,49.70207476607637,50.36352856770001,51.18331609573379
2016-12-03,25.0,73.5000000000001,76.1,78.80000000000001,12,0,0.8491815789486925,58.85690007070001,64.3016496128,67.1877012298627,70.22257217890001,73.44452920917558
2016-12-04,0.0,71.2000000000001,73.80000000000001,77.19999999999999,12,0,0.7283666007705177,41.19700529699999,51.43058227200001,57.08985860494922,63.165447117000014,69.71242905479298
2016-12-05,0.0,25.0000000000001,73.6,77.19999999999999,12,0,0.6532218619340457,28.837903707899994,41.14446581760001,48.52637981420683,56.84890240530001,66.22680760205331
2016-12-06,0.1,0.1000000000000994,73.60000000000001,77.3,12,0,0.6011596286483043,20.266759328099994,32.94041072640001,41.209610759037304,51.019937256700004,62.59635136448378
2016-12-07,0.0,0.1000000000000994,73.60000000000001,77.0,12,0,0.5463470852726897,14.121762222399997,26.105367961600006,34.57535801519804,45.1159831188,58.08943883601131
2016-12-08,0.0,0.1000000000000994,71.30000000000001,76.9,12,0,0.5292737388579182,9.879584050699997,20.862819532800007,29.349679432050195,40.534649118900006,55.06521950636308
2016-12-09,0.0,0.0,25.1,76.9,12,0,0.4773514417753565,6.912884082999997,16.679518208000008,24.92754007680859,36.44631636300001,52.252084837121075
2016-12-10,0.2,0.2000000000000995,0.3,76.4,12,0,0.47864859243235475,5.039018858099999,13.543614566400006,21.3884090652873,33.001684726700006,49.839480595265016
2016-12-11,1.1,1.3000000000000995,1.4,75.2,12,0,0.47086568849036525,4.562343893399998,11.687931033600005,18.827336575510543,29.99955584180001,47.0704116052535
2016-12-12,0.0,1.3000000000000995,1.4,75.0,12,0,0.44201372084468016,1.8886050749999996,4.389657600000001,6.907638608642577,10.890656325000002,17.05524443217773
2016-12-13,0.0,1.1000000000000996,1.3,74.9,12,0,0.4414235823655818,0.61583543,0.8273715200000002,0.9496327088281249,1.08462969,1.234058729609375
2016-12-14,0.0,0.0,1.3,74.9,12,0,0.3871308422885316,0.4310848009999999,0.6618972160000002,0.8071878025039062,0.9761667210000002,1.1723557931289061
2016-12-15,0.2,0.2000000000000995,1.5,72.8,12,0,0.054292740077050115,0.5017593606999999,0.7295177728000002,0.8861096321283203,1.0785500489,1.3137380034724608
2016-12-16,5.1,5.300000000000099,6.6,31.7,12,0,0.06321155011837176,5.4484068,5.6728768,5.833505746875,6.0358272,6.288177409374999
2016-12-17,0.0,5.300000000000099,6.3999999999999995,6.7,12,0,0.060826208604470945,3.8138847599999997,4.53830144,4.95847988484375,5.43224448,5.97376853890625
2016-12-18,0.0,5.100000000000099,5.3,6.7,12,0,0.05217232674058489,2.6697193319999997,3.6306411520000004,4.214707902117187,4.889020032,5.675080111960937
2016-12-19,0.0,0.0,5.3,6.7,12,0,0.04678976820033198,1.8688035323999994,2.9045129216000003,3.582501716799609,4.400118028800001,5.3913261063628894
2016-12-20,0.0,0.0,5.3,6.6000000000000005,12,0,0.04300019784160387,1.3025129676999998,2.3021355008000004,3.0057515784115227,3.8903705379,5.002012413197069
2016-12-21,0.0,0.0,5.3,6.6000000000000005,12,0,0.03934292869490838,0.8806867999999997,1.7235968000000002,2.3383269968749993,3.1177872,4.093301159374999
2016-12-22,0.3,0.3000000000000994,5.3999999999999995,6.9,12,0,0.04008524810424627,0.9164807599999998,1.6788774400000006,2.28757794734375,3.10600848,4.188636101406249
2016-12-23,0.1,0.4000000000000995,0.4,7.000000000000001,12,0,0.03696879372445021,0.7415365319999998,1.4431019520000004,2.044441255242187,2.8954076320000004,4.079204296335936
2016-12-24,3.8,4.2000000000001,4.2,10.6,12,0,0.06161465620741698,4.319075572399999,4.954481561600001,5.5377750669558585,6.4058668688000004,7.675244081519137
2016-12-25,4.7,8.6000000000001,8.899999999999999,14.2,12,0,0.10137701434078492,7.7177033957,8.642110412800001,9.367733926044338,10.395544493900001,11.871734489595507
2016-12-26,0.0,8.5000000000001,8.899999999999999,14.2,12,0,0.08695387790097477,5.25833,6.36608,6.958514375,7.57773,8.224589374999999
2016-12-27,1.7,6.400000000000099,10.6,15.9,12,0,0.09383201817664101,5.380831,6.792864000000002,7.614737218749999,8.519957000000002,9.513359906249999
2016-12-28,2.4,4.100000000000099,13.0,18.3,12,0,0.10623578290278593,6.1665817,7.834291200000001,8.8725266359375,10.0679613,11.437691910937499
2016-12-29,0.6,4.700000000000099,13.3,18.700000000000003,12,0,0.09872848144193987,4.916607189999999,6.86743296,8.141647640546875,9.66116517,11.465807315390624
2016-12-30,0.2,3.2000000000000988,13.4,13.8,12,0,0.09947080085127775,3.6416250329999995,5.693946368000001,7.1204004944648425,8.895048653,11.092516949621093
2016-12-31,0.0,0.8000000000000995,9.6,13.8,12,0,0.08950339533287938,2.5491375230999993,4.555157094400001,6.052340420295116,8.0055437877,10.537891102140037
2017-01-01,3.9,4.100000000000099,8.799999999999999,17.7,1,0,0.1128521071588479,5.675922008699999,7.511913420800001,8.985427035948632,11.000385876900001,13.731375465261522
2017-01-02,1.3,5.2000000000001,10.099999999999998,19.0,1,0,0.1206350111008374,5.270320653599999,7.2987933184000005,8.917925540122265,11.1654794452,14.284932998074606
2017-01-03,0.9,6.100000000000099,9.3,19.9,1,0,0.11684741886147748,4.4818838629,6.331012761600002,7.732113972609179,9.6239534283,12.195485979065037
2017-01-04,7.3,9.5000000000001,14.2,27.2,1,0,0.15874725087746186,10.304555337,11.860151552000001,12.946987176316405,14.322769417,16.071648065691406
2017-01-05,2.7,10.900000000000098,16.299999999999997,29.6,1,0,0.1705500204594293,9.9131887359,12.188121241600001,13.704939099868943,15.590492475300001,17.968065662406836
2017-01-06,0.1,10.1000000000001,16.2,29.6,1,0,0.14871489673278954,6.991211322799999,9.667960883200003,11.414511747509374,13.5386898796,16.151809582581247
2017-01-07,30.5,33.3000000000001,46.7,56.3,1,0,0.3724832527320542,35.32605386619999,37.97667066880001,39.729836414965234,41.847992635400004,44.40725044928008
2017-01-08,5.4,36.0000000000001,48.2,57.0,1,0,0.42816880174519745,30.111289191399994,35.7169120256,39.052236310116015,42.8539863078,47.22764576327304
2017-01-09,2.7,38.600000000000094,49.599999999999994,59.7,1,0,0.3948729043503087,23.772252929,31.252054784000002,35.85502598273047,41.198851989000005,47.44651608726172
2017-01-10,9.3,17.400000000000098,58.0,67.30000000000001,1,0,0.43945684250899986,25.940577050299996,34.30164382720001,39.7767720853209,46.37896679010001,54.37419028289863
2017-01-11,19.9,31.900000000000095,70.6,84.8,1,0,0.5716496889530859,37.9482385881,46.92255575040001,52.942446095593944,60.2812241947,69.22040670572402
2017-01-12,1.4,30.600000000000097,69.3,85.60000000000001,1,0,0.5201574134562987,27.927045229299996,38.79845816320001,46.14514245561191,55.1998198031,66.38102834942791
2017-01-13,4.7,26.0000000000001,73.9,90.1,1,0,0.5485740435007035,24.223508888099996,35.642129766400004,43.74618412336347,54.06602722670001,67.22311368664198
2017-01-14,0.7,6.800000000000099,44.1,90.8,1,0,0.5092895074618945,17.450249289899997,28.429872281600005,36.447073353171675,46.8140718913,60.19117834586971
2017-01-15,0.4,5.800000000000099,39.1,87.3,1,0,0.5075190920245993,12.538906185699997,22.853987532800005,30.84845145847597,41.5912329139,55.9650296926326
2017-01-16,2.8,3.9000000000000985,39.2,88.8,1,0,0.5187317231274684,11.574409577499997,21.072452608000006,29.001496299270503,40.1972417785,55.90690451407713
2017-01-17,12.0,15.2000000000001,41.9,99.9,1,0,0.5464682316450918,19.240537194799998,25.583049523200007,30.646602521987887,37.54282517760001,46.850082641602725
2017-01-18,16.9,31.700000000000095,38.9,109.5,1,0,0.6302678956770607,30.2158394019,36.786619033600005,41.8864903602498,48.80567908330001,58.17439903763534
2017-01-19,3.1,32.00000000000009,40.6,109.9,1,0,0.6479720500500118,24.174819264099995,32.23938493440001,38.17195591449237,46.083679386700005,56.74908934980994
2017-01-20,0.0,20.000000000000096,35.9,109.8,1,0,0.46384884457132,16.659671503299997,24.792928051200008,30.6152305669498,38.23260195510001,48.34338134740253
2017-01-21,0.0,3.100000000000096,35.2,79.3,1,0,0.43493205909549976,11.099644306799998,17.697596211200004,22.10514533552695,27.470640801600002,34.01134718918867
2017-01-22,0.2,0.2000000000000959,34.99999999999999,74.10000000000001,1,0,0.4107363814524665,7.930204479899999,14.207753113600003,18.713749369120894,24.435426905300005,31.672548114795497
2017-01-23,0.0,0.2000000000000959,32.199999999999996,71.4,1,0,0.3399197639606619,5.418379768899998,10.861543833600003,14.981377263351364,20.3530955463,27.274857094635344
2017-01-24,0.0,0.2000000000000959,20.2,62.099999999999994,1,0,0.24903843817951274,3.7730925707999985,8.614073139200002,12.596358590810153,18.073711083600003,25.49199838243671
2017-01-25,0.0,0.0,3.3000000000000003,42.2,1,0,0.24077649947213553,2.6298657895999984,6.848308838400002,10.628155040452341,16.1268685992,23.97790368761952
2017-01-26,0.0,0.0,0.2,40.8,1,0,0.20890902160082342,1.761812982999999,5.177999360000003,8.482683452230466,13.537882107000001,21.102545073371083
2017-01-27,17.8,17.800000000000097,18.0,53.9,1,0,0.31395367088033355,18.694298789300003,20.653909299200002,22.647788082307226,25.7999526151,30.662574548841988
2017-01-28,0.2,18.000000000000096,18.2,53.400000000000006,1,0,0.3127733939221368,12.808625981699999,14.908503756800004,16.123442436602932,17.527291715900002,19.21079154827129
2017-01-29,0.6,18.600000000000097,18.6,53.599999999999994,1,0,0.29979034738197263,9.47847086,12.193943040000002,13.69461541765625,15.293659380000003,16.99416745921875
2017-01-30,3.2,4.000000000000096,21.8,54.0,1,0,0.247858161221316,9.834929601999999,12.955154432000002,14.840423105007812,16.964293442000002,19.34445908625781
2017-01-31,13.1,16.900000000000095,34.9,55.1,1,0,0.29425625581803394,19.984450721400002,23.464123545600003,25.71435963925664,28.367864097800002,31.47723613194492
2017-02-01,8.8,25.100000000000097,43.7,47.0,2,0,0.32439358188065953,22.783465999999997,27.549824,30.6178308125,34.261342,38.58362693749999
2017-02-02,7.0,28.900000000000095,50.7,50.9,2,0,0.3763559405343121,22.9484262,29.039859200000006,33.025156190625,37.835207800000006,43.654445590624995
2017-02-03,0.0,15.800000000000098,32.900000000000006,50.9,2,0,0.3288276915490567,16.063898339999998,23.231887360000005,28.071382762031245,34.05168702,41.47172331109374
2017-02-04,0.0,7.000000000000098,32.7,50.9,2,0,0.3288276915490567,11.244728837999997,18.585509888000004,23.86067534772656,30.646518318000005,39.39813714553905
2017-02-05,0.0,0.0,32.1,50.7,2,0,0.3288276915490567,7.871310186599997,14.868407910400006,20.281574045567574,27.581866486200006,37.4282302882621
2017-02-06,2.8,2.8000000000000975,31.7,53.50000000000001,2,0,0.3157240863176287,7.8071111873999985,12.783465881600003,16.534973541467576,21.4172036038,27.699301255405853
2017-02-07,0.0,2.8000000000000975,18.6,53.50000000000001,2,0,0.3157240863176287,5.4593283262,10.205297868800002,14.015352629379295,19.205747555400002,26.194588804787884
2017-02-08,0.0,2.8000000000000975,9.8,53.50000000000001,2,0,0.29565937802828407,3.8045813133999986,8.099813785600002,11.794925092367967,17.075965735800004,24.52561720100546
2017-02-09,11.9,11.900000000000098,14.7,65.4,2,0,0.2827788432256188,14.4728148397,18.036253644800002,21.29568823462246,26.1525981539,33.283378135392375
2017-02-10,4.7,16.600000000000097,19.4,52.3,2,0,0.3074621476102514,14.4609278116,17.7224011264,20.222280302565622,23.669650773200004,28.475755324599994
2017-02-11,0.2,16.800000000000097,19.6,52.3,2,0,0.305101593693858,10.074071249,13.433028096000001,15.65644349898242,18.434315423,21.983082493072263
2017-02-12,6.2,11.100000000000096,25.8,57.900000000000006,2,0,0.3216254711086124,13.0541172,16.194803200000003,18.129856143749997,20.350134800000003,22.89276979375
2017-02-13,6.0,12.400000000000098,29.0,60.7,2,0,0.2602510692823818,15.13788204,18.95584256,21.410377722187498,24.315121320000003,27.748131304062497
2017-02-14,1.0,13.2000000000001,30.0,48.6,2,0,0.2226958228013681,11.596517427999999,16.164674048000002,19.198821063859373,22.883609188,27.36072473885937
2017-02-15,0.1,7.100000000000097,30.1,39.900000000000006,2,0,0.223438142210706,8.2175621996,13.031739238400004,16.418997904280467,20.6952482692,26.092688501916403
2017-02-16,0.7,1.8000000000000975,18.9,33.6,2,0,0.19976120117773072,6.373200469999999,10.824743680000001,14.104899886484372,18.349423810000005,23.81159064695312
2017-02-17,1.8,2.600000000000098,16.0,35.400000000000006,2,0,0.211435557090715,6.261240328999999,10.459794944000002,13.789164903511717,18.314481429000004,24.421011114605463
2017-02-18,4.8,7.3000000000000975,20.6,40.2,2,0,0.242567172858673,9.182868230299999,13.167835955200003,16.52079016798496,21.283033286100004,27.999960558875188
2017-02-19,6.3,12.900000000000098,20.7,46.5,2,0,0.2578905153659882,12.391862214899998,15.556515993600003,17.999866231132614,21.305456520300005,25.774992953994722
2017-02-20,14.5,25.600000000000097,29.2,58.2,2,0,0.3434605948352521,23.0415401834,26.4405541376,28.874576596061328,32.036122199800005,36.172179691874604
2017-02-21,17.9,38.700000000000095,46.099999999999994,76.1,2,0,0.4490953825938606,34.023428623399994,39.0309684736,42.40401522578398,46.662774291800005,52.143823319433196
2017-02-22,22.6,55.0000000000001,68.6,98.7,2,0,0.5626427393592481,46.241265381999995,53.159054848000004,57.422791635003904,62.434690534,68.42446313018358
2017-02-23,0.7,41.2000000000001,68.6,87.50000000000001,2,0,0.5227475031724385,32.899400618,42.58299878400001,48.32812646370898,54.79915084,62.11081833824413
2017-02-24,0.0,23.3000000000001,66.8,82.80000000000001,2,0,0.49586936543771293,23.001332907699997,33.95902484480001,40.882033089811905,48.970557315899995,58.40654048209355
2017-02-25,0.7,1.4000000000000994,62.7,83.3,2,0,0.4654342696548593,16.798108282899996,27.856482457600006,35.43004068590605,44.7386337403,56.12633976406503
2017-02-26,7.8,8.5000000000001,64.19999999999999,84.9,2,0,0.5000515782728259,19.538902530599994,30.010024038400005,37.777722499981635,47.82069545820001,60.70090691839491
2017-02-27,0.2,8.700000000000099,49.9,79.1,2,0,0.48967437301683986,13.826386226599997,24.014745702400006,31.956690197171092,42.61100472020001,56.78813508184608
2017-02-28,0.5,8.5000000000001,32.5,78.6,2,0,0.46325870609222153,10.042882239099997,19.196400486400005,26.718189526759957,37.1762477357,51.57479101940955
2017-03-01,22.9,23.600000000000097,32.8,101.4,3,0,0.5895483406192731,29.752058160499992,37.580663040000005,44.37015235039941,54.1619487895,68.12400875123728
2017-03-02,10.9,34.3000000000001,42.99999999999999,111.6,3,0,0.6414805267799296,31.316851601299998,39.4076047872,45.75995063489901,54.58991652910001,66.93612269471893
2017-03-03,9.4,43.2000000000001,52.39999999999999,119.2,3,0,0.6692170352975532,30.816165425199998,39.004085964800005,44.77190620196524,52.2895807984,62.271925347616005
2017-03-04,1.5,21.8000000000001,53.2,115.9,3,0,0.6314481726352574,22.432921734899995,30.276612249600003,35.10675873357012,40.6804899723,47.126874253447845
2017-03-05,0.0,10.9000000000001,45.400000000000006,109.6,3,0,0.5600414166643544,15.683271946999996,24.146127872000008,29.70293284049609,36.368366067,44.35141468330858
2017-03-06,0.7,2.2000000000000997,45.9,95.8,3,0,0.45086579803115573,11.678290362899997,20.016902297600005,25.947492914421673,33.4315294603,42.83384394914315
2017-03-07,3.3,4.0000000000000995,48.7,81.2,3,0,0.37098508790149987,11.455029986599998,19.238359910400003,25.217556894219918,33.1443016062,43.57303589421913
2017-03-08,1.2,5.2000000000001,27.0,59.8,3,0,0.3487718411471375,8.998190296399997,15.753169305600004,21.09930300622929,28.310179612800006,37.924235973448816
2017-03-09,30.7,35.2000000000001,46.8,89.8,3,0,0.5299443542303376,36.9930837025,43.281060608000004,48.595032674426754,56.1094259635,66.60827678692868
2017-03-10,32.2,64.10000000000011,69.6,122.0,3,0,0.7501899061218082,58.081034829299995,66.77116139520001,73.40734057109239,82.5241441471,95.17849447796307
2017-03-11,23.6,86.50000000000011,91.7,144.9,3,0,0.8848835809922719,63.609856060300004,74.55806033920001,81.48781562602598,89.88699345410001,100.30849384550606
2017-03-12,18.3,74.10000000000011,110.0,155.4,3,0,0.961483864195056,62.51900122079999,76.7760696832,85.4187122748082,95.39769911160002,107.06683651553242
2017-03-13,0.0,41.900000000000105,109.3,155.2,3,0,0.9129442271651804,43.4977741205,60.411538432000015,70.75528603278417,82.58035186350003,96.08536746091502
2017-03-14,8.4,26.70000000000011,114.4,163.1,3,0,0.8492134042825503,38.806070596999994,56.568169472000015,68.24668152135547,82.19929901700002,98.7829936790117
2017-03-15,0.0,8.400000000000107,113.2,140.2,3,0,0.8403055713704957,27.164249417899995,45.254535577600016,58.009679293152146,73.97936911530002,93.84384399506112
2017-03-16,6.6,15.000000000000108,89.10000000000001,135.9,3,0,0.8061791333244132,25.595201325099996,42.72846653440001,55.77041531614081,72.93735729570001,95.33253593784119
2017-03-17,22.7,29.300000000000104,79.6,149.20000000000002,3,0,0.9320027470532436,40.523424095399996,56.52843842560001,69.4551674843953,87.1929827138,111.29007724146248
2017-03-18,14.1,43.400000000000105,70.1,161.8,3,0,1.0156689644296306,42.43249983689999,59.193901721600014,72.90064307652713,92.15527031430001,119.1070890523033
2017-03-19,13.3,50.10000000000011,65.10000000000001,175.10000000000002,3,0,1.0292015075475598,42.13555087139999,57.35873397760001,69.22150240178789,85.53531517180002,108.0705105650699
2017-03-20,23.9,51.30000000000011,89.0,198.3,3,0,1.1507700342418241,52.4853153082,66.3295385088,76.39892122174842,89.65433788340002,107.28765559334062
2017-03-21,2.6,39.80000000000011,83.19999999999999,197.6,3,0,1.1460489264090372,38.67307912809999,53.129600102400005,62.89284709604511,75.0600929087,90.39308104764783
2017-03-22,10.8,37.30000000000011,94.0,207.2,3,0,1.0268409536311662,37.354225684,51.338732544,60.656118432203115,71.973268164,85.71654100720312
2017-03-23,10.9,24.30000000000011,98.3,187.4,3,0,0.9129442271651804,37.04795797879999,51.97098603520001,62.45770066737265,75.6759413476,92.33071395684294
2017-03-24,13.4,35.100000000000115,89.0,168.6,3,0,0.8238333168213263,39.096291375999996,54.07484569600001,64.83530057080469,78.57944831600001,96.08478796939842
2017-03-25,2.0,26.30000000000012,76.9,147.0,3,0,0.7802361201844482,29.367403963199994,45.25987655680001,57.11000548518398,72.7215034844,93.28054857092849
2017-03-26,3.7,19.100000000000115,67.3,132.4,3,0,0.7789827924098501,24.070749109899992,39.19923164160001,50.944133593757606,66.8480754313,88.36485734340876
2017-03-27,8.7,14.400000000000114,52.1,141.10000000000002,3,0,0.7831137617635389,24.908305561699997,37.62199137280001,47.53346457615957,60.9482672979,79.05528595552713
2017-03-28,1.2,13.600000000000112,50.7,133.9,3,0,0.7901954235127194,18.2375237921,29.78361712640001,38.82751578853144,51.13707456270001,67.86033081448963
2017-03-29,4.1,14.000000000000114,44.0,138.0,3,0,0.77544196153526,16.490574573299995,26.49881707520001,34.484958842520115,45.48594385310001,60.604112981894716
2017-03-30,0.8,6.100000000000113,33.9,132.20000000000002,3,0,0.6237763724069786,11.668286356199996,19.432810700800005,25.40691675239882,33.40393474940001,44.06409448500273
2017-03-31,14.8,19.700000000000113,35.3,124.3,3,0,0.640300249821733,22.894356884599997,30.067075686400003,35.88400578825312,43.956977330200004,55.104173718732795
2017-04-01,3.0,18.600000000000115,36.3,113.2,4,0,0.5618118321016495,18.720976550299998,25.894019379200003,31.375161353135347,38.795552444100004,48.882606089021664
2017-04-02,1.1,18.900000000000112,33.7,101.0,4,0,0.4549967673848443,13.896785563799996,20.644836915200003,25.62295614285117,32.2154022026,41.01224314687226
2017-04-03,0.4,4.500000000000112,25.4,77.5,4,0,0.4355221975745981,9.749233060999998,15.477055488000003,19.541395703257812,24.721570885000006,31.338556003734368
2017-04-04,0.2,1.700000000000112,24.4,75.1,4,0,0.36824641095738375,6.967968092899998,12.366896025600003,16.416437539087692,21.7520569163,28.774154325070892
2017-04-05,12.1,12.700000000000111,32.4,76.4,4,0,0.3865407038094332,16.8730618229,21.5962323456,25.325536612163862,30.3867409963,37.220119933635345
2017-04-06,10.9,23.20000000000011,42.5,76.39999999999999,4,0,0.371787241831974,22.4653898094,27.242830489600003,30.713898802575002,35.2145644678,41.050102565579685
2017-04-07,2.3,25.30000000000011,30.0,65.3,4,0,0.36411544160369513,17.9918758367,23.965415372800003,28.17056469697988,33.5746938929,40.579113110214635
2017-04-08,8.5,21.70000000000011,35.5,71.8,4,0,0.39834347339140075,20.978498233599996,27.232098150400006,31.637794934635927,37.2876428992,44.59533600382655
2017-04-09,0.0,10.80000000000011,34.4,68.1,4,0,0.3493619796262358,14.662350743599998,21.699779174400007,26.734626170967964,33.2799358572,41.88657965224452
2017-04-10,0.3,8.80000000000011,34.3,59.7,4,0,0.3375592100442684,10.145582152,16.070685440000005,20.110691061080075,25.091501358000002,31.230943968904292
2017-04-11,0.0,0.3000000000001101,34.099999999999994,58.49999999999999,4,0,0.32044519415041567,7.017164931699998,12.534425804800003,16.503464188895894,21.536315901900004,27.87318595274394
2017-04-12,1.0,1.3000000000001102,23.0,55.4,4,0,0.2856270238836117,5.880943174799999,10.909429043200003,14.811382715786715,19.9991380276,26.820916021944523
2017-04-13,0.3,1.3000000000001102,12.4,54.9,4,0,0.23664553011844688,4.405361212399999,8.984593561600002,12.81092554668242,18.159752848800004,25.540375445151945
2017-04-14,8.8,10.100000000000112,18.9,48.9,4,0,0.2866702951966136,11.8781033437,15.966200012800003,19.649911833811913,25.074041875900004,32.943609285046676
2017-04-15,5.1,14.200000000000111,15.499999999999998,51.0,4,0,0.2944791010700873,13.0728772893,16.573732403200005,19.42024476621738,23.447628563100004,29.151711856009953
2017-04-16,0.8,14.700000000000111,16.299999999999997,50.7,4,0,0.2968396549864808,9.643116081099999,12.888607334400003,15.161277043970898,18.1022707097,21.96789362551113
2017-04-17,3.8,9.70000000000011,19.799999999999997,54.1,4,0,0.3180846402340221,10.485211949499998,13.863925248000003,16.234274357391598,19.290083226500002,23.2924039839873
2017-04-18,25.6,30.20000000000011,45.4,79.5,4,0,0.39775333491230225,32.699544403000004,35.778459648,37.72570076688672,39.997308163,42.63851980126172
2017-04-19,39.2,68.60000000000011,83.6,106.6,4,0,0.772850650503866,62.0896810821,67.82276771840002,71.26684565185371,75.19757734670002,79.70659381119864
2017-04-20,1.4,66.20000000000012,84.7,97.1,4,0,0.6772172608287678,44.8543025,55.626001920000014,61.91775648277343,68.97321608000001,76.9416430388672
2017-04-21,9.0,49.60000000000011,84.9,103.8,4,0,0.6899197193460709,40.398011749999995,53.500801536000004,61.63009301035741,71.075894472,82.09456088692382
2017-04-22,26.5,36.900000000000105,106.3,121.8,4,0,0.8574745334296289,54.7503607001,69.19326704640001,78.68870465446308,90.1196265847,103.89109590333925
2017-04-23,27.6,63.10000000000011,133.1,149.4,4,0,0.9880271338287363,65.9167782326,82.92240138240001,94.4263366349914,108.6030603942,126.11692002640078
2017-04-24,5.5,59.60000000000011,134.79999999999998,154.6,4,0,1.0006465637874804,51.39316654369999,70.89302830080001,84.02989138154433,100.1743840819,120.04218895978298
2017-04-25,3.1,36.20000000000011,112.3,157.7,4,0,0.9242198431112539,38.931154203599995,59.266814310400015,73.52134821217498,91.47868562920002,114.0865211216781
2017-04-26,2.3,10.900000000000109,75.39999999999999,159.0,4,0,0.9365497663291154,29.529209922599993,49.62755210240001,64.63564645687616,84.35187431420002,110.20320551420349
2017-04-27,3.5,8.900000000000107,77.5,162.20000000000002,4,0,0.9320027470532436,24.063106351199995,42.794019788800014,57.692176751849985,78.09170881040001,105.91784486938747
2017-04-28,0.0,5.800000000000107,68.5,153.4,4,0,0.8710443951491962,16.121037808399997,31.48643676160001,43.99836548794999,61.35636986280001,85.29428698141561
2017-04-29,3.5,7.000000000000107,45.5,151.8,4,0,0.8911091034385409,13.677423489799995,24.480081459200008,33.18113401460117,45.052538024600004,61.05908461420037
2017-04-30,5.5,9.000000000000107,23.4,156.5,4,0,0.8769457799401799,15.034649907999997,24.93374131200001,33.428339746333975,45.559134406000005,62.667898668556624
2017-05-01,19.4,28.400000000000105,37.3,172.10000000000002,5,0,0.6733480046512418,29.670027211499995,38.38062540800001,46.042219145317375,57.265115004500004,73.54587128198338
2017-05-02,0.2,25.100000000000104,34.4,146.7,5,0,0.6343988650307493,20.220459638199998,28.059084492800007,34.11871455849062,42.49862484140001,54.20204882806718
2017-05-03,4.7,24.300000000000104,36.8,112.2,5,0,0.6526931578827988,18.0746900595,24.183740160000006,28.26717381491308,33.3252374105,39.66680686368456
2017-05-04,18.8,23.70000000000011,52.1,129.6,5,0,0.6420706652590281,31.2969216547,37.556434124800006,41.74428851880215,46.8749822489,53.19041335468925
2017-05-05,0.1,23.60000000000011,52.2,120.7,5,0,0.4868642452561563,21.920277831099998,29.812287334400004,34.97233458752558,41.206580859700004,48.77480817531581
2017-05-06,5.0,23.900000000000112,53.7,99.2,5,0,0.41958845863894206,20.2792251745,28.602869248000005,34.27367326941308,41.2839623615,49.958972806301745
2017-05-07,1.8,6.900000000000106,50.0,73.4,5,0,0.40070402730779425,15.896591284999998,24.306485760000005,30.243561863808587,37.735191585,47.16544487865234
2017-05-08,2.3,9.100000000000106,32.900000000000006,70.2,5,0,0.397576676369964,13.427613899499997,21.745188608000007,28.0070275842373,36.2616724265,47.10717263471972
2017-05-09,2.0,6.100000000000106,34.7,69.10000000000001,5,0,0.3942125040377121,11.3004633925,19.020341248000005,25.116913031409176,33.41513064350001,44.656234715649404
2017-05-10,0.9,5.200000000000107,30.9,67.69999999999999,5,0,0.3788689035811544,8.654962987799998,15.525714995200005,21.166566852823827,29.055886158600003,40.030369814055845
2017-05-11,4.3,7.200000000000107,16.4,68.5,5,0,0.4042448581823844,9.810472108399997,14.637512857600003,18.47221838069023,23.685935804800003,30.71335470212851
2017-05-12,8.2,13.400000000000103,24.499999999999996,76.69999999999999,5,0,0.4319813667000078,15.0616809709,19.888535449600003,23.862010742718553,29.447606536300004,37.257939579174405
2017-05-13,3.4,15.900000000000103,22.9,76.6,5,0,0.41781804320164695,13.810413312599998,18.806169702400002,22.757399430909373,28.2640572142,35.9809789857953
2017-05-14,4.9,16.500000000000107,26.0,76.0,5,0,0.33283810221148147,14.036235850699999,17.926301132800003,20.542550714667378,23.7824968189,27.82567557882402
2017-05-15,4.8,13.100000000000104,28.5,61.4,5,0,0.36116474920820324,14.622540342999999,19.130303488000003,22.2414806670332,26.169379293000002,31.174518105958978
2017-05-16,5.0,14.700000000000106,31.5,66.2,5,0,0.3629351646454983,15.0945406156,19.767371878400002,22.92088654527461,26.8090491632,31.622107504469138
2017-05-17,30.0,39.800000000000104,60.6,91.5,5,0,0.4498455620587635,40.5153328861,45.620623974400004,49.12837963567011,53.500523054700004,58.963275638616594
2017-05-18,14.6,49.60000000000011,70.89999999999999,87.3,5,0,0.5319311575998831,42.895763713,50.84953856,55.906311560335936,61.948510337,69.2380168964375
2017-05-19,13.2,57.800000000000104,75.9,100.4,5,0,0.591286369726628,43.170539549299995,53.66488248320001,60.326616017604096,68.2563024231,77.77864217313885
2017-05-20,5.5,33.300000000000104,78.0,100.9,5,0,0.609012233460679,35.6939549121,48.33526922240001,56.600436651056825,66.61686158469999,78.85084681916737
2017-05-21,7.7,26.4000000000001,80.8,106.8,5,0,0.6310637946296492,32.564304081399996,45.906506393600004,54.9638112147332,66.1558581338,80.03373563948398
2017-05-22,5.6,18.800000000000104,81.60000000000001,110.1,5,0,0.6379396959053395,28.163383152799994,41.44473681920001,50.704869416929284,62.2811091116,76.72240595575506
2017-05-23,4.3,17.6000000000001,80.9,112.4,5,0,0.6526931578827988,23.918326622299993,37.0907172352,46.729766029631435,59.167491504100006,75.15058006455682
2017-05-24,2.6,12.500000000000105,53.5,114.1,5,0,0.6432509422172248,19.204415763599997,31.74644029440001,41.35561654391718,54.14221799720001,71.05924005906093
2017-05-25,8.7,15.6000000000001,47.599999999999994,118.5,5,0,0.6503326039664052,22.007502914999996,33.58175616000001,42.90727692149413,55.754339685000005,73.33234074776365
2017-05-26,16.3,27.6000000000001,50.7,126.6,5,0,0.7235097753746034,31.564014416,42.628534016,51.7868133615664,64.73551351600001,82.97203901418357
2017-05-27,24.5,49.5000000000001,69.7,147.7,5,0,0.8403571942360808,45.74738434419999,55.38160174080001,62.61255922710977,72.3016089614,85.36132888632304
2017-05-28,14.0,54.8000000000001,76.0,156.8,5,0,0.8970104882295246,45.610755177399994,56.737618329600004,64.34630903966875,73.9807428398,86.35170312912655
2017-05-29,26.0,64.5000000000001,96.4,178.0,5,0,1.0179888764446907,57.5546612955,69.972755456,78.09562054642089,87.9801131465,100.13079037472362
2017-05-30,28.4,68.4000000000001,120.5,201.4,5,0,0.9943833372807558,68.5329015199,83.78764636160001,93.6984682405838,105.66437041130001,120.23119769017634
2017-05-31,6.4,60.800000000000104,124.3,177.79999999999998,5,0,0.9572046130975583,54.15552512219999,72.6033358848,84.52776509107264,98.81310938140001,116.00936337353201
2017-06-01,26.0,60.800000000000104,141.6,189.2,6,0,1.0511242836224575,63.75068144609999,83.48137328640001,96.7461036631037,112.9791991787,132.8559683451205
2017-06-02,21.9,54.300000000000104,147.2,197.9,6,0,1.1354264337852664,66.40401265519999,88.22338964480001,103.28762817497304,122.08196196840001,145.53860108913943
2017-06-03,1.8,49.7000000000001,124.5,194.2,6,0,1.1285210715884784,48.20936529389999,72.09953884160001,89.08261049744121,110.76720182730001,138.50495499266265
2017-06-04,16.3,40.00000000000011,126.8,202.8,6,0,1.177812796554412,49.800802239099994,73.04547568640001,90.30741160506074,112.95697921570002,142.67069587165562
2017-06-05,9.0,27.100000000000108,109.8,206.2,6,0,1.1914895892996118,43.400126911499996,65.68618137600001,82.55224707354785,104.9778227205,134.77774896848726
2017-06-06,6.0,31.300000000000107,87.4,207.9,6,0,1.2115542975889566,35.688024477999996,55.91827763200001,71.34598710616795,91.93741866600001,119.36980650872263
2017-06-07,2.3,17.300000000000107,83.3,207.6,6,0,1.1643432192610867,26.886151785999992,45.531383552000015,60.18784737947264,80.162178638,107.31899903394918
2017-06-08,3.5,11.800000000000107,60.8,202.4,6,0,1.0699210626053475,21.585870602799993,37.133378099200016,49.54093575969296,66.5803213316,89.88588866205387
2017-06-09,4.8,10.600000000000106,43.7,190.9,6,0,0.9737284905123128,19.107879714799996,31.457275699200007,41.31856231246249,54.81982149960001,73.18746515458123
2017-06-10,5.7,14.000000000000108,47.6,172.1,6,0,0.8922893803967374,18.894731640999996,30.178625792000005,39.560781777812494,52.806297333,71.39617548572653
2017-06-11,4.0,14.500000000000108,35.3,162.10000000000002,6,0,0.7884250080754241,16.4918765013,25.351171891200007,32.50792999828183,42.4600281571,56.259206291242364
2017-06-12,8.9,18.600000000000108,35.2,145.0,6,0,0.6810198048795206,19.825692755599995,26.829442918400005,32.22019104347773,39.477967503200006,49.23390700735976
2017-06-13,6.5,19.40000000000011,35.7,123.1,6,0,0.6869211896705043,20.327139384099993,27.770280806400002,33.53278845914277,41.4025495607,52.19448516636268
2017-06-14,4.4,19.80000000000011,37.8,121.1,6,0,0.502207845712714,18.168562913,24.866025472000004,29.693817399517574,35.97883603100001,44.22534879845898
2017-06-15,5.9,16.800000000000107,40.2,101.0,6,0,0.45971787521763124,18.363766315,24.826452736000007,29.36787515052343,35.142846467000005,42.52544890539062
2017-06-16,7.6,17.900000000000105,43.0,86.69999999999999,6,0,0.49630646092173036,20.2851512711,26.816917094400004,31.381447451900584,37.1364911797,44.406754824690815
2017-06-17,4.1,17.600000000000108,41.400000000000006,89.0,6,0,0.39834347339140064,18.234636582499995,25.306573056000005,30.321419204131836,36.7208816495,44.909322123208
2017-06-18,1.8,13.500000000000108,39.2,74.5,6,0,0.3847702883721381,14.465379270599996,21.669448806400005,26.884145908319528,33.62841894420001,42.36827672971327
2017-06-19,5.0,10.900000000000103,35.3,70.5,6,0,0.3806393190184495,14.990177369899996,21.820162969600005,26.906526881236132,33.591920537300005,42.37592558488339
2017-06-20,14.0,20.800000000000104,42.8,78.5,6,0,0.4490953825938605,24.332113266999997,30.844097536,35.74836374430859,42.245261375,50.84432875198046
2017-06-21,75.8,94.8000000000001,114.2,152.0,6,0,1.071018339741469,92.71948918729998,100.0457812992,105.3986115652994,112.4260214771,121.70716455742792
2017-06-22,8.1,97.90000000000008,116.4,156.6,6,0,1.0015040760594618,72.75223945949999,87.18099481600001,95.93663763187206,106.1801812125,118.39304757033494
2017-06-23,11.9,95.8000000000001,120.7,163.7,6,0,1.0073561859600872,62.6429587098,80.9468636672,92.16645835887655,105.1957532306,120.48160508676874
2017-06-24,9.7,29.7000000000001,126.3,167.7,6,0,1.0075536553081679,53.42578198729999,73.9850445312,87.17524222594588,102.84199277110001,121.52308229978144
2017-06-25,4.0,25.6000000000001,128.5,167.7,6,0,0.9538804409991932,41.231386994199994,62.55452794880001,76.93739690644372,94.50059069740001,115.9143802432859
2017-06-26,5.6,19.300000000000097,129.1,164.4,6,0,0.9583343574552206,34.24728970669999,54.82757857280001,69.5005418974877,88.0005754829,111.16826049290992
2017-06-27,25.4,35.0000000000001,140.5,183.3,6,1,1.0498563543160029,49.257287942599994,68.82182871040001,83.66827555506757,103.17093633020002,128.55502601738706
2017-06-28,46.6,77.6000000000001,111.3,225.5,6,0,1.336713752036698,81.02925601499999,101.46418944000001,117.36366029399413,138.826221505,167.64954822588862
2017-06-29,41.1,113.10000000000012,144.3,260.7,6,0,1.5708494456248823,97.67924158599999,121.73448064000002,139.8747392281914,164.30020715400002,197.3733861184023
2017-06-30,89.5,177.2000000000001,221.9,342.6,6,0,2.0605238186417223,157.4800037616,185.38434595840005,205.63728668319254,232.4886882772,268.6223996631449
2017-07-01,117.8,248.4000000000001,330.0,456.3,7,0,2.706466984136846,225.89484024569998,257.9685137408,277.6686138316869,300.6099936899,327.60701968571857
2017-07-02,83.6,290.9000000000001,409.6,538.1,7,1,3.192132333888471,241.49758322029996,289.10508011520005,318.02363908177404,351.32469895609995,389.97689949360176
2017-07-03,12.5,213.9000000000001,416.5,545.6,7,0,3.0917603398923266,181.21216270789995,242.50631132160004,280.4772878078533,324.54295562330003,375.8530849419849
2017-07-04,39.2,135.3000000000001,430.3,570.8,7,0,3.194200418380956,165.77451290399998,232.16351948800002,275.6960129145703,327.906479192,390.4526823842733
2017-07-05,50.4,102.10000000000012,434.1,545.4,7,0,3.318759955930026,166.32916893319998,235.70131886080003,283.95411336002184,344.1211175124,418.9351005081062
2017-07-06,16.6,106.2000000000001,409.6,553.9,7,0,3.3901032420649297,132.87223211379998,204.55975966720004,256.8584996917105,324.3564064966,411.2354186229659
2017-07-07,3.5,70.5000000000001,323.6,545.5,7,0,3.2480652451236214,95.79307534719997,164.42050350080004,216.8291148676996,286.56433346840004,378.9657294351628
2017-07-08,12.6,32.7000000000001,218.4,548.4,7,0,3.210943464774239,78.33881808269999,139.13276590080005,187.73040039526694,254.2594848129,344.7163015948962
2017-07-09,59.1,75.2000000000001,193.90000000000003,603.5,7,0,3.5054225658443263,112.77619938449998,165.99313382400004,210.5793023175732,273.60285244350007,361.972398312454
2017-07-10,46.5,118.2000000000001,227.90000000000003,644.4000000000001,7,1,3.5166351969471954,122.91518609059999,169.6845177344,207.87214778144255,261.53584681020004,336.7868223349964
2017-07-11,13.2,118.80000000000013,201.9,632.1999999999999,7,0,3.454670656641867,95.91307183019998,136.29893550080004,166.69952078288907,207.50794188540004,262.6162697759656
2017-07-12,9.9,69.6000000000001,161.4,595.5,7,0,3.109439646369319,74.67765719949998,109.96266675200002,135.1358924625713,167.50763010450004,209.33104816683883
2017-07-13,8.0,31.1000000000001,152.8,562.4,7,0,2.407174856242257,59.92126597839999,94.62795612160002,120.40457853892654,154.39838659280002,199.38028401801714
2017-07-14,2.6,20.5000000000001,151.9,475.5,7,0,1.8081842999574098,43.43758320879999,74.09329694720003,97.22641510793123,127.89035308160001,168.5407817989718
2017-07-15,7.1,17.7000000000001,146.4,364.8,7,0,1.651797602996342,36.08263299119999,60.96297876480001,79.81998286296913,104.62792439240002,137.03740097140894
2017-07-16,1.3,11.0000000000001,88.6,282.5,7,0,1.588652785732816,26.088934180499994,48.28797158400002,65.87887032146776,89.67706984750001,121.54649773148141
2017-07-17,3.3,11.7000000000001,45.4,273.3,7,0,1.2811906381225644,21.463387589199996,41.554567628800015,58.60797935805507,82.78898832240002,116.67359355757301
2017-07-18,1.2,5.800000000000099,33.400000000000006,235.3,7,0,1.0870350784992002,15.868452498699996,33.09073940480001,48.5361649596537,71.31674114490002,104.49582844529078
2017-07-19,7.5,12.0000000000001,30.999999999999996,192.4,7,0,1.0309719229848548,16.938488027499996,27.626777344000004,37.120462919168936,51.07817122050001,71.38568391403805
2017-07-20,1.5,10.2000000000001,24.5,177.3,7,0,1.0256606766729695,12.0434317114,18.608522393600005,23.89773367945,31.2568066338,41.47513204375155
2017-07-21,39.8,48.8000000000001,61.7,213.6,7,0,1.0132677686119036,47.85753486929999,53.26947870720001,57.51433149023495,63.32857056110001,71.29804784361737
2017-07-22,8.0,49.3000000000001,62.599999999999994,209.0,7,0,0.8704542566700978,41.22062391199999,49.55257856000001,54.93812516372655,61.543796948,69.80564975297655
2017-07-23,5.5,53.3000000000001,66.8,155.39999999999998,7,0,0.6190552645741916,34.128456539199995,44.28306938880001,50.62241115444179,58.099989732400005,67.0254717514207
2017-07-24,6.7,20.2000000000001,70.2,115.6,7,0,0.583056817349191,30.516476012699997,41.8472826368,49.217176029989645,58.0834268149,68.81748212182987
2017-07-25,8.6,20.8000000000001,77.6,111.0,7,0,0.5789258479955024,29.760975782099997,41.315469414400006,49.03679135467207,58.3994672087,69.72557574714588
2017-07-26,16.9,32.2000000000001,87.0,118.0,7,0,0.6467917730918151,37.695961265099996,49.8127890944,58.32533592582831,69.0062385157,82.36093893877869
2017-07-27,4.1,29.6000000000001,89.6,114.1,7,0,0.6651181907667528,30.393956053399993,43.59589647360001,53.026850002629686,65.0549758118,80.3670600923531
2017-07-28,19.3,40.3000000000001,69.1,130.8,7,0,0.7646703123004691,40.54187220749999,54.04786816000001,64.13657321702635,77.4310641025,94.9302227606494
2017-07-29,55.9,79.3000000000001,117.0,179.6,7,0,1.0785807712940458,84.06745410849999,98.33298816000001,108.939529201917,122.9728693915,141.59318457832907
2017-07-30,106.1,181.3000000000001,217.6,284.4,7,0,1.9321266262596652,164.90484658859998,184.6053292544,198.40328821511832,216.2525647922,239.71541994055505
2017-07-31,1.9,163.9000000000001,212.8,282.99999999999994,7,0,1.6807618694707465,116.209141121,145.310770944,162.7071936900898,182.649906397,205.79991876183982
2017-08-01,18.4,126.40000000000008,222.59999999999997,300.2,8,0,1.7243846359254416,99.52041858549998,133.789623296,155.12611940185056,179.99548823650002,209.1200273098408
2017-08-02,21.6,41.9000000000001,227.3,314.29999999999995,8,0,1.8258884543303608,91.10893162289999,128.0411406336,152.374392267699,181.67820799230003,216.97097277853766
2017-08-03,63.7,103.7000000000001,286.9,376.5,8,0,2.129714385390417,127.28699371919997,165.4135054848,191.89917491846128,224.8742416444,265.8108866467136
2017-08-04,15.0,100.3000000000001,282.59999999999997,351.7,8,0,2.097794650788887,103.85796688929999,146.40738641920004,176.4211788033619,214.38818289510002,262.37120463692787
2017-08-05,21.5,100.2000000000001,248.2,365.2,8,0,2.1240842008346363,93.72319365169999,136.81128545280004,168.13082454949938,208.55669896790005,260.6339901319528
2017-08-06,2.7,39.2000000000001,144.8,362.4,8,0,2.115004146235649,68.19042070409998,111.70879421440002,144.80401580927753,188.97144746670003,247.84746917447785
2017-08-07,62.2,86.4000000000001,205.1,417.9,8,0,2.403634025367667,109.3881172623,149.49471365120002,181.4837374341099,225.54480882610002,286.0994727884532
2017-08-08,12.0,76.9000000000001,198.7,421.3,8,0,2.386520009473814,86.99264544169999,125.59355412480002,155.25589761634706,195.4992031419,250.32510424560522
2017-08-09,36.8,111.0000000000001,213.9,441.2,8,0,2.5145800594381607,94.69778941729999,125.88244254720001,147.87913867334433,175.7545003331,211.08285978013296
2017-08-10,33.4,82.2000000000001,183.6,470.5,8,0,2.6621146792127535,99.63478229479999,133.9019430912,158.7232065040953,190.91656126360004,232.7911166065734
2017-08-11,64.8,135.00000000000009,233.4,516.0,8,1,2.432550810843487,134.02459314819998,169.9458695168,196.09223648861172,230.20922183940002,274.93480109425855
2017-08-12,50.0,148.2000000000001,261.9,510.1,8,0,2.378848209245535,143.2070686659,183.63741327360003,212.42591388156035,249.6568453493,298.2553431519966
2017-08-13,104.1,218.9000000000001,363.3,508.1,8,0,2.985510565758661,202.54558072999998,244.1701952,272.12112724282224,306.58034418,349.30303296491206
2017-08-14,1.9,156.00000000000009,302.99999999999994,508.1,8,0,2.81200985290374,143.2581936375,195.62554342400003,230.2498420912881,272.5921331605,324.75682722809074
2017-08-15,4.3,110.3000000000001,295.29999999999995,494.0,8,0,2.6550330174635732,103.97341376089999,158.49188981760005,195.7795660842693,242.13633338230002,299.9461416730611
2017-08-16,16.6,22.8000000000001,275.1,489.0,8,0,2.5063181207307834,89.30512131539999,143.10360156160004,182.48107027990898,233.5812682558,299.9322448534644
2017-08-17,12.3,33.2000000000001,253.99999999999997,437.6,8,0,2.4750407813385698,73.05658887199999,120.10420710400004,155.16332178792968,200.83534245600003,259.99419499016403
2017-08-18,1.1,30.000000000000103,190.3,423.7,8,0,2.3705862705381584,51.90064191159998,95.89487549440003,130.62633066765153,177.66766692920004,240.90964196979525
2017-08-19,18.7,32.1000000000001,159.0,420.9,8,0,2.4661887041520942,53.9909404218,91.46453048320004,122.48740298776522,165.76953364060003,225.53064050733315
2017-08-20,4.1,23.900000000000095,59.0,422.3,8,0,2.1221379708377435,40.950190963599994,73.68532669440002,101.6386874346203,141.64672037720004,198.35629471140462
2017-08-21,15.1,37.9000000000001,72.2,375.2,8,0,2.1256788017123336,41.93469406099999,67.09041433600002,88.73542291814843,119.98768542100001,164.74032631318747
2017-08-22,42.5,61.7000000000001,110.4,405.7,8,0,2.159316695020941,70.44190959769999,90.80362234880002,108.08138926339004,133.0549948739,169.06646303560913
2017-08-23,22.0,79.60000000000011,115.8,390.9,8,0,1.8902135485520837,68.36876937629998,83.46524549120001,93.37455538201229,105.4520697721,120.28462450911346
2017-08-24,11.3,75.80000000000011,114.8,368.8,8,0,1.7515310059639664,59.104468266099985,77.86818544640002,90.29431070646308,105.5443737587,124.43279309910487
2017-08-25,15.1,48.400000000000105,128.8,319.1,8,0,1.5420318458840443,56.35166342919999,76.93283937280002,91.00360416182849,108.5906190904,130.73658460542458
2017-08-26,5.0,31.400000000000105,115.1,274.1,8,0,1.0026452759881332,43.97725548709999,64.7638600704,79.08494842549823,96.9434950757,119.26072218379626
2017-08-27,5.7,25.800000000000107,116.7,175.7,8,0,1.0197592918819858,36.136634284699994,56.19038561280001,70.50065098828262,88.66040075490001,111.6332217219744
2017-08-28,17.6,28.30000000000011,119.2,191.4,8,0,1.097657571122971,42.86457172189999,62.43419688960001,77.30899149526542,97.01081439530002,122.99295000271344
2017-08-29,6.7,30.00000000000011,83.4,193.8,8,0,1.033922615380347,36.176971489699994,54.63946030080001,68.7310914098041,87.48944612590002,112.34692173882009
2017-08-30,59.9,84.2000000000001,121.3,237.1,8,0,1.3266313010131388,85.10806519069999,103.17133409280001,117.51424264053651,137.2109199089,164.17475420100172
2017-08-31,23.4,90.00000000000011,133.4,248.2,8,0,1.4434787198746166,82.5491080075,104.31571712000002,120.31430273891111,141.62478347249998,170.3250887084521
2017-09-01,45.2,128.5000000000001,163.5,292.3,9,0,1.609307632501259,101.783855797,124.08917094400002,139.09999514359373,157.843471421,181.5625143553984
2017-09-02,56.2,124.80000000000013,214.7,329.8,9,0,1.9179500570697068,126.82725351010001,153.1091047424,170.10375897655877,190.5881985967,215.51217597438415
2017-09-03,58.6,160.0000000000001,267.6,384.3,9,0,2.124498524754137,147.0598804257,179.8739555328,200.9635143610248,226.18931236390003,256.57083976227125
2017-09-04,0.3,115.10000000000012,250.3,369.5,9,0,1.8719192557000341,102.81537867199998,142.577814272,168.14618370132618,198.60533668200003,235.00136999165818
2017-09-05,2.3,61.20000000000011,245.9,329.3,9,0,1.8253634275618806,74.12952744589998,115.82538050560004,144.2398841244236,179.30141081330004,222.55761679588335
2017-09-06,4.1,6.700000000000106,190.1,311.4,9,0,1.7790421260731017,55.82965832019998,96.14827156480003,125.58171740101795,163.4838026234,212.11693540243044
2017-09-07,9.0,15.400000000000103,175.7,309.1,9,0,1.730286020716425,47.58360438589999,84.02883164160002,112.27947027446854,149.99868181530002,199.97331850171344
2017-09-08,10.1,23.200000000000102,140.6,304.1,9,0,1.765104190983229,43.219264653299994,76.60365829120002,104.21849122421543,142.76266808510002,196.0631150837306
2017-09-09,3.8,22.900000000000105,88.2,302.90000000000003,9,0,1.6836650808676537,32.36145851579999,58.65121310720002,80.59294072057382,111.40056271460001,154.1956166691652
2017-09-10,22.2,36.10000000000011,51.8,319.40000000000003,9,0,1.781037929918885,44.192028878399995,66.60841461760002,86.09713855091483,114.30143094480002,154.67539145752886
2017-09-11,21.5,47.5000000000001,73.0,323.3,9,0,1.8630671785135584,51.157632089399996,69.93341864960001,85.78384469207694,108.61102235780001,141.3787122310777
2017-09-12,3.5,47.2000000000001,74.2,320.1,9,0,1.5355403226139623,37.72283156319999,53.412305868800004,65.35192646431679,81.65419178840001,104.16076063432693
2017-09-13,35.2,60.2000000000001,105.3,295.40000000000003,9,0,1.6051766631475701,59.950677135099994,71.63771760640002,79.21229740030293,88.2562160197,99.06673796324161
2017-09-14,17.9,56.6000000000001,114.2,289.9,9,0,1.2387006676274814,59.8569997371,75.17796183040002,85.17139046895527,97.22599088570001,111.833779983308
2017-09-15,11.9,65.0000000000001,116.0,256.6,9,0,1.0758224473963311,53.734930508699996,71.79540884480002,83.84287076862832,98.60143138490001,116.76499602389431
2017-09-16,1.7,31.5000000000001,113.9,202.1,9,0,0.8872510493868039,39.19863650399999,58.69609292800001,72.1592550955371,89.01170664200001,110.17192477182223
2017-09-17,0.0,13.6000000000001,91.7,143.5,9,0,0.8433078866315726,27.18481782869999,45.99050670080001,59.563497192140034,76.9724300169,99.27469608008573
2017-09-18,3.9,5.600000000000099,74.1,147.1,9,0,0.8509796868598515,22.644072478599995,39.60792611840001,52.54054112947773,69.65353477020001,92.1637181897738
2017-09-19,0.3,4.200000000000099,70.9,145.1,9,0,0.8320952555287038,16.043510140399995,31.57831900160001,44.211337223561316,61.663203220800014,85.58033191117927
2017-09-20,5.2,9.400000000000098,40.9,146.20000000000002,9,0,0.8090798548438671,15.803362045499995,28.078948352000005,38.40902486366308,52.95622152850001,73.2093552645283
2017-09-21,27.5,33.0000000000001,50.5,164.70000000000002,9,0,0.9117639502069839,37.9550316465,47.654613760000004,55.91487144078809,67.6640129135,84.17604330767674
2017-09-22,17.4,50.1000000000001,56.0,172.0,9,0,0.9926129218434607,43.869655815399994,55.1478813696,64.23858030947733,77.0772370818,95.27166185495858
2017-09-23,5.0,49.9000000000001,59.3,173.2,9,0,0.8798964723356718,34.714446194299995,45.338733875200006,52.6728142302623,62.096032282100005,74.4325385010197
2017-09-24,15.5,37.9000000000001,74.8,166.5,9,0,0.8551106562135402,39.2944816403,49.84898923520001,56.74784025802401,65.14508497610001,75.49352036360175
2017-09-25,4.7,25.2000000000001,75.60000000000001,149.70000000000002,9,0,0.8297347016123101,31.869991601899994,43.301438617600006,50.592858807665806,59.181303041300005,69.29387476848495
2017-09-26,6.4,26.6000000000001,81.69999999999999,152.6,9,0,0.6644959274647662,28.660973328999994,40.858614784000004,49.06924349913672,59.070419389,71.21132823335546
2017-09-27,15.0,26.1000000000001,91.5,132.4,9,0,0.6792222595441727,35.062681330299995,47.6868918272,56.708856974266205,68.1633774501,82.65076182168768
2017-09-28,1.5,22.9000000000001,65.5,116.0,9,0,0.6388466985716387,25.933711584099996,39.2307541504,48.93471825119745,61.48719378870001,77.68314966757362
2017-09-29,32.9,49.4000000000001,81.0,137.0,9,0,0.8502822556623536,51.0451238514,64.25239106560001,74.4354481922156,88.1338708778,106.51937110242342
2017-09-30,22.7,57.100000000000094,98.7,158.0,9,0,0.9637829381497007,58.284699566499995,73.543567104,84.94638406081151,100.2073559015,120.77997046326266
2017-10-01,5.1,60.700000000000095,88.3,163.10000000000002,10,0,0.9395004587246072,45.12248276179999,60.98206366720001,71.89038033231992,85.6979632086,103.37570611104411
2017-10-02,10.8,38.6000000000001,94.4,170.0,10,0,1.0014649990299362,41.89423099999999,57.71734016000001,68.48120864694334,81.86116203,98.58889806274411
2017-10-03,0.5,16.400000000000098,88.5,170.2,10,0,0.9200258889143609,29.684724075499997,46.137001216000016,57.724655328198224,72.43165362650001,91.16576846341502
2017-10-04,0.4,11.7000000000001,73.9,165.4,10,0,0.8025883315737851,20.741470216899998,35.64530114560001,46.414403761687296,60.18397244230001,77.72705748204939
2017-10-05,0.0,0.9000000000000995,72.4,137.9,10,0,0.7111168673135375,14.386265784799996,28.011582259200008,38.5269334970328,52.5267865296,71.02664099352654
2017-10-06,0.3,0.7000000000000994,39.8,120.8,10,0,0.6810198048795206,10.189601889999997,22.022071040000007,31.78789728469726,45.34256586000001,63.94339253272459
2017-10-07,5.2,5.5000000000000995,22.3,121.0,10,0,0.6208256800114866,11.909008449499996,21.207044096000004,29.26659662688183,40.77813267250001,56.965168817512684
2017-10-08,24.1,29.6000000000001,41.3,129.6,10,0,0.7353125449565708,32.3939346273,40.90457400320001,48.681295526338474,60.277301745100004,77.31880496777947
2017-10-09,4.1,33.4000000000001,34.6,129.0,10,0,0.7170182521045212,25.8464106699,33.291048601600004,39.001933294577924,46.878050891300006,57.85441941844785
2017-10-10,18.0,46.2000000000001,52.1,140.60000000000002,10,0,0.7370829603938659,35.4512686537,42.195444940800016,46.68259432185683,52.27524521190001,59.370369926814256
2017-10-11,1.1,23.2000000000001,52.8,126.7,10,0,0.7382632373520626,25.771825680599996,34.308747622400006,39.77614571144062,46.36946064620001,54.4482930403578
2017-10-12,9.2,28.300000000000097,62.0,134.4,10,0,0.5328950466258292,26.9352047075,35.487356928000004,40.883480287844726,47.1667874285,54.45951944456543
2017-10-13,1.8,12.1000000000001,63.50000000000001,103.3,10,0,0.4727009217577955,20.640519532799996,30.136198451200006,36.45252104249765,44.075769465600004,53.23717500271796
2017-10-14,3.9,14.900000000000098,62.2,84.5,10,0,0.4617226726081699,18.337064662999996,27.966009088000007,34.805893124386714,43.428721143000004,54.235821476886706
2017-10-15,4.1,9.8000000000001,42.2,83.5,10,0,0.4656770858623722,16.9359452641,26.472807270400004,33.68500915572871,43.185849028700005,55.62403040304237
2017-10-16,5.0,13.0000000000001,43.1,77.7,10,0,0.4961601263018311,16.8466874274,26.146033561600007,33.573195461067186,43.76266059380001,57.66320780111874
2017-10-17,0.0,9.1000000000001,25.1,77.2,10,0,0.4624342092198766,11.645794069699997,20.358481100800006,27.51346923933535,37.573266645900006,51.66661532702322
2017-10-18,0.0,5.0000000000000995,23.999999999999996,76.8,10,0,0.45322635194754923,7.471290498699998,13.699067084800003,18.64177570882363,25.412789574900007,34.65372432502714
2017-10-19,0.0,0.0,14.8,76.8,10,0,0.4514559365102542,5.114088496999998,10.519019520000004,15.038324294703123,21.441929013000006,30.46621665789843
2017-10-20,9.2,9.2000000000001,22.2,85.7,10,0,0.47329106023689377,12.271406499699998,15.6824803328,18.438836372364648,22.221524189900002,27.365640918712693
2017-10-21,30.9,40.100000000000094,49.2,111.4,10,0,0.4980768763590255,39.4589122724,43.327872665600005,46.356449071735156,50.5158254868,56.23874823961484
2017-10-22,24.8,64.90000000000009,69.9,112.1,10,0,0.6643176116213787,52.1613613616,58.4744556544,62.391737191040235,67.05640128920001,72.71843098664101
2017-10-23,19.3,75.0000000000001,84.2,127.3,10,0,0.7724898985231272,55.762107408300004,65.88629099520001,71.9786026845709,79.0231399681,87.30478294667986
2017-10-24,5.0,49.10000000000011,89.2,114.3,10,0,0.7520818916609922,43.92330983869999,57.29027348480001,65.41400210495644,74.7609800549,85.6044697363162
2017-10-25,6.2,30.5000000000001,95.4,119.4,10,0,0.7267876576365193,36.830502034999995,51.59198464000001,60.99471673141601,72.05530044500001,85.06942479862303
2017-10-26,0.0,11.2000000000001,95.4,110.2,10,0,0.7081727165083505,25.640113799999998,40.73671680000001,50.8611372,63.10637820000001,77.82226886249998
2017-10-27,2.3,8.5000000000001,88.5,110.7,10,0,0.6569526772640358,20.248079659999995,34.889373440000014,45.53196661999999,59.09574038000001,76.231155419375
2017-10-28,5.3,7.600000000000099,62.900000000000006,112.1,10,0,0.6680325883540995,19.473655761999996,33.21149875200001,44.002171626999996,58.48616634200001,77.71959764840622
2017-10-29,1.6,9.2000000000001,39.7,109.6,10,0,0.6784097936100854,15.231559033399996,28.169199001600006,39.00184588294999,54.237549707800014,75.43361776598591
2017-10-30,0.0,6.9000000000001,20.4,104.6,10,0,0.6187408633881658,10.402214094299996,21.547516723200008,31.340324480572846,45.60595308810001,66.15355703669353
2017-10-31,1.5,3.1000000000000996,16.9,106.1,10,0,0.626136926323372,7.908701346599997,15.420151142400005,22.05585671435859,31.771193980200003,45.84490776239295
2017-11-01,1.2,2.7000000000000997,11.9,107.3,11,0,0.6332185880725525,6.0355523250999985,10.873241190400003,15.06499297955488,21.146849267700002,29.903986281161515
2017-11-02,0.5,3.2000000000000997,12.4,107.8,11,0,0.5801061249536991,4.179709396999999,7.126271232000002,9.505568028845701,12.802670447000002,17.353164039802728
2017-11-03,0.0,1.7000000000000994,10.1,98.6,11,0,0.394212504037712,2.7845589533999995,5.164146073600001,7.095360802815232,9.779011201800003,13.4918211416207
2017-11-04,0.0,0.5000000000000995,4.8,67.69999999999999,11,0,0.2266131759737746,1.7740566129999995,3.4655969280000014,4.810435375480468,6.639303753000001,9.105061061261715
2017-11-05,0.4,0.4000000000000995,3.6,43.3,11,0,0.13632198867172374,1.6418396290999995,3.172477542400001,4.488870069158398,6.375373377700001,9.049808008198632
2017-11-06,0.0,0.4000000000000995,3.6,24.0,11,0,0.1020939568840182,1.0843184330999998,2.2910214144000007,3.3627284288009758,4.935875627700001,7.220222647540427
2017-11-07,0.0,0.4000000000000995,2.1,19.0,11,0,0.07553772532459148,0.6093110211999998,1.2637339648000006,1.8148848214749997,2.5942923324000007,3.685905737199999
2017-11-08,0.1,0.1000000000000994,1.0,12.9,11,0,0.07612786380368985,0.4813216749999999,0.9391884800000003,1.3276530513085936,1.8769775950000005,2.643631347558593
2017-11-09,0.5,0.6000000000000995,1.0,13.4,11,0,0.06550537117991916,0.8369251724999999,1.2513507840000004,1.6285050936123044,2.1892798355000003,3.0114497801806634
2017-11-10,0.0,0.6000000000000995,1.0,11.1,11,0,0.03422803178770548,0.5434763333999999,0.8400193536000001,1.088917723059375,1.4473341918000002,1.9627718823140619
2017-11-11,0.4,0.9000000000000995,1.4,6.2,11,0,0.027146370038525023,0.7465364035,0.9431664640000001,1.0893307793916014,1.2841866445,1.5461489611123045
2017-11-12,0.1,0.5000000000000995,1.1,4.699999999999999,11,0,0.027736508517623396,0.6084517199999999,0.8008460800000001,0.9274939603125,1.08142876,1.2694730434375
2017-11-13,0.3,0.8000000000000995,1.4,5.0,11,0,0.02006470828934457,0.725916204,0.9406768640000003,1.088369866265625,1.273285884,1.5059993912656249
2017-11-14,0.1,0.5000000000000995,1.5,3.6,11,0,0.012322931241483433,0.6081413428,0.8525414912000001,1.0251143863257812,1.2459572956000002,1.5306994217023435
2017-11-15,0.0,0.4000000000000995,1.4,2.4000000000000004,11,0,0.011212631102868995,0.41439992999999997,0.6390835200000002,0.792597466640625,0.9818901900000001,1.2146696749218748
2017-11-16,1.4,1.5000000000000997,2.3,3.3,11,0,0.019474569810246194,1.690079951,1.9112668160000001,2.073707846644531,2.283701171,2.5539361911757807
2017-11-17,0.1,1.5000000000000997,2.4,3.4,11,0,0.02006470828934457,1.2830559656999996,1.6290134528,1.8626516696478514,2.1553310539000003,2.5262393816169917
2017-11-18,0.4,1.9000000000000992,2.4,3.8,11,0,0.021402985840471192,1.2953144234999998,1.6924733440000002,1.9635664787666012,2.3049301045,2.7400537186123044
2017-11-19,7.4,7.9000000000001,9.7,10.8,11,0,0.09302831904213203,8.292596334,8.700291584,8.97059430478125,9.300097874,9.7036825630625
2017-11-20,5.7,13.5000000000001,15.1,16.5,11,0,0.15623986916050378,11.5048174338,12.6602332672,13.325005159064062,14.0700880866,14.918498434909374
2017-11-21,0.5,13.6000000000001,15.5,17.0,11,0,0.13912620464155956,8.542073193699999,10.585236940800002,11.747504623468163,13.0236079019,14.433078737468554
2017-11-22,10.6,16.800000000000097,26.1,27.5,11,0,0.2220220373427516,16.576626483099997,19.057452134400002,20.565691489513867,22.2863792677,24.25155110667129
2017-11-23,0.6,11.7000000000001,25.3,27.6,11,0,0.2090990012689754,12.195164280699998,15.813749452800003,18.021775444784566,20.553137808899997,23.45935246956621
2017-11-24,0.0,11.2000000000001,25.2,27.6,11,0,0.18706449115314924,8.533790243999999,12.640262144000003,15.298821687632811,18.462956184,22.226511152164058
2017-11-25,0.6,1.2000000000000977,25.4,27.8,11,0,0.18854912997182505,6.573653170799998,10.712209715200002,13.603998434487888,17.2166605656,21.715185594555855
2017-11-26,1.4,2.0000000000000977,19.4,29.1,11,0,0.17706106468026134,5.962010684699998,9.819443916800003,12.687774503237693,16.406844692900002,21.19119459989433
2017-11-27,6.2,8.200000000000099,19.9,35.0,11,0,0.21662415971870802,10.370582726799999,14.044817715200002,16.964920887317966,20.931292379600002,26.271761175975776
2017-11-28,5.0,12.600000000000096,24.4,39.9,11,0,0.2464586248296678,12.248108898799998,16.192904499200004,19.34143299248398,23.698691765600003,29.718678341481635
2017-11-29,2.2,13.400000000000098,16.0,42.1,11,0,0.2401863609930371,10.564644544899998,14.359754649600003,17.183347451490036,20.948602132300003,26.002091074043552
2017-11-30,0.4,7.600000000000098,15.8,41.1,11,0,0.24195677643033225,7.634240289499998,11.275770880000003,13.883661229024412,17.266274810500004,21.689185966682615
2017-12-01,1.2,3.800000000000098,17.0,42.2,12,0,0.24667788426311918,6.529844440199999,10.166929612800002,12.902674842500389,16.565308109400004,21.50535819872929
2017-12-02,0.1,1.700000000000098,16.5,41.900000000000006,12,0,0.19887666745615112,4.371467344199999,7.095377356800003,8.980404930113671,11.312785833400001,14.183478732866014
2017-12-03,0.1,1.4000000000000978,15.2,34.599999999999994,12,0,0.1705500204594293,3.1430786259999994,5.711877376000001,7.6152195479921865,10.072300186000001,13.215062632679684
2017-12-04,0.3,0.5000000000000977,9.3,29.200000000000003,12,0,0.16936974350123252,2.5001550381999995,4.869501900800002,6.772936615793359,9.365070167400003,12.8543095010457
2017-12-05,0.2,0.6000000000000978,4.5,28.9,12,0,0.11090638117335053,1.9331600117999996,4.031177011200002,5.838871480819921,8.419356086600002,12.052351862450386
2017-12-06,3.5,4.000000000000098,5.800000000000001,21.8,12,0,0.12510935756885472,4.8136654733999995,6.574617753600001,8.187416592619922,10.5892706618,14.111502554394137
2017-12-07,0.1,3.800000000000098,5.5,21.299999999999997,12,0,0.12215866517336282,3.2944311769999994,4.693974272000001,5.838682796814453,7.468537267000001,9.793758403396483
2017-12-08,1.9,5.500000000000098,6.200000000000001,23.2,12,0,0.1333712962762319,4.0648641994,5.118308505600001,5.878508355588672,6.878291339800001,8.210385787034765
2017-12-09,0.0,2.0000000000000977,6.1,22.6,12,0,0.12215866517336285,2.7832603847999997,3.8584236032000003,4.563608412700781,5.4233696376000005,6.4826452313585925
2017-12-10,0.0,1.9000000000000976,6.0,21.2,12,0,0.08320952555287031,1.9369832593999996,3.043789209600001,3.800317389059374,4.741561297800001,5.919018194095312
2017-12-11,3.9,3.9000000000000976,9.6,18.9,12,0,0.08084897163647682,5.2219912517,6.2061823488,6.894020495491601,7.748991039900001,8.80458295730449
2017-12-12,6.9,10.800000000000098,16.3,20.8,12,0,0.12880844175064435,10.5525691237,11.8542084608,12.740229980733789,13.8392240919,15.204480115515427
2017-12-13,1.0,11.800000000000098,13.8,19.6,12,0,0.12071244226252963,8.3839736341,10.472629350400002,11.809508043189648,13.420433838700003,15.38438241581582
2017-12-14,1.5,9.400000000000098,15.2,20.700000000000003,12,0,0.1232293124148339,7.360307286399999,9.845891225600003,11.479019515408984,13.473786922800002,15.935542213253513
2017-12-15,0.0,2.5000000000000977,13.3,19.5,12,0,0.12193216175783564,5.1465655954999985,7.855238144000001,9.717791707229491,12.056672542500001,15.01901771474316
2017-12-16,0.0,1.5000000000000977,13.3,19.4,12,0,0.11389672646598563,3.503729579699999,5.908380876800002,7.571062535952537,9.6306307479,12.172487541671678
2017-12-17,0.2,0.2000000000000977,13.5,19.5,12,0,0.11330658798688725,2.6497859532999994,4.915967283200001,6.615715715125585,8.832699829100001,11.703989470664254
2017-12-18,0.0,0.2000000000000977,9.6,19.2,12,0,0.10740520319590353,1.8011798699999995,3.728762880000001,5.249296989609374,7.286940810000001,9.981189812578123
2017-12-19,0.0,0.2000000000000977,2.7,19.0,12,0,0.09147146426024752,1.2608259089999996,2.9830103040000013,4.461902441167968,6.558246729000001,9.482130321949215
2017-12-20,0.0,0.0,1.7,15.5,12,0,0.09088132578114914,0.8825781362999996,2.386408243200001,3.792617074992773,5.902422056100002,9.008023805851757
2017-12-21,0.2,0.2000000000000977,0.4,15.6,12,0,0.08084897163647682,0.7076393482999999,1.6903672832000007,2.6559143368150386,4.152333934100001,6.42254855252949
2017-12-22,0.3,0.5000000000000977,0.7,14.0,12,0,0.08261938707377194,0.6004396219999999,0.9114119680000003,1.199093796341797,1.6312193040000003,2.2701362441582025
2017-12-23,0.0,0.5000000000000977,0.7,14.0,12,0,0.08261938707377194,0.39206021049999995,0.6217553920000002,0.8223553225498046,1.1194189335000002,1.5578924927119135
2017-12-24,1.8,2.100000000000098,2.3,15.8,12,0,0.06550537117991916,2.03207086,2.1363430400000003,2.20369041765625,2.2844593800000004,2.38189245921875
2017-12-25,1.9,3.700000000000098,4.2,13.8,12,0,0.04412881800716519,3.322449602,3.609074432,3.773136855007813,3.9560134420000006,4.162797836257813
2017-12-26,0.0,3.700000000000098,4.2,6.9,12,0,0.03785051155689491,2.3257147214,2.887259545600001,3.2071663267566404,3.5604120978000005,3.9546579444449215
2017-12-27,0.0,1.9000000000000976,4.2,5.9,12,0,0.03394551810612326,1.6223507999999998,2.2883328000000005,2.686716496875,3.134635200000001,3.637177659375
2017-12-28,0.0,0.0,4.0,4.4,12,0,0.03119622196351652,1.1356455599999997,1.8306662400000007,2.28370902234375,2.8211716800000004,3.4553187764062496
2017-12-29,0.0,0.0,3.7,4.4,12,0,0.027465818145502127,0.7949518919999998,1.4645329920000005,1.9411526689921872,2.5390545120000003,3.282552837585937
2017-12-30,0.0,0.0,3.7,4.4,12,0,0.027465818145502127,0.5564663243999999,1.1716263936000004,1.6499797686433593,2.2851490608000002,3.11842519570664
2017-12-31,0.0,0.0,1.9,4.199999999999999,12,0,0.02594301313996507,0.3838769220999999,0.9158262784000004,1.3631079224787106,1.9868984667000005,2.8427565480736323
2018-01-01,0.0,0.0,0.0,4.199999999999999,1,0,0.02478581612213154,0.2602395879999999,0.7004487680000003,1.0995794128046872,1.6836050880000004,2.5209976388984368
2018-01-02,0.7,0.7000000000000977,0.7,4.8999999999999995,1,0,0.02891678547582014,0.8821677115999998,1.2603590144000003,1.6346425008839842,2.2152445792,3.0949477569535144
2018-01-03,0.0,0.7000000000000977,0.7,4.8999999999999995,1,0,0.027146370038525023,0.5666718532999999,0.8150136832000001,1.035072197938086,1.3660989291,1.8624738784767572
2018-01-04,0.0,0.7000000000000977,0.7,4.699999999999999,1,0,0.02596609308032828,0.3429999999999999,0.44800000000000006,0.5057499999999999,0.567,0.6317499999999999
2018-01-05,2.5,2.5000000000000977,3.2,6.8999999999999995,1,0,0.04071955505778756,2.7401,2.8584,2.9298875,3.0103,3.1001624999999997
2018-01-06,0.0,2.5000000000000977,3.2,6.8999999999999995,1,0,0.03009706243401688,1.91807,2.28672,2.490404375,2.70927,2.945154375
2018-01-07,0.0,2.5000000000000977,3.2,5.1,1,0,0.025574669970874948,1.3426489999999998,1.8293760000000003,2.1168437187499998,2.4383430000000006,2.79789665625
2018-01-08,0.0,0.0,3.2,3.1999999999999997,1,0,0.02375422109881266,0.9398542999999998,1.4635008000000003,1.7993171609374998,2.1945087,2.6580018234374996
2018-01-09,0.0,0.0,2.5,3.1999999999999997,1,0,0.021078528353727387,0.6578980099999998,1.1708006400000004,1.5294195867968747,1.97505783,2.5251017322656244
2018-01-10,0.0,0.0,2.5,3.1999999999999997,1,0,0.020754410511972066,0.4605286069999998,0.9366405120000002,1.3000066487773436,1.7775520470000001,2.398846645652343
2018-01-11,0.0,0.0,2.5,3.1999999999999997,1,0,0.020754410511972066,0.3223700248999999,0.7493124096000003,1.105005651460742,1.5997968423000002,2.2789043133697255
2018-01-12,0.2,0.2000000000000977,0.2,3.4,1,0,0.020064708289344566,0.40588574999999993,0.7242880000000003,1.001442720703125,1.39574225,1.9458432402343744
2018-01-13,1.3,1.5000000000000977,1.5,4.699999999999999,1,0,0.027736508517623396,1.5841200249999998,1.8794304000000004,2.151226312597656,2.5561680250000003,3.148551078222656
2018-01-14,6.0,7.500000000000098,7.5,10.7,1,0,0.08706496525737997,7.108884017499999,7.5035443200000005,7.8285423657080075,8.300551222500001,8.991123524311522
2018-01-15,0.9,8.200000000000097,8.4,11.6,1,0,0.08388491750446976,5.805599999999999,6.634400000000001,7.062074999999999,7.498800000000001,7.944724999999999
2018-01-16,0.1,7.000000000000098,8.5,11.0,1,0,0.07614805412995206,4.163919999999999,5.407520000000001,6.102763749999999,6.84892,7.647488749999999
2018-01-17,0.0,1.0000000000000977,8.5,11.0,1,0,0.06998071413437486,2.914744,4.326016000000001,5.1873491875,6.164028,7.2651143125
2018-01-18,0.0,0.1000000000000977,8.5,11.0,1,0,0.06309714979372102,2.0403207999999995,3.4608128000000002,4.409246809374999,5.547625200000001,6.901858596874998
2018-01-19,0.2,0.2000000000000977,8.5,8.7,1,0,0.06309714979372102,1.6282245599999996,2.9686502400000006,3.9478597879687496,5.192862680000001,6.756765667031248
2018-01-20,0.4,0.6000000000000978,7.6,9.1,1,0,0.059020354893420474,1.5397571919999997,2.774920192000001,3.7556808197734375,5.073576412,6.818927383679686
2018-01-21,7.0,7.600000000000097,8.6,16.099999999999998,1,0,0.10442062788835928,8.0778300344,9.2199361536,10.192328696807422,11.5662187708,13.477981014495702
2018-01-22,0.4,7.8000000000000975,8.1,16.499999999999996,1,0,0.10571777854535751,6.048831519099999,7.754474086400001,9.024104511418164,10.7398612057,13.084334575923238
2018-01-23,2.4,9.800000000000097,10.4,18.9,1,0,0.11285210715884789,6.597460281,8.463992832,9.8145521090625,11.612593113000003,14.051759826117184
2018-01-24,11.3,14.100000000000096,21.7,30.2,1,0,0.1935811978484322,15.7487370473,17.4269491712,18.46112286665879,19.6592631611,21.056750199381057
2018-01-25,0.1,13.800000000000097,21.8,30.3,1,0,0.17874592043960802,11.0986931607,13.944922572800003,15.61476747275332,17.4795262489,19.56504944409746
2018-01-26,0.3,11.7000000000001,21.9,30.4,1,0,0.1705500204594293,8.066260459999999,11.445200640000003,13.55286491140625,15.996705780000003,18.82692327796875
2018-01-27,4.8,5.200000000000098,26.299999999999997,33.9,1,0,0.1952300046558661,10.446382322,13.956160512000004,16.319935174695313,19.197035202000002,22.685577114070313
2018-01-28,0.5,5.600000000000098,19.799999999999997,28.4,1,0,0.17770964000876047,7.812467625399999,11.664928409600002,14.371944898491016,17.7773316818,22.051298258366792
2018-01-29,1.7,7.000000000000098,21.1,29.2,1,0,0.18743826993624735,7.163077832799999,11.010467891200001,13.87677828284922,17.6298628256,22.528985957600778
2018-01-30,0.0,2.200000000000098,18.7,29.1,1,0,0.18484396862225083,5.002855472999999,8.765424640000003,11.716511778685545,15.727405167,21.163041884025386
2018-01-31,1.3,3.0000000000000977,8.7,30.4,1,0,0.17940209764590487,4.6042661568,7.560720435200002,9.880914181497655,13.013915569600002,17.213731215155462
2018-02-01,3.9,5.200000000000098,12.5,34.3,2,0,0.20123722137254457,7.1116872998,9.905626675200002,12.220027292536717,15.473052636600002,20.01354987870234
2018-02-02,5.1,10.300000000000097,17.299999999999997,39.2,2,0,0.22897372989016804,10.0103870501,12.766803302400001,15.014524628238474,18.188919116700003,22.675903730595113
2018-02-03,19.0,28.000000000000096,31.499999999999996,57.8,2,0,0.29920020890287424,25.6880739037,28.0001143808,29.537665164952536,31.429960831899997,33.77638113067168
2018-02-04,0.6,24.7000000000001,31.6,51.4,2,0,0.30097062434016936,18.578826980099997,22.989354086400002,25.68732794977558,28.8520969047,32.62768838021425
2018-02-05,0.0,19.600000000000097,29.9,51.0,2,0,0.2832664699672182,12.996704628599998,18.3592710144,21.77516643600703,25.8622836822,30.816682879432026
2018-02-06,0.0,0.6000000000000959,29.9,48.6,2,0,0.22195350339203027,8.962105120499999,14.172020736000002,17.563894329770505,21.602398801500005,26.401911427116204
2018-02-07,7.8,7.800000000000096,36.4,45.099999999999994,2,0,0.2702042649989933,14.0593498219,19.083929497600003,22.630872978134565,27.067819701300003,32.582447386141205
2018-02-08,0.3,8.100000000000096,32.8,45.3,2,0,0.263791900156972,10.093524082999998,15.384607488000002,19.201555544035152,24.068284383000005,30.235472220128898
2018-02-09,5.0,13.100000000000096,32.699999999999996,50.0,2,0,0.27888739125462403,12.065466858099997,17.307685990400003,21.32132221242988,26.661455944700002,33.72369860912245
2018-02-10,0.4,5.700000000000096,14.099999999999996,45.6,2,0,0.2730502132981319,8.809105018299999,14.106562355200003,18.267187154922457,23.9420283781,31.659155657656438
2018-02-11,1.5,6.900000000000096,14.999999999999996,46.6,2,0,0.26497217711516874,7.556208165699999,12.366490572800002,16.25929890475527,21.687979623900006,29.241123811743936
2018-02-12,5.5,7.400000000000096,20.499999999999996,50.4,2,0,0.29742979346557913,10.645283338999999,14.845584128000002,18.316344606904295,23.240921617000005,30.225509231041006
2018-02-13,38.6,45.600000000000094,59.099999999999994,89.0,2,0,0.5259678038151311,45.514995364200004,48.436357836800006,50.428279233394925,52.8919390934,55.93823192395976
2018-02-14,3.9,48.0000000000001,55.2,91.6,2,0,0.5175514461692716,35.743548239999996,42.58466176,46.64591270578126,51.29353812,56.68207816421875
2018-02-15,0.0,42.5000000000001,54.9,87.7,2,0,0.4803727219860742,25.020483768,34.067729408000005,39.64902579991406,46.164184308,53.84797425600782
2018-02-16,5.0,8.9000000000001,54.9,87.60000000000001,2,0,0.44686480109901994,22.514338637599998,32.254183526400006,38.70167192992695,46.54776587720001,56.15557554320742
2018-02-17,26.3,31.3000000000001,80.80000000000001,94.9,2,0,0.6222381570020316,41.839706352099995,51.26582819840001,57.66080078658027,65.47329745670001,74.97764863998768
2018-02-18,5.5,36.8000000000001,84.80000000000001,99.8,2,0,0.6294868591185337,34.779320188999996,46.480450304000016,54.452618347291015,64.321364179,76.54914512621679
2018-02-19,5.7,37.5000000000001,85.0,105.5,2,0,0.6309714979372095,29.9042865078,42.34748933120001,51.00035357349375,61.84583556060001,75.42800317371406
2018-02-20,1.1,12.3000000000001,47.5,106.6,2,0,0.603823630832686,22.021701545499997,34.935041792000014,44.37155077573339,56.6217806285,72.517108239333
2018-02-21,2.5,9.3000000000001,46.1,101.3,2,0,0.6103093841176772,17.872819794499996,30.286972160000005,39.9205065528623,52.93658490550001,70.49314741850877
2018-02-22,11.8,15.400000000000102,57.900000000000006,112.8,2,0,0.6511696298131221,24.155612469199998,35.439019724800005,44.64962134605898,57.52519499440001,75.47543688177225
2018-02-23,2.3,16.6000000000001,55.2,110.1,2,0,0.6473819115709134,18.118574267299998,26.506572339200005,32.652826136598236,40.6136877071,50.890419183082216
2018-02-24,3.7,17.800000000000104,32.6,113.4,2,0,0.6603649581110776,16.272836639999998,24.48649856000001,30.68709203917969,38.892473020000004,49.710824160898426
2018-02-25,7.2,13.200000000000102,34.300000000000004,119.1,2,0,0.6703973122557498,18.590985647999997,26.789198848000005,33.284028233302735,42.203225718000006,54.42528295285351
2018-02-26,0.5,11.400000000000102,29.1,114.1,2,0,0.44555455171927033,13.3724523291,21.394488166400006,27.807051976603706,36.739510945700005,49.21033410901893
2018-02-27,6.3,14.0000000000001,34.3,81.80000000000001,2,0,0.45971787521763124,14.9178067255,20.591649536000006,24.758197345952148,30.1953168765,37.30303590159863
2018-02-28,12.3,19.1000000000001,44.1,90.2,2,0,0.5323049081467309,22.5871033209,28.18276162560001,32.26165852018535,37.558053768300006,44.44483094070761
2018-03-01,3.7,22.3000000000001,36.0,93.9,3,0,0.5075190920245994,19.3499614327,25.634176460800006,30.000225637415426,35.5147812829,42.50978884001347
2018-03-02,1.0,17.0000000000001,34.7,89.9,3,0,0.3599844722500065,14.5139007255,21.389229568000005,26.283629947028317,32.579756870500006,40.72568876485058
2018-03-03,0.5,5.2000000000001,31.5,64.10000000000001,3,0,0.32398602502500584,10.589111695599998,17.342948198400006,22.348899444122264,28.950085083200005,37.6925619785121
2018-03-04,13.1,14.6000000000001,37.400000000000006,71.7,3,0,0.3894913962049251,20.179057393100003,25.707343206400004,29.773446556283396,35.0406709817,41.84283799657363
2018-03-05,22.8,36.4000000000001,59.7,88.8,3,0,0.5175514461692716,36.8603708679,43.118913945600006,47.65461844285723,53.5346434713,61.17360113649668
2018-03-06,1.0,36.900000000000105,54.400000000000006,88.7,3,0,0.4880445222143531,26.6977437654,35.09784668160001,40.77799038036797,47.891068895800004,56.89959440448984
2018-03-07,0.0,23.8000000000001,42.1,86.2,3,0,0.43906302844918826,18.485038456499996,27.305183232000008,33.24379611205957,40.591477237500015,49.743708721749016
2018-03-08,15.2,16.200000000000102,53.599999999999994,89.60000000000001,3,0,0.5151908922528783,28.125403157099996,36.99045949440001,43.358789493080266,51.5579902937,62.15715481604238
2018-03-09,4.5,19.700000000000102,57.099999999999994,91.8,3,0,0.5199120000856652,24.009822803099997,33.4159102464,40.114662321771675,48.7055170917,59.77725435803846
2018-03-10,2.7,22.4000000000001,59.3,90.8,3,0,0.49335576852623836,19.159431405899994,28.112025753600005,34.37590780011504,42.24622056930001,52.123927287504486
2018-03-11,3.0,10.200000000000102,49.2,86.60000000000001,3,0,0.5075190920245993,16.307086141999996,25.092336128000007,31.491086334037107,39.73148828400001,50.30240424794725
2018-03-12,4.8,10.500000000000105,31.2,90.9,3,0,0.48155299894427106,16.1867127745,24.766494720000004,31.370548979590815,40.209661015500004,51.988547096311514
2018-03-13,4.7,12.500000000000105,34.9,89.3,3,0,0.4656770858623721,16.0165751797,24.459508684800007,31.26652943048183,40.7143556939,53.78975127187674
2018-03-14,2.2,11.700000000000102,37.1,79.2,3,0,0.44555455171927033,13.0415600496,20.361005158400005,26.19749531904609,34.275232559200006,45.456809804260146
2018-03-15,25.7,32.6000000000001,47.599999999999994,101.2,3,0,0.5883680636610762,34.185048467,39.540672768,43.4791346022207,48.597840869,55.2327670994121
2018-03-16,6.6,34.5000000000001,49.7,106.8,3,0,0.621415818490585,30.501286401999998,38.12516403200001,43.36039000754687,49.989378342,58.47239180520312
2018-03-17,2.5,34.8000000000001,49.49999999999999,108.8,3,0,0.5140106152946814,23.850900481399997,33.00013122560001,39.35633150641484,47.4904405078,58.048772214942964
2018-03-18,4.8,13.900000000000102,51.3,100.5,3,0,0.4585375982594346,21.066267958499996,29.568017408000003,35.260390834473625,42.241484167500005,50.84553212777245
2018-03-19,0.0,7.300000000000103,46.5,77.7,3,0,0.4526362134684509,14.619273708899998,23.171230105600003,29.085397389769334,36.4482827703,45.60893929481112
2018-03-20,0.1,4.9000000000001025,41.89999999999999,76.8,3,0,0.45322635194754923,10.257223278999998,18.347073792000003,24.291026889583982,31.962022705000006,41.81190259412694
2018-03-21,3.4,3.500000000000103,43.1,80.2,3,0,0.3835900114139414,10.495313720599999,17.755536486400004,23.456749643124216,31.119785114200003,41.32509664670546
2018-03-22,4.1,7.600000000000103,21.499999999999996,69.1,3,0,0.38122945749754783,11.311131484899999,17.789033113600002,23.093240055820115,30.4341500903,40.48490450602596
2018-03-23,2.1,9.600000000000104,16.999999999999996,66.7,3,0,0.3776886266229577,9.885028672399999,15.826567833600002,20.8039443470457,27.8519464128,37.74659566630429
2018-03-24,0.0,6.200000000000102,14.499999999999996,64.0,3,0,0.3599844722500065,6.857375515899998,12.425031065600002,17.250229005439255,24.299659203300003,34.54204461666464
2018-03-25,5.0,7.100000000000103,14.699999999999996,66.0,3,0,0.3605746107291049,9.074201471199999,12.180508364800001,14.603022463066797,17.9086573724,22.427403047405072
2018-03-26,1.0,6.000000000000103,15.699999999999996,62.2,3,0,0.33814934852336676,7.1655073655,10.035737088000001,12.113198024958006,14.816513930500001,18.354369096061518
2018-03-27,0.0,6.000000000000103,15.599999999999996,57.5,3,0,0.3216254711086124,4.9452363435999995,7.760154214400002,9.804032310362498,12.463166437200002,15.939808293162496
2018-03-28,4.4,5.400000000000103,16.599999999999994,59.7,3,0,0.19946680593524949,7.726077321,10.092727296000003,11.788430322972655,13.943193281000003,16.668880570160155
2018-03-29,3.6,8.000000000000103,16.099999999999998,37.6,3,0,0.18294292852049507,9.0082541247,11.674181836800003,13.620165774526757,16.1488739529,19.435436541652145
2018-03-30,9.1,17.1000000000001,23.09999999999999,40.099999999999994,3,0,0.21208413241921412,15.402953134799999,18.4286080512,20.65745346791367,23.5991187136,27.5037910206457
2018-03-31,0.0,12.700000000000102,23.09999999999999,37.599999999999994,3,0,0.19356542114426575,10.6860256097,14.377814220800003,16.889462472968162,20.053700145900002,24.092895876202924
2018-04-01,1.2,10.300000000000102,19.299999999999997,34.0,4,0,0.2006470828934462,8.5644030747,12.262017228800001,14.748858044225972,17.8187485269,21.633429631515426
2018-04-02,0.0,1.200000000000103,18.299999999999997,34.0,4,0,0.20005694441434785,5.935762349999999,9.584128000000002,12.123093088476562,15.304648950000002,19.294410577539058
2018-04-03,4.1,5.300000000000103,22.399999999999995,38.0,4,0,0.20418791376803644,8.255033644999997,11.767302400000002,14.404629125205076,17.874184055,22.429690048662103
2018-04-04,37.3,41.4000000000001,55.29999999999999,71.9,4,0,0.49376569337747,42.937285927,46.176971008,48.5595627347207,51.643373448999995,55.6145208500371
2018-04-05,4.4,45.8000000000001,56.09999999999999,72.2,4,0,0.4973437056483212,34.427852623999996,41.234202624000005,45.478753920171876,50.530357664,56.63505786829686
2018-04-06,3.8,45.5000000000001,50.8,73.89999999999999,4,0,0.46545899346992337,27.899496836799994,36.7873620992,42.45694083214609,49.277321897600004,57.60330497488202
2018-04-07,22.6,30.8000000000001,73.39999999999999,96.5,4,0,0.6247810224397263,42.00535867619999,51.5574432768,57.82215232822499,65.41540457139999,74.68869719348905
2018-04-08,0.3,26.7000000000001,72.49999999999999,91.8,4,0,0.5767085357579805,29.602059983699995,41.159407564800006,48.740081623364645,57.918621729899996,69.09880935255643
2018-04-09,1.5,24.4000000000001,73.99999999999999,92.3,4,0,0.5493163629100413,21.964389511999993,33.450420992000005,41.13751230035937,50.453785752,61.695362737859355
2018-04-10,1.7,3.5000000000000995,71.6,94.0,4,0,0.5315006970859318,17.075072658399993,28.460336793600007,36.66688545530546,47.1084071768,60.31059460096639
2018-04-11,19.6,22.8000000000001,53.89999999999999,109.2,4,0,0.6180922880596668,31.518653830999998,42.239420416,50.53060335180077,61.579152331,76.17658054383202
2018-04-12,21.1,42.400000000000105,70.6,126.7,4,0,0.7549416823729822,43.163057681699996,54.89153633280001,64.05101284903066,76.52123709790001,93.4677515166404
2018-04-13,5.1,45.8000000000001,71.9,122.7,4,0,0.7614274356579734,35.1983255251,48.57299491840001,58.7361758638791,72.5395317837,91.43954248993104
2018-04-14,0.1,26.3000000000001,49.39999999999999,122.8,4,0,0.7176083905836195,23.685195188799998,34.95333893120001,42.682334202388276,52.37987278960001,64.63467753184295
2018-04-15,0.3,5.5000000000000995,49.39999999999999,121.9,4,0,0.7193788060209146,16.755347522599997,27.790224742400007,35.71373669293085,45.907700374200004,59.068501122601944
2018-04-16,0.2,0.6000000000000996,48.099999999999994,122.1,4,0,0.6385298343844379,11.821402671199998,22.024157900800006,29.808553452496483,40.19195226440001,54.039875697366
2018-04-17,5.0,5.5000000000000995,51.39999999999999,123.0,4,0,0.48509382981886123,12.6365878071,20.192669798400004,25.88790889652168,33.2926242917,42.80642708571034
2018-04-18,5.7,10.9000000000001,37.49999999999999,91.4,4,0,0.5122401998573862,14.537137207499999,21.821923584000004,27.645660240741208,35.558758330500005,46.18648464965331
2018-04-19,4.2,14.900000000000098,20.59999999999999,91.2,4,0,0.4839135528606645,14.333624757899997,21.496477593600005,27.40349959811894,35.67986483730001,47.17905500831308
2018-04-20,7.9,17.8000000000001,23.39999999999999,95.3,4,0,0.4488141273213949,17.885516538199997,24.91464596480001,30.85828817102187,39.41912500540001,51.70224946119218
2018-04-21,3.8,15.9000000000001,27.09999999999999,76.5,4,0,0.449685521072959,15.766210088699998,21.627182796800003,26.170806620290428,32.44311507890001,41.18189297906034
2018-04-22,0.0,11.7000000000001,26.799999999999994,76.2,4,0,0.4331616436582046,10.440324286699997,15.036150988800005,18.091135695657616,21.841688484900004,26.489448912177536
2018-04-23,0.0,3.8000000000000993,26.59999999999999,74.7,4,0,0.41309693536886,7.164164623699999,11.481312460800002,14.373405879171289,17.879259591900002,22.111418076452928
2018-04-24,0.6,0.6000000000000995,22.199999999999996,73.6,4,0,0.284446746925415,5.6120904840999986,9.774312550400001,12.797707556861521,16.6564657887,21.545973478706443
2018-04-25,0.0,0.6000000000000995,16.499999999999993,54.00000000000001,4,0,0.192385144186069,3.919989081399999,7.787237785600003,10.818989102030077,14.886215677800003,20.289053722999604
2018-04-26,1.7,2.3000000000000993,13.999999999999991,34.6,4,0,0.18743826993624735,4.438342852,7.908315392000003,10.85676585585742,15.027858422000005,20.854853649001946
2018-04-27,2.6,4.3000000000001,8.699999999999992,32.1,4,0,0.1888443133114788,5.5656023719,8.389781401600002,10.843878955775194,14.381680379300002,19.41842627035996
2018-04-28,4.6,8.9000000000001,9.499999999999991,36.6,4,0,0.21422026791270876,8.3349107684,10.699792281600002,12.695113007666798,15.556045232800004,19.6347044031832
2018-04-29,3.9,11.1000000000001,13.399999999999991,40.2,4,0,0.23015400684836484,9.6157979333,12.0088622592,13.863973558285743,16.435991261100003,20.03827403822285
2018-04-30,12.8,21.3000000000001,26.199999999999992,52.8,4,0,0.2573003768868899,19.3079031066,21.558833766400003,23.029069730251173,24.8378324582,27.106338516328513
2018-05-01,4.8,21.500000000000103,30.39999999999999,52.6,5,0,0.2767749466971361,18.208191579999998,21.639045120000006,23.626586534218752,25.829071140000003,28.275821221406247
2018-05-02,3.5,21.1000000000001,33.89999999999999,50.4,5,0,0.27264397734344753,16.245734106,20.811236096000002,23.582598554085934,26.746164026000002,30.362030160335937
2018-05-03,49.8,58.1000000000001,82.0,96.0,5,0,0.6504695226281438,61.1720138742,66.4489888768,69.84520877097304,73.8715476234,78.64392865231913
2018-05-04,13.8,67.10000000000011,93.2,101.9,5,0,0.7585386014204611,56.60346119699999,66.894766592,73.05030281272265,80.075185797,88.15249005616015
2018-05-05,17.6,81.2000000000001,106.2,115.7,5,0,0.8306652806540171,57.22242283789999,71.11581327360001,79.69275739081425,89.6676672173,101.34486555335214
2018-05-06,1.0,32.400000000000105,103.29999999999998,116.7,5,0,0.7668159498460442,41.00767519419999,57.71011450880001,68.40415729481288,81.1081471474,96.25976947897928
2018-05-07,3.3,21.90000000000011,93.79999999999998,120.0,5,0,0.7465102031024935,31.931929071199992,49.18891873280001,60.93166024930507,75.3907684884,93.19006496301053
2018-05-08,11.1,15.400000000000103,100.1,130.5,5,0,0.7886675994549368,33.322411735299994,49.95721374720001,61.98628895194199,77.3477708151,96.87637179436345
2018-05-09,7.0,21.400000000000105,103.6,137.5,5,0,0.8087734346384097,30.215522867599997,46.54701168640001,58.92053543222187,75.25314781720002,96.69747914161559
2018-05-10,3.9,22.000000000000103,57.7,139.7,5,0,0.7949165313455062,24.689297688599993,39.7632198144,51.46246274182734,67.16474900220001,88.09877236228357
2018-05-11,1.4,12.300000000000107,45.29999999999999,138.5,5,0,0.7901954235127192,18.546920262499995,32.69517977600001,44.198096189717766,60.17461758950001,82.21989643582518
2018-05-12,17.8,23.100000000000108,45.49999999999999,151.7,5,0,0.8651430103582125,30.683977846599998,43.58033418240001,54.67932134606757,70.73678129020001,93.81332232669958
2018-05-13,28.3,47.500000000000114,72.8,176.1,5,0,0.9619257209303455,48.3720577526,57.81703306240001,64.97307780798945,74.5989168442,87.60555663629336
2018-05-14,39.5,85.60000000000011,109.0,202.8,5,0,1.166113634698382,72.97062458319999,84.2718627328,92.01024935688906,101.8272626864,114.46270904298905
2018-05-15,0.2,68.0000000000001,98.1,198.2,5,0,1.0622492623770685,50.78228076999999,65.72770457600002,74.94372243695898,85.707795872,98.40180346024414
2018-05-16,3.8,43.50000000000011,94.9,198.5,5,0,0.8391769172778841,39.3193490141,56.27478947840001,67.3052896670744,80.5883378447,96.68297634799353
2018-05-17,40.0,44.00000000000011,131.0,188.7,5,0,1.0309719229848548,67.43032747769999,84.66549678080001,96.55981068268886,111.3788652079,129.87299563110722
2018-05-18,17.7,61.5000000000001,147.29999999999998,192.6,5,0,1.0934364899547175,64.58768170799999,84.24054400000001,97.5905331921035,114.070648002,134.43336582400582
2018-05-19,32.0,89.7000000000001,161.5,207.0,5,0,1.215685266942645,77.0136445213,98.64081592320002,113.57383238290294,132.22283412110002,155.52053895813688
2018-05-20,10.9,60.6000000000001,144.1,216.9,5,0,1.2605357913541213,64.69938581779999,89.39389342720003,106.66994734853867,128.54070479260002,156.30943794720037
2018-05-21,11.4,54.30000000000011,116.0,225.0,5,0,1.3075278622542372,56.65002353759999,82.76479088640002,101.79383108018084,126.59848449720002,159.05573433490662
2018-05-22,20.1,42.400000000000105,135.9,234.0,5,0,1.339614347553303,59.25221053309998,84.40057226240002,103.12039202088886,127.8321598137,160.54543009971815
2018-05-23,35.3,66.8000000000001,167.40000000000003,262.3,5,0,1.5249178299901918,75.9771424185,99.78176844800001,117.38078757491307,140.48134397750002,170.8739032142861
2018-05-24,19.1,74.5000000000001,146.5,277.50000000000006,5,0,1.602816109231177,71.1682224594,94.68413455360002,111.09713046721757,131.76041119580003,157.78009895365582
2018-05-25,6.6,61.00000000000011,135.4,282.7,5,0,1.5591458617778973,56.412106216599994,82.32583280640003,100.99318601626678,125.11463438820002,156.37134661812536
2018-05-26,9.0,34.70000000000011,112.4,273.9,5,0,1.4275449809389604,48.381133756999986,74.45264435200002,94.09608537733202,120.27819287700001,155.27757891811325
2018-05-27,4.2,19.800000000000107,105.7,249.8,5,0,1.2404710830647767,36.936892633899994,59.46714818560001,76.30669639710331,98.50323598530001,127.76422240267243
2018-05-28,0.4,13.600000000000106,94.7,210.7,5,0,1.2422414985020718,25.755843652999996,46.07319552000001,61.77601498070702,82.881303997,111.1783674580195
2018-05-29,12.3,16.900000000000105,86.9,222.8,5,0,1.244011913939367,29.425169760299998,45.72258257920001,58.50963179469784,75.73546351410002,98.75986702949041
2018-05-30,11.5,24.20000000000011,63.1,230.5,5,0,1.1189025563705122,31.789720810799995,46.90768747520001,59.08725601817929,75.8613221656,98.79564104031755
2018-05-31,1.3,25.100000000000104,45.3,191.8,5,0,0.9288779661008365,23.230782783699997,37.602084300800016,49.27979940596816,65.6002557319,88.33025788098415
2018-06-01,2.2,15.000000000000108,40.9,176.3,6,0,0.8492092714225565,17.893772698099994,30.12344637440001,40.13065396782441,54.23179351270001,74.07913250824353
2018-06-02,1.8,5.300000000000106,33.699999999999996,146.10000000000002,6,0,0.7494758684549317,13.328503259699998,22.108448460800005,28.961389399423236,38.300265225900006,51.03976192771659
2018-06-03,3.2,7.200000000000107,32.7,138.4,6,0,0.7364928219147675,11.990424556199997,18.835911884800005,24.05687986660195,31.010480497400003,40.25189829187773
2018-06-04,4.8,9.800000000000107,37.1,131.8,6,0,0.583056817349191,13.006863524999996,19.160059904000004,23.94897681796289,30.408154743000004,39.08763957831054
2018-06-05,1.9,9.900000000000103,26.7,113.6,6,0,0.456177044343041,10.7505767434,16.261680281600004,20.484760656201953,26.129233307800003,33.6446251462496
2018-06-06,0.0,6.700000000000106,15.2,78.3,6,0,0.3422803178770553,7.406764115799998,12.558372659200003,16.58517405954062,22.051860528600002,29.447698744135927
2018-06-07,1.3,3.2000000000001068,15.2,60.5,6,0,0.29742979346557913,6.473435871099999,11.303748454400004,15.31864818887324,21.007203099700003,29.035819031233782
2018-06-08,46.0,47.300000000000104,59.0,99.9,6,0,0.5641332680375443,50.1839605535,53.72229632,56.59929578715136,60.6177379765,66.21956372704003
2018-06-09,0.0,47.300000000000104,57.2,90.9,6,0,0.548628548197189,34.80392585109999,41.74303395840001,45.84534576916035,50.5461621177,56.02311073944667
2018-06-10,8.7,54.7000000000001,62.7,95.4,6,0,0.5606315551434528,33.026026313399996,41.954840729600015,47.412607178143354,53.738263933800006,61.14359718146444
2018-06-11,7.8,16.500000000000107,65.7,102.8,6,0,0.5734040220628912,30.856073864599992,41.12764938240001,47.667592411872256,55.3973449722,64.56919605606679
2018-06-12,49.7,66.2000000000001,113.5,140.20000000000002,6,0,0.9460043525152838,71.24840616039998,82.40884597760001,89.86307962227812,98.9299892828,109.96300976263436
2018-06-13,4.6,62.10000000000011,118.1,133.3,6,0,0.8766792224280524,54.38349223259999,70.1834793984,80.35361958504609,92.5212193462,107.14890106893982
2018-06-14,92.9,147.2000000000001,209.7,224.9,6,0,1.5566438013815629,130.83285644330002,148.53138744320003,160.2555795064537,174.4954408991,191.81751870714862
2018-06-15,63.5,161.0000000000001,227.2,286.20000000000005,6,0,1.9330596391784187,155.02932921299998,182.12109900800002,199.34318121223825,219.883407773,244.58904258723825
2018-06-16,97.1,253.5000000000001,324.3,381.5,6,0,2.5951884109109122,205.62053044909996,242.79687920640004,266.5417040304025,294.99506699570003,329.45959045787635
2018-06-17,48.2,208.80000000000013,363.8,426.5,6,0,2.767935895301988,192.097649532,242.29791692800006,274.5045117001992,313.242278324,360.4082529139726
2018-06-18,2.4,147.7000000000001,358.4,424.1,6,0,2.660472763067011,135.56896852699998,191.29912115200005,226.67261234549608,268.27884224700006,317.2459410633086
2018-06-19,6.6,57.20000000000012,315.3,428.8,6,0,2.5252025520619314,101.49827796889997,159.63929692160002,199.27172049367164,248.05095802230005,307.9836440101431
2018-06-20,2.0,11.000000000000114,312.7,430.8,6,0,2.5316940753320134,72.80304111159998,128.77728215040003,169.66815510185663,222.21235979120002,289.375450438262
2018-06-21,16.9,25.500000000000114,236.7,446.4,6,0,2.4898806861081426,67.64179808389999,119.08430709760003,159.58231148272048,214.17143197930005,287.13652979028956
2018-06-22,3.9,22.80000000000011,177.1,404.3,6,0,2.385929870994716,49.84535667119999,93.83094881280002,129.76030686457847,179.32497030840003,246.92247742062767
2018-06-23,2.3,23.10000000000011,82.3,406.6,6,0,2.343439900499633,37.061811055299984,76.87083781120003,111.69063857492439,162.08855245310002,234.1221636290997
2018-06-24,79.0,85.20000000000012,113.1,476.9,6,0,2.58008543061808,102.3190726755,130.52160870400002,155.6474106254326,192.48747012250004,245.79339379239934
2018-06-25,25.7,107.00000000000011,136.39999999999998,494.8,6,0,2.6255260935086544,95.52963304169998,123.29902638080002,145.49877435598182,176.79764216390004,221.1839284611423
2018-06-26,9.3,114.00000000000011,139.1,454.4,6,0,2.648541494193491,73.4279084614,97.51318799360001,113.85745354110037,134.5612014138,161.28737523803863
2018-06-27,11.8,46.80000000000011,148.9,461.6,6,0,2.086729662091842,61.838005222799985,84.63511480320003,99.0894892207125,116.09878045960001,136.16388600484686
2018-06-28,16.3,37.40000000000012,148.29999999999998,385.0,6,0,1.6889763271795388,59.5188095962,83.75039380480001,100.05356726718787,119.9520741574,144.2187230504324
2018-06-29,5.4,33.500000000000114,149.79999999999998,326.90000000000003,6,0,1.292993407704532,46.876733052999995,71.69164544000002,89.14616110846092,111.05558903700002,138.45612309893747
2018-06-30,29.6,51.30000000000011,177.1,259.4,6,0,1.3146476739374096,62.3572180873,86.73856798720001,104.98048813351033,128.85267325310002,159.93584306551384
2018-07-01,64.3,99.30000000000013,162.4,275.5,7,0,1.609307632501259,107.47266949029998,131.87623070720002,150.2062374801256,174.37474029010002,206.12039663910954
2018-07-02,35.9,129.8000000000001,172.60000000000002,308.99999999999994,7,0,1.8134166184835552,111.02070329609998,140.98222525440002,162.8074916811779,191.47742034470002,229.37930274412435
2018-07-03,73.6,173.8000000000001,236.9,376.0,7,0,2.2758508277034313,151.24952299999998,186.138819584,211.53355679901756,245.127717898,290.1332426466698
2018-07-04,41.7,151.2000000000001,266.8,415.7,7,0,2.34816100833242,145.3431116329,182.1284952576,205.9504453362478,234.76934934030004,270.02636231450447
2018-07-05,42.8,158.10000000000008,293.3,441.6,7,1,2.577134738222588,143.81421675309997,185.74327971840003,212.79820634425408,245.13137849569998,283.93750486035293
2018-07-06,1.3,85.80000000000008,289.2,439.0,7,0,2.575364322785293,101.70724974559998,148.8960438784,180.34754343224725,218.67553115320004,265.4723760824183
2018-07-07,9.2,53.30000000000008,268.8,445.9,7,0,2.099122570152907,80.06175402809998,127.04981975040002,160.17229394618963,201.89357244470003,254.33366139528454
2018-07-08,70.3,80.80000000000008,274.8,437.2,7,0,2.426320303915229,125.88279316379999,170.1896566272,203.2373970635074,246.32075662660003,302.1575662159347
2018-07-09,114.1,193.60000000000008,353.0,525.6,7,0,3.1313216859937785,202.06541858019995,249.67190471680004,285.7886657205414,333.9058173874,397.91650843325067
2018-07-10,34.1,218.50000000000009,313.49999999999994,550.4,7,0,3.1605075757762386,174.70966626909996,230.65924797440005,271.1928834939748,324.29435382170004,394.39806961013215
2018-07-11,53.7,201.9000000000001,325.5,592.3,7,0,3.3927061163365373,174.18045053729998,231.32323845120004,271.5549267707701,323.1448947411001,389.8793809365978
2018-07-12,82.1,169.9000000000001,364.8,658.1,7,0,3.8294085908693325,203.01222923219996,263.3038576128,305.8538966393226,360.4128492674001,430.99075577111006
2018-07-13,28.0,163.8000000000001,391.5,680.7,7,0,3.694857017634904,168.0295426299,230.74034626560004,273.4858559839471,326.70883114930007,393.3741792546099
2018-07-14,38.6,148.70000000000007,420.9,689.7,7,0,3.678333140220149,155.0427580526,218.71477360640006,262.8533149253468,318.09805708220006,387.338139925639
2018-07-15,19.1,85.70000000000009,369.7,644.5,7,0,3.5803701526898193,126.42093657109999,189.47620387840004,234.09909318076188,290.46481413770005,361.44529192995446
2018-07-16,8.1,65.80000000000008,263.7,616.6999999999999,7,0,3.10530867701563,96.55793381739998,159.5413766656,206.82829247800464,269.0650507518,350.6946693124468
2018-07-17,2.6,29.80000000000009,232.2,545.6999999999999,7,0,2.923129005545559,69.93067644309997,129.24525885440005,176.5928040863693,241.55070402770002,330.2515560058314
2018-07-18,39.6,50.30000000000008,218.1,543.6,7,0,2.9530529494082502,86.5656725097,135.44780206080003,175.8636128482611,232.4835392859,311.24777137708173
2018-07-19,0.7,42.90000000000009,136.70000000000002,501.5,7,0,2.948331841575464,58.07292816569999,96.80684743680003,127.72070138574549,170.15097534190002,228.06949804112867
2018-07-20,0.4,40.70000000000009,109.1,500.6,7,0,2.856860377315216,40.08780911689999,74.18401832960002,102.24917898986503,141.6459430003,196.64909351104347
2018-07-21,12.7,13.800000000000084,83.2,504.1,7,0,2.3145231150238126,39.24457429469999,66.28122106880002,89.03964662828847,121.45731646690002,167.36446519839035
2018-07-22,3.3,16.400000000000084,67.4,437.1,7,0,1.890803687031182,28.45208021199999,47.509556480000015,62.82031103767186,83.98508488800002,113.13993922699997
2018-07-23,10.6,26.600000000000083,69.9,333.6,7,0,1.6335033101442922,29.725525451199992,45.60116807680001,58.484781060480856,76.42358007640001,101.31830796697537
2018-07-24,10.6,24.500000000000085,77.9,310.09999999999997,7,0,1.339614347553303,30.317513354699997,42.936291020800006,52.71271189385683,65.9222342809,83.74114671402518
2018-07-25,34.0,55.20000000000009,72.3,290.4,7,0,1.078773139791823,54.6827316227,66.2981859328,75.0455039868705,86.6702526469,102.11821383887087
2018-07-26,40.5,85.1000000000001,112.1,248.8,7,0,1.2021120819233826,78.5491071842,92.6688178688,102.69399571368007,115.67893201740003,132.66253393909648
2018-07-27,4.5,79.00000000000009,116.2,225.3,7,0,1.098247709602069,59.41093146419999,78.35588142080002,91.27802290534217,107.70447487140001,128.97269120012186
2018-07-28,1.4,46.40000000000009,104.9,188.1,7,0,0.9849411216151819,41.869050038899985,59.83268751360001,71.19009305764823,84.52636115630001,100.21407384627597
2018-07-29,13.6,19.500000000000092,115.2,182.6,7,0,1.025070538193871,42.8885617598,61.390988083200014,73.9737670159625,89.42965013260002,108.3842542964953
2018-07-30,59.3,74.3000000000001,163.89999999999998,233.8,7,0,1.261716068312318,89.31069422190001,108.36984079360002,122.09895220183182,139.64721374330003,162.02554680597515
2018-07-31,13.7,86.60000000000008,167.0,244.9,7,0,1.2420217540758256,75.85874238909999,99.03222051840001,114.98380443642988,134.9542761797,160.020310337349
2018-08-01,18.4,91.40000000000008,151.4,223.7,8,0,1.3399566286791935,71.4079028402,97.27144161280002,115.486548236641,138.70820970940002,168.44346292099488
2018-08-02,41.0,73.1000000000001,151.89999999999998,264.0,8,0,1.555605030903307,90.6861082242,117.6789869568,137.07669731513317,162.1413972734,194.67467821901832
2018-08-03,7.6,67.00000000000009,155.0,271.2,8,0,1.5190164451992083,70.780851993,100.60502323200002,122.02832403185155,149.83126608100002,186.19433275214058
2018-08-04,17.5,66.10000000000011,171.1,276.0,8,0,1.5721289083180616,66.08618054849998,94.33329638400002,114.53034567948924,140.49307250950002,174.02756018042868
2018-08-05,135.9,161.0000000000001,293.4,408.6,8,0,2.348751146811518,181.01630162549998,207.01798272000002,225.27738045176656,248.22228843450003,276.9773361322529
2018-08-06,12.1,165.5000000000001,246.2,410.1,8,0,2.3446201774578297,138.68429727579996,177.23120235520003,202.69983856446834,233.93100661060004,272.53415309906757
2018-08-07,4.5,152.5000000000001,237.0,404.00000000000006,8,0,2.099122570152907,101.53946155819999,146.13463802880005,176.5192386137211,214.54975613340002,262.56921372918043
2018-08-08,12.9,29.500000000000114,231.5,382.9,8,0,2.0942497357236767,83.5934567521,128.34742154240004,160.26386092262908,201.25275373470004,254.19793066907948
2018-08-09,22.9,40.30000000000011,213.4,365.3,8,0,2.1280393556287276,79.74034149989998,119.21064821760002,147.44962960682986,183.3508468633,228.8829336387896
2018-08-10,57.3,93.10000000000012,263.1,418.1,8,0,2.45674648848652,112.73124795879998,151.1974922752,179.9350058263375,217.5388675476,266.5360908892843
2018-08-11,62.2,142.4000000000001,307.8,478.9,8,0,2.4850731354832423,140.592119113,181.18230886400005,211.52226591251758,251.56929749500003,304.3925266628339
2018-08-12,8.3,127.80000000000013,180.2,473.6,8,0,2.4366817801971754,105.55633485819999,148.84350561280002,180.0220754476703,220.41655170140004,272.92468582091874
2018-08-13,47.5,118.00000000000011,215.6,461.8,8,0,2.6432302478816054,121.17475321149999,165.75876070400003,199.02251865753027,243.2249403865,302.2280507916611
2018-08-14,6.0,61.80000000000011,217.1,454.1,8,0,2.3983227790557815,90.32799556229999,136.72796037120003,171.72383878293806,218.80057364610002,282.6387518154064
2018-08-15,2.6,56.100000000000115,206.8,438.3,8,0,2.334587823313157,61.99075825969999,97.39021690880001,121.81003141559314,152.13511627190002,189.7384641821404
2018-08-16,4.9,13.500000000000114,188.8,402.2,8,0,2.323375192210288,47.95173573049999,81.51294592000002,106.05634641073144,137.60259551950003,177.90682400824898
2018-08-17,3.1,10.600000000000112,134.60000000000002,397.7000000000001,8,0,1.9740132125840526,36.539101149299995,67.82717291520001,92.36195962958845,125.37328298710001,169.4171665812638
2018-08-18,16.0,24.000000000000114,88.39999999999999,396.2000000000001,8,0,1.533769907176667,41.212977733299994,68.87661137920001,91.96798586915487,124.3380028111,169.22260173602555
2018-08-19,0.8,19.900000000000116,80.9,261.1,8,0,1.4588223203311743,29.002216093099992,53.44242032640002,74.46436412937909,104.71946625170003,147.85039574066536
2018-08-20,2.7,19.500000000000114,36.1,251.7,8,0,1.458822320331174,21.382968088399995,39.30139560960001,54.71380614124881,76.96824500880001,108.85024933527302
2018-08-21,10.4,13.900000000000114,40.5,257.6,8,0,1.3708916869455168,23.611081613099998,35.16244234240001,44.661147270068554,57.9836215337,76.5662992478822
2018-08-22,11.1,24.200000000000113,49.0,255.8,8,0,1.31541866991027,27.3933026725,38.33874816000001,47.42791762353026,60.39122832750001,78.86846768980955
2018-08-23,3.8,25.30000000000011,47.9,236.7,8,0,0.8362262248823924,21.633554437999997,29.370724864000003,34.7621957738164,41.58987959000001,50.28503969149608
2018-08-24,19.2,34.100000000000115,64.0,198.6,8,0,0.7955066698246047,34.174002957199995,42.05233479680001,47.5666199816996,54.538820990400005,63.37836607149101
2018-08-25,47.1,70.10000000000011,95.1,183.5,8,0,1.0292015075475598,70.9483585053,80.46269496320001,87.01975353315879,95.2783749471,105.75273172589667
2018-08-26,3.0,69.30000000000011,97.3,178.20000000000002,8,0,0.7677701613069812,52.52543808169999,66.8440224768,76.00210592191543,87.04201309590002,100.53128413733377
2018-08-27,1.1,51.20000000000011,95.7,131.79999999999998,8,0,0.7471587784309928,37.78023932999999,54.24235801600002,65.09147938017188,78.356908622,94.74863541882812
2018-08-28,32.3,36.40000000000011,117.6,158.1,8,0,0.9117639502069839,58.29420713259999,73.97589949440001,84.47776700369452,97.2423627182,112.73141262007265
2018-08-29,11.8,45.20000000000012,118.3,167.3,8,0,0.9524835052647715,52.58334697289999,70.8948202496,83.44860242966776,99.0391836943,118.4158524376783
2018-08-30,19.5,63.60000000000011,134.0,181.9,8,0,1.0331804982991069,56.2320745638,75.9259459072,89.89975117349765,107.69383353660001,130.37847007985076
2018-08-31,64.6,95.9000000000001,179.39999999999998,243.4,8,0,1.3847083263456335,103.66867793569998,124.22406522880001,138.96729469232946,157.8981944059,182.23268240777907
2018-09-01,1.1,85.2000000000001,133.4,228.5,9,0,1.3419749014696967,73.35452702859999,99.28739875840002,117.03689460029804,139.3380442802,167.5750682618441
2018-09-02,15.9,81.60000000000011,146.3,243.6,9,0,1.4169224883151899,67.1408283254,94.92189711360001,114.63323767375857,139.97926177980003,172.82111447964607
2018-09-03,11.1,28.100000000000115,156.3,252.0,9,0,1.42046331918978,57.55622734969999,84.97593338880002,104.75826345935292,130.3867095519,163.7843095222869
2018-09-04,6.3,33.30000000000011,130.29999999999998,247.9,9,0,1.388595841318468,45.25890072199999,69.22342272,86.07173949600192,107.22528406800001,133.6945842080449
2018-09-05,9.9,27.30000000000011,128.4,246.7,9,0,1.4287252578971572,41.496487930699985,64.95661562880002,82.47035535857948,105.35672034090001,135.1136441799275
2018-09-06,2.3,18.500000000000117,111.2,245.2,9,0,1.241061221543875,31.316469274099994,54.14718090240002,72.18324021001776,96.7375020227,129.9993513377689
2018-09-07,4.0,16.200000000000117,50.6,230.0,9,0,1.0787731397918228,25.009133437599992,43.84955863040001,58.99671091830976,79.80143820520001,108.16018063348082
2018-09-08,12.3,18.600000000000115,61.8,195.2,9,0,1.133065879868873,29.473072612499994,46.11263155200001,60.124086309342765,80.00688879150002,107.9870757187939
2018-09-09,9.5,25.80000000000011,55.400000000000006,201.7,9,0,1.174375573405759,29.580324093199994,44.29630868480001,56.76642247829726,74.70697033040001,100.41235161770582
2018-09-10,92.3,114.10000000000012,136.6,292.9,9,0,1.5355403226139623,111.1814367567,120.8006747648,127.83337258614199,137.0116460669,149.01332776202128
2018-09-11,58.0,159.80000000000013,188.3,318.59999999999997,9,0,1.792584147696467,135.7959334523,154.5224282112,166.4418048534459,180.92693517610002,198.90405074075798
2018-09-12,11.7,162.0000000000001,190.1,318.5,9,0,1.7344169900701136,106.30801777069999,133.61069306880003,150.0452310964115,168.99025446090002,191.1389308698299
2018-09-13,10.6,80.30000000000011,198.4,309.6,9,0,1.5835125473288805,84.70206491309999,116.29670103040002,135.95314054376774,158.82089832970001,185.53600430079234
2018-09-14,17.6,39.90000000000011,212.0,262.6,9,0,1.6036544371515775,76.71348603229998,109.96090347520001,131.91986071485601,158.34213432410002,190.08716136855094
2018-09-15,0.7,28.900000000000112,200.4,262.2,9,0,1.4876080963131388,54.11978972609998,87.60571837440001,110.88282500465448,139.7560043347,175.3553076016634
2018-09-16,3.6,21.900000000000112,194.5,249.9,9,0,1.4438112511622032,41.41888350099999,73.43761408000002,97.39759012397263,128.578443489,168.810447261332
2018-09-17,0.4,4.70000000000011,102.6,239.2,9,0,1.405462736857605,29.28022835109999,58.720594534400014,82.40045398801385,114.7258853797,158.37497714131186
2018-09-18,1.8,5.80000000000011,46.40000000000001,234.7,9,0,1.3373623273651971,21.948715289499994,47.45577318400001,69.41883071642089,100.76455202850002,144.8917639316142
2018-09-19,5.3,7.50000000000011,40.000000000000014,230.1,9,0,1.3325326858041229,20.395749216099993,42.24456381440001,62.435699267720885,92.67565164470001,137.2591748122689
2018-09-20,1.7,8.800000000000109,31.100000000000016,229.5,9,0,1.323680608617647,13.369777902999996,25.58501401600001,36.59883685691406,52.92506645900001,76.8327965799531
2018-09-21,11.2,18.20000000000011,24.700000000000017,236.7,9,0,1.3177792238266635,18.920488087899997,25.440308633600004,30.890295876615035,38.6092102873,49.46441427512947
2018-09-22,1.1,14.000000000000108,25.100000000000016,225.5,9,0,1.1159518639750203,14.013845620199996,20.195968972800003,25.053320964336326,31.768751509400005,41.08597137228397
2018-09-23,3.0,15.300000000000107,24.500000000000018,219.0,9,0,0.61964540305329,12.5102681702,18.018608844800003,22.208454133674216,27.8958848934,35.68506124774296
2018-09-24,21.6,25.70000000000011,45.70000000000002,148.3,9,0,0.5075190920245994,29.860031280900003,34.125101465600004,37.01219649722637,40.569555858300006,44.96303805476035
2018-09-25,11.0,35.60000000000011,54.90000000000002,101.3,9,0,0.5264035233557472,31.8822486292,38.224919244800006,42.322554939603904,47.268525364400006,53.29577029455547
2018-09-26,4.0,36.60000000000011,53.600000000000016,93.6,9,0,0.48214313742336945,26.215882950799998,34.193388339200006,39.265423843036714,45.2864304436,52.47552879856953
2018-09-27,2.2,17.200000000000106,54.10000000000002,85.2,9,0,0.40795388162595,20.5398190556,29.511760998400007,35.49686050484492,42.818316023200005,51.81225758294569
2018-09-28,0.8,7.000000000000107,43.70000000000002,68.39999999999999,9,0,0.40146812834095874,15.127027794099998,24.216135270400006,30.61795750130488,38.708863228700004,48.943918213169326
2018-09-29,3.2,6.200000000000107,45.80000000000002,70.9,9,0,0.3948026425168105,13.639207573899998,22.003825049600003,28.18182953310332,36.189981173300005,46.52341652454746
2018-09-30,18.9,22.900000000000105,61.70000000000002,86.19999999999999,9,0,0.5063388150664027,28.399424509399992,36.3205239296,42.51986861575858,50.8782297078,62.07939290161483
2018-10-01,4.2,26.300000000000104,44.30000000000001,90.0,10,0,0.49689659940082864,23.763224877699997,32.053828300800006,38.1368949947787,46.0852082079,56.469569537064245
2018-10-02,43.5,66.60000000000011,76.80000000000001,131.7,10,0,0.7459350375803414,60.10318513699999,69.02495104,75.6997989007871,84.59314110300001,96.48748042704882
2018-10-03,20.3,68.00000000000011,93.1,146.7,10,0,0.8456684405479664,62.28748702119999,75.19783828480001,84.05420585264687,95.3877916724,110.16689558798123
2018-10-04,2.7,66.50000000000011,93.6,147.70000000000002,10,0,0.8008179161364899,45.691094377,60.53898828800001,69.89358784099022,81.017558199,94.42583292103319
2018-10-05,13.2,36.2000000000001,106.0,149.7,10,0,0.8769457799401799,44.87304329,60.45007462400001,70.44393121709375,82.28033953800002,96.31843494335936
2018-10-06,9.9,25.800000000000104,112.7,158.5,10,0,0.9141245041233773,41.1981402034,57.83056296960001,68.98984391716678,82.55759182380001,99.00756543923788
2018-10-07,6.4,29.500000000000107,100.20000000000002,161.9,10,0,0.8155713781139492,35.1765535876,52.42822717440001,64.60824364004219,79.9347400732,99.13996590095155
2018-10-08,0.4,16.700000000000106,96.40000000000002,140.70000000000002,10,0,0.7958019280684272,25.000989491399995,42.25668239360001,55.15950757056328,72.06232331380002,94.10397805451326
2018-10-09,2.4,9.200000000000106,55.30000000000001,132.1,10,0,0.7906133254404341,19.810300564299997,35.861748531200014,48.65558334108847,66.14031997410001,89.88282094622478
2018-10-10,4.5,7.300000000000106,39.500000000000014,132.6,10,0,0.7695405767442762,17.833332174399995,31.16002677760001,42.136319597885546,57.43626545880001,78.57255174730818
2018-10-11,2.3,9.200000000000106,39.100000000000016,132.7,10,0,0.778392653930752,14.664692917499998,26.77704985600001,37.288999159971674,52.5281894645,74.42922901514157
2018-10-12,23.1,29.90000000000011,49.000000000000014,155.0,10,0,0.8887485495221473,32.1365177091,39.85086295040001,46.23161269715449,55.207858373700006,67.76271070751503
2018-10-13,13.3,38.70000000000011,52.40000000000002,165.1,10,0,0.8604219025254255,35.2221376409,43.00099445760001,48.600320384464645,55.9089002023,65.52021530560019
2018-10-14,1.9,38.30000000000011,47.90000000000001,148.10000000000002,10,0,0.846848717506163,26.479228031399998,36.01088527360001,42.678711435074995,51.27657839380001,62.527614804376555
2018-10-15,9.3,24.500000000000107,56.80000000000002,153.2,10,0,0.6438410806963232,27.462592293300002,36.69136901120001,42.978162582516205,50.84636514510001,60.79790646621112
2018-10-16,36.6,47.80000000000011,91.00000000000004,146.3,10,0,0.7412139297475545,55.54416410879999,64.89009080320001,71.18238159216563,78.90981207360001,88.43051544444063
2018-10-17,35.8,81.7000000000001,122.3,161.8,10,0,0.9318286584963283,74.5001307168,87.02487787519999,95.04502816556015,104.58728884960001,115.97707326109297
2018-10-18,14.5,86.9000000000001,134.50000000000003,173.60000000000002,10,0,0.998419605559467,66.63879249179999,84.07695262720001,95.20952417898984,108.4890885886,124.43872482234296
2018-10-19,22.4,72.7000000000001,133.8,182.8,10,0,1.0617178127530686,68.9793606845,89.403864064,102.85559698172362,119.2033514735,139.1798199270537
2018-10-20,4.4,41.3000000000001,124.90000000000002,177.3,10,0,1.0610692374245694,52.55843861709999,75.43990743040001,90.94132261493183,110.1139633457,133.9265127041283
2018-10-21,11.9,38.7000000000001,134.90000000000003,182.8,10,0,1.1233324689604858,48.625937724699995,72.00496532480003,88.74731309270838,110.20060659890001,137.7530921086736
2018-10-22,11.8,28.1000000000001,137.4,194.2,10,0,1.1230335257242006,45.1856385821,66.9236286464,82.68741738853144,102.92607397270001,128.83461420683338
2018-10-23,0.0,23.700000000000102,100.8,191.8,10,0,1.0994279865602659,31.254254926299993,52.11082629120001,67.66587520252011,87.99604332210001,114.42968220462126
2018-10-24,0.0,11.8000000000001,65.00000000000003,187.3,10,0,1.0899857708946918,21.824308151099995,41.48465008640001,57.14193255389472,78.53394995370002,107.57059790983726
2018-10-25,5.0,5.0000000000000995,55.50000000000002,190.0,10,0,0.977269321386903,20.014313724199994,37.18914017280001,51.73971071044179,72.43784546540002,101.62381447942849
2018-10-26,0.9,5.9000000000001,34.00000000000002,167.79999999999998,10,0,0.9082231193323937,13.876160195599997,26.721417062400008,37.67315090500507,53.33243001120001,75.5288517793324
2018-10-27,0.0,5.9000000000001,29.600000000000023,154.5,10,0,0.9005513191041148,8.702050745499998,17.53313792000001,24.974074593856443,35.51649885450001,50.31762676563182
2018-10-28,0.0,0.9000000000000995,17.70000000000002,152.6,10,0,0.8256037322586217,5.681846410799999,12.469584691200005,18.373284541837496,26.909011587600006,39.120059808393734
2018-10-29,0.0,0.0,5.900000000000022,143.29999999999998,10,0,0.5635822475389447,3.344547929799999,7.570486067200003,11.207305203329685,16.407713370600003,23.75234937903437
2018-10-30,0.0,0.0,5.900000000000022,106.7,10,0,0.41486735080615506,2.216894441299999,5.583942451200002,8.659962043731053,13.232756897100003,19.93028937743378
2018-10-31,0.0,0.0,5.900000000000022,70.9,10,0,0.3127733939221368,1.2156805625999996,3.1894011904000017,5.018162325516796,7.760207770200002,11.808805331625386
2018-11-01,0.0,0.0,0.9000000000000213,56.4,11,0,0.20064708289344627,0.5176555999999998,1.2845056000000006,1.9423200054687495,2.8697814000000004,4.153269182031249
2018-11-02,1.2,1.2000000000000994,1.2000000000000213,35.2,11,0,0.1811725130832,1.5623589199999999,2.22760448,2.850972004648437,3.782803260000001,5.145605722929686
2018-11-03,0.3,1.5000000000000997,1.500000000000021,31.1,11,0,0.10858548015410029,1.393651244,2.0820835840000003,2.7233262039511716,3.7045229340000008,5.1883254367832015
2018-11-04,8.0,9.5000000000001,9.50000000000002,27.200000000000003,11,0,0.0989916728268841,8.834318246299999,9.128795955200001,9.330455251654882,9.5906784401,9.935224468752148
2018-11-05,1.6,9.9000000000001,11.10000000000002,17.0,11,0,0.11449639266723945,7.7585999999999995,8.8064,9.3537,9.9178,10.499600000000001
2018-11-06,0.0,9.6000000000001,11.10000000000002,17.0,11,0,0.1003235414467231,5.431019999999999,7.045120000000002,7.950645,8.926020000000001,9.974619999999998
2018-11-07,0.0,1.6000000000000996,11.10000000000002,17.0,11,0,0.08807485778886018,3.801713999999999,5.636096000000001,6.75804825,8.033418000000001,9.475888999999999
2018-11-08,0.0,0.0,11.10000000000002,12.0,11,0,0.08239745443650624,2.6611997999999994,4.508876800000001,5.7443410125,7.2300762,9.002094549999999
2018-11-09,0.0,0.0,9.900000000000022,11.1,11,0,0.07348962152445153,1.8628398599999993,3.607101440000001,4.882689860624999,6.50706858,8.551989822499998
2018-11-10,2.0,2.0000000000000995,11.60000000000002,13.1,11,0,0.08610905148319571,3.3039879019999994,4.885681152000002,6.1502863815312505,7.856361722000001,10.124390331374999
2018-11-11,1.2,3.2000000000000997,4.800000000000021,14.3,11,0,0.09274627197537501,3.5127915313999996,5.108544921600001,6.427743424301562,8.270725549800002,10.818170814806248
2018-11-12,10.3,13.5000000000001,13.50000000000002,24.6,11,0,0.15176662686879547,12.7250570421,14.257986918400004,15.52733262544746,17.325238866700005,19.85877794697988
2018-11-13,29.6,41.1000000000001,43.10000000000002,54.2,11,0,0.475875632023214,38.499065672,40.974177280000006,42.73917041032813,45.08811144800001,48.28621796785937
2018-11-14,19.6,59.5000000000001,62.700000000000024,73.80000000000001,11,0,0.6086771453068229,46.3233657712,51.5203483648,54.35329961405313,57.389872782400005,60.68201155555937
2018-11-15,6.5,55.7000000000001,69.20000000000002,80.30000000000001,11,0,0.6055146472984132,38.881159999999994,47.54448000000001,52.385305625,57.593,63.189931875
2018-11-16,0.2,26.3000000000001,69.40000000000002,79.3,11,0,0.5581594308067004,27.416812,38.235584,44.72750978124999,52.0337,60.230435281249996
2018-11-17,1.3,8.0000000000001,68.70000000000002,80.30000000000001,11,0,0.5099734342151329,20.491768399999998,31.888467200000008,39.318383314062494,48.13033000000001,58.518913517187485
2018-11-18,2.1,3.6000000000000996,69.60000000000002,74.4,11,0,0.516654308899174,16.444237879999996,27.610773760000008,35.52062581695312,45.417297000000005,57.69296784132812
2018-11-19,5.6,9.0000000000001,64.90000000000002,78.4,11,0,0.5084830575433146,17.110966515999998,27.68861900800001,35.79253194441015,46.47556730000001,60.408319449261704
2018-11-20,4.7,12.4000000000001,40.00000000000002,83.10000000000001,11,0,0.5259945914127909,16.621181511399996,26.636146841600006,34.72990334406718,45.83065368980001,60.890429598321866
2018-11-21,2.1,12.4000000000001,22.50000000000002,85.2,11,0,0.5318317693692831,13.700930028099997,23.280068454400006,31.384168557248238,42.9291741927,59.22742379131971
2018-11-22,3.6,10.400000000000102,19.600000000000023,88.80000000000001,11,0,0.5234528309602554,12.899701513199998,21.11810068480001,28.24873690895156,38.64486884040001,53.699062127598424
2018-11-23,0.4,6.100000000000101,19.800000000000026,89.2,11,0,0.5146007537737799,8.593664322199999,14.116204748800005,18.583944004123435,24.859500129400004,33.69149561976249
2018-11-24,0.0,4.000000000000101,18.50000000000002,87.2,11,0,0.49748673787992703,5.461913537499998,9.188429824000004,11.937614078426757,15.539452690500001,20.271676829702145
2018-11-25,0.0,0.4000000000001004,16.40000000000002,86.0,11,0,0.4414235823655818,3.6397305643999993,6.652811673600002,8.867288338448045,11.719097560800002,15.366302883167574
2018-11-26,0.0,0.0,10.800000000000022,75.69999999999999,11,0,0.2620214847196769,2.542161890099999,5.300774502400001,7.497820206812694,10.477452116700002,14.47824035116152
2018-11-27,0.0,0.0,6.100000000000022,46.1,11,0,0.13278115779713354,1.7427915406999992,4.101033164800001,6.1172104501478515,8.976424932900002,12.97597031259355
2018-11-28,0.0,0.0,4.000000000000021,26.5,11,0,0.11802769581967425,1.1606342761999995,3.0553407488000017,4.786192633510155,7.346557715400001,11.069824224563277
2018-11-29,0.6,0.6000000000001003,1.000000000000021,20.6,11,0,0.11979811125696936,1.2542578538999998,2.442977177600001,3.565767074175586,5.259302679300001,7.763406153600193
2018-11-30,11.1,11.7000000000001,11.70000000000002,31.5,11,0,0.17822182068770814,11.8452171307,12.5497230848,13.205592312647852,14.1945837429,15.661172231499801
2018-12-01,5.5,17.200000000000102,17.20000000000002,35.7,12,0,0.19798334565376813,13.7323321892,15.314292684800002,16.311317216635153,17.5429006444,19.120766047524217
2018-12-02,5.0,21.6000000000001,22.20000000000002,38.599999999999994,12,0,0.22096514854835927,14.510941442799998,16.8648870912,18.15587177851328,19.5333681956,21.00927476388984
2018-12-03,4.0,14.5000000000001,26.20000000000002,37.0,12,0,0.23486628743696034,14.146359999999998,17.44896,19.35374125,21.44056,23.71931625
2018-12-04,7.6,16.6000000000001,33.80000000000002,39.9,12,0,0.2799228565374993,17.502451999999998,21.559168,24.050680062499996,26.896504,30.133350437499992
2018-12-05,6.3,17.9000000000001,40.10000000000002,44.1,12,0,0.2976700831444954,18.551716399999997,23.547334400000004,26.743078053124997,30.506853600000003,34.926682915624994
2018-12-06,34.7,48.60000000000011,74.20000000000002,75.2,12,0,0.5508010017287172,47.686201479999994,53.537867520000006,57.43161634515625,62.15616824000001,67.88034876984375
2018-12-07,15.8,56.80000000000011,78.90000000000003,90.6,12,0,0.6022987322599573,49.180341036,58.63029401600001,64.61687389338282,71.740551416,80.28633133135156
2018-12-08,0.0,50.500000000000114,73.40000000000003,90.6,12,0,0.5876092476202078,34.4262387252,46.90423521280001,54.92434280937539,64.56649627440001,76.27201476478398
2018-12-09,0.6,16.40000000000011,69.00000000000003,91.20000000000002,12,0,0.5876092476202078,24.681418592699995,38.05896366080001,47.167566745364645,58.50063958290001,72.69917186300175
2018-12-10,2.7,3.300000000000107,67.70000000000003,93.9,12,0,0.5541400318733707,19.663445488499995,31.955317504000007,40.60712584537793,51.48024493950001,65.11823324430566
2018-12-11,0.0,3.300000000000107,60.10000000000003,93.9,12,0,0.5541400318733707,13.609050454999997,24.973696000000007,33.43324774469727,44.41448902500001,58.56926841627928
2018-12-12,0.2,2.900000000000107,54.00000000000003,94.1,12,0,0.5517794779569772,9.585097693999998,19.642085888000008,27.63388856128906,38.429647922,52.84712029927343
2018-12-13,10.1,10.300000000000107,29.40000000000002,103.6,12,0,0.5305344927094359,16.696578286199998,25.384171980800005,32.801307659732814,43.29196936940001,57.90981652735623
2018-12-14,4.0,14.300000000000106,17.600000000000023,96.5,12,0,0.5334851851049277,15.472923611099997,23.491293798400008,30.384866037783397,40.3128162877,54.463924962776744
2018-12-15,0.0,14.100000000000106,17.600000000000023,91.0,12,0,0.5051585381082059,10.653087120899999,18.116577689600007,24.586827384769332,34.08486048630001,47.96868599743612
2018-12-16,0.0,4.000000000000107,17.00000000000002,86.00000000000001,12,0,0.47978258350697595,6.476971870599998,10.767378022400003,14.067261446430857,18.577232566200003,24.794079905992575
2018-12-17,0.0,0.0,14.30000000000002,82.00000000000001,12,0,0.43670247453279476,4.087569415999999,6.917390336000001,8.84655664088281,11.210389956,14.09433227072656
2018-12-18,0.1,0.1000000000001065,14.40000000000002,74.5,12,0,0.38063931901844955,2.9612985911999994,5.633912268800001,7.61957314475039,10.189350960400002,13.489615657190232
2018-12-19,0.0,0.1000000000001065,14.20000000000002,68.2,12,0,0.15461628152377327,2.0559604988999993,4.442705305600001,6.358512530433398,8.961208800300001,12.455892710787692
2018-12-20,0.0,0.1000000000001065,4.100000000000021,33.5,12,0,0.1044545108004117,1.3629040319999994,3.264253952000001,4.873174759148436,7.123656132000001,10.216508339304683
2018-12-21,1.9,1.9000000000001065,2.0000000000000213,19.6,12,0,0.11566714190328076,2.8540328223999993,4.5114031616000005,6.042198545276171,8.311290518800002,11.605682922339449
2018-12-22,1.8,3.700000000000107,3.800000000000021,21.4,12,0,0.12215866517336285,3.7921734706999994,5.387647692800002,6.896493882616602,9.2104257789,12.7056513883748
2018-12-23,0.0,3.700000000000107,3.800000000000021,20.799999999999997,12,0,0.10681506471680517,2.3692214279999995,3.225638912000001,3.873588316382812,4.767730956,6.0231257326484355
2018-12-24,0.3,2.1000000000001067,4.100000000000021,18.4,12,0,0.10858548015410029,1.8454648999999996,2.4510144000000005,2.8050524515624997,3.1962441000000004,3.6270216890624996
2018-12-25,2.9,3.2000000000001068,6.900000000000022,21.299999999999997,12,0,0.12392908061065797,4.19182543,4.86081152,5.284294583828125,5.77661969,6.345670604609374
2018-12-26,2.6,5.800000000000106,9.50000000000002,23.7,12,0,0.07052034388709995,5.534277801,6.488649216000001,7.091650396253906,7.798957720999999,8.628387074378907
2018-12-27,7.2,12.700000000000106,16.700000000000024,20.8,12,0,0.12991932345204463,11.0739944607,12.3909193728,13.22790283681582,14.219061948899999,15.39696772065996
2018-12-28,4.9,14.700000000000106,19.700000000000024,21.700000000000003,12,0,0.16147057261291026,12.64897137,14.80199808,16.124029970859375,17.662287910000003,19.467245640703126
2018-12-29,0.0,12.100000000000108,17.90000000000002,21.700000000000003,12,0,0.1483928396102406,8.854279959,11.841598464000002,13.705425475230468,15.896059119,18.493883358667965
2018-12-30,0.0,4.900000000000107,17.90000000000002,21.700000000000003,12,0,0.14009227095581117,6.197995971299999,9.473278771200004,11.649611653945897,14.306453207100002,17.56918919073457
2018-12-31,0.0,0.0,17.600000000000023,21.700000000000003,12,0,0.13064821604346932,4.284926882599999,7.374612070400001,9.528108537606638,12.213318850200002,15.553129546644918
2019-01-01,0.0,0.0,14.700000000000022,21.6,1,0,0.12746991148524817,2.948603272999999,5.706416128000002,7.744518329152342,10.364365773000001,13.697746578683592
2019-01-02,0.7,0.7000000000001065,12.800000000000022,22.3,1,0,0.13160088083893678,2.764022291099999,5.265132902400001,7.282840579779491,10.0279291957,13.71285924974941
2019-01-03,2.5,3.2000000000001068,8.100000000000023,24.8,1,0,0.135141711713527,4.426341346299999,6.679894067200002,8.63135217151035,11.420532744100003,15.347595205490427
2019-01-04,0.0,3.2000000000001068,3.2000000000000215,22.9,1,0,0.12451921908975634,3.0165211201999997,5.032530124800001,6.765713573195702,9.2673119934,12.843878321424606
2019-01-05,3.4,5.900000000000107,6.600000000000021,24.5,1,0,0.14458392737910095,5.438121219399999,7.146851225600001,8.638983085930468,10.834016849800001,14.04496836333359
2019-01-06,1.3,4.700000000000107,7.900000000000022,25.8,1,0,0.15048531217008465,4.9033026743,6.244386867200001,7.225639911787694,8.5401303961,10.331813982650585
2019-01-07,2.8,7.500000000000107,10.70000000000002,28.3,1,0,0.14989517369098632,6.093899,7.269376000000001,7.97710934375,8.777593,9.68141228125
2019-01-08,0.0,4.100000000000106,10.70000000000002,25.4,1,0,0.12156852669426448,4.265729299999999,5.815500800000001,6.780542942187499,7.899833700000001,9.1973416671875
2019-01-09,0.0,2.8000000000001064,10.00000000000002,22.8,1,0,0.07423194093378943,2.9860105099999994,4.652400640000001,5.763461500859374,7.10985033,8.737474583828122
2019-01-10,0.1,0.1000000000001065,7.600000000000021,15.7,1,0,0.07004613547790561,2.1902073569999994,3.821920512000001,4.998942275730467,6.498865297000001,8.400600854636716
2019-01-11,0.8,0.9000000000001066,8.400000000000022,11.6,1,0,0.0752347381058986,2.3331451498999995,3.857536409600001,5.049100934370897,6.648978767300001,8.78057081190488
2019-01-12,2.5,3.4000000000001065,7.500000000000021,14.1,1,0,0.08690909401888287,4.113428337499999,5.510867200000002,6.653923711176757,8.2400059825,10.422426413842771
2019-01-13,4.1,7.400000000000106,10.300000000000022,18.2,1,0,0.10740520319590356,6.9087810240000005,8.240258304000001,9.263649143648438,10.644309284000002,12.504462745054688
2019-01-14,2.6,9.200000000000106,10.10000000000002,20.8,1,0,0.12274880365246123,7.4361467168,9.192206643200002,10.474101772101172,12.1798783556,14.479239607801953
2019-01-15,0.0,6.700000000000106,10.10000000000002,20.8,1,0,0.10386437232131335,5.109261117099999,6.988693094400002,8.233613531527538,9.776383823700002,11.719572034001366
2019-01-16,0.0,2.6000000000001067,10.10000000000002,20.1,1,0,0.10386437232131335,3.5397609995999995,5.451368038400002,6.742634776155468,8.345463469200002,10.355235411291405
2019-01-17,0.4,0.4000000000001066,10.400000000000022,18.0,1,0,0.10622492623770682,2.7987396299999996,4.460446720000002,5.579991227578125,6.934617490000001,8.561010210859374
2019-01-18,0.0,0.4000000000001066,9.60000000000002,18.0,1,0,0.08497994099016544,1.9591177409999998,3.568357376000001,4.742992543441406,6.241155741000002,8.132959700316405
2019-01-19,0.3,0.7000000000001065,7.400000000000021,14.9,1,0,0.07004613547790561,1.6713824186999997,3.1546859008000014,4.3315436619251955,5.9170401669000015,8.026311715300585
2019-01-20,0.9,1.2000000000001068,4.2000000000000215,14.5,1,0,0.0752347381058986,2.0671429405999997,3.413011302400001,4.5621246722023425,6.190468306200001,8.465122435611717
2019-01-21,0.0,1.2000000000001068,1.6000000000000214,11.7,1,0,0.07004613547790561,1.4244020384999998,2.644509696000001,3.7203064478994134,5.292478723500001,7.562876762440428
2019-01-22,3.4,4.300000000000106,5.000000000000021,15.099999999999998,1,0,0.08911091034385406,4.3264626147,5.247172300800001,6.070074469862695,7.291534750900001,9.08789057622246
2019-01-23,4.7,8.100000000000108,9.70000000000002,19.799999999999997,1,0,0.11625728038237913,7.6127089782,8.457503692800001,9.052378241586329,9.8327996714,10.878674596533983
2019-01-24,1.6,9.700000000000108,10.900000000000022,21.3,1,0,0.12038824973606774,6.855452720000001,8.086830080000002,8.7826480540625,9.54295576,10.378024824687499
2019-01-25,19.2,25.500000000000107,30.100000000000023,39.7,1,0,0.265142019801881,23.998816904,25.669464064,26.665250845953125,27.788660184,29.059123583453122
2019-01-26,33.1,53.900000000000105,62.90000000000002,70.3,1,0,0.6237668058850648,49.89917183279999,53.635571251200005,55.76546321906016,58.10979416559999,60.70616740428047
2019-01-27,7.5,59.80000000000011,69.50000000000003,73.7,1,0,0.6117461057033279,42.418121273,50.36550732800001,54.82189397446484,59.659343373000006,64.93136425837109
2019-01-28,1.9,42.50000000000011,71.40000000000002,73.0,1,0,0.5660644505804863,31.5926848911,42.19240586240001,48.49860987829511,55.593409035700006,63.584796045452535
2019-01-29,0.0,9.400000000000114,68.00000000000001,73.0,1,0,0.5202180797699911,22.106405166299997,33.721712435200004,41.164756075248626,49.929464600100005,60.22593516140839
2019-01-30,0.0,1.9000000000001136,63.30000000000002,73.0,1,0,0.46988818611088673,15.449060843999998,26.880733184000007,34.81285570005468,44.62270754400001,56.67577515802343
2019-01-31,0.4,0.4000000000001137,62.100000000000016,73.0,1,0,0.4656770858623722,11.214342590799998,21.904586547200005,29.99092734504648,40.560436789600004,54.24198640012225
2019-02-01,0.0,0.4000000000001137,42.90000000000002,73.0,2,0,0.44362552469340194,7.753998228899998,17.15859701760001,24.822915268531048,35.3188864143,49.494181486705656
2019-02-02,0.1,0.5000000000001137,9.900000000000022,72.8,2,0,0.424309566471729,5.395035393199998,13.322218956800006,20.274168277849995,30.248209104400004,44.30540879794998
2019-02-03,0.1,0.2000000000001137,2.5000000000000213,72.0,2,0,0.42489970495082735,3.831328735399998,10.585976473600006,17.01804398922734,26.76550268980001,41.232159255271085
2019-02-04,0.0,0.2000000000001137,0.6000000000000214,72.0,2,0,0.4030645812241877,2.139577636699999,6.407196876800003,10.685348827501365,17.394326370900004,27.674802059130656
2019-02-05,1.0,1.1000000000001138,1.6000000000000214,69.6,2,0,0.382999872934843,1.5627112714999996,2.571672064000001,3.5660037196982417,5.113637366500001,7.4728692673837855
2019-02-06,20.4,21.400000000000112,22.00000000000002,85.29999999999998,2,0,0.4927656300471402,21.282041453300003,21.6520312832,21.95454512918809,22.387185329100003,23.00869875972676
2019-02-07,31.5,52.90000000000011,53.10000000000002,115.2,2,0,0.6189961228572631,46.34375872,48.61761408,49.787301991562494,50.98597776000001,52.220663637187506
2019-02-08,3.2,55.100000000000115,56.300000000000026,99.2,2,0,0.5636657261580832,35.64063110399999,42.09409126400001,45.51920669282812,49.08737998400001,52.80963045532812
2019-02-09,9.8,44.500000000000114,66.00000000000003,75.9,2,0,0.5954227365101064,34.74844177279999,43.47527301120001,48.4913256889039,53.97864198560001,59.969148932561716
2019-02-10,0.0,13.000000000000114,65.90000000000003,68.4,2,0,0.5471985960627621,24.312610230999994,34.737268736000004,41.13887707383203,48.44130641100001,56.73119671023829
2019-02-11,2.2,12.000000000000114,68.10000000000002,68.69999999999999,2,0,0.5055195177591056,19.218827161699995,29.989814988800006,37.168045512757224,45.79717576990001,56.09463687472636
2019-02-12,0.0,2.200000000000114,67.10000000000002,68.69999999999999,2,0,0.49809632366572665,13.450354260699996,23.98111457280001,31.57315124540957,41.18259034890001,53.2300313370662
2019-02-13,0.0,2.200000000000114,46.700000000000024,68.69999999999999,2,0,0.4416797987079045,9.412423229999996,19.174154240000007,26.817491118164057,37.02946347,50.50865607628906
2019-02-14,5.6,5.600000000000113,20.800000000000026,73.9,2,0,0.47800001710385553,12.188696260999997,20.939323392000006,28.39486745043945,38.92651712300001,53.58322327247459
2019-02-15,3.6,9.200000000000111,21.20000000000002,77.5,2,0,0.49486297564483284,12.103839857799997,20.244084531200006,27.538762928532808,38.28518697060001,53.90532516961248
2019-02-16,24.6,33.80000000000011,36.00000000000002,102.0,2,0,0.6013511102012404,32.496438392499996,38.60483430400001,43.991710640702145,51.94362809550001,63.59582535066893
2019-02-17,1.8,30.000000000000114,37.80000000000002,103.7,2,0,0.6119736028250111,23.657709840399995,29.301580697600006,32.99141030786406,37.5658944228,43.35582049712656
2019-02-18,15.5,41.90000000000012,51.10000000000002,119.2,2,0,0.6951831283778814,31.9700048086,38.59766717440001,42.912700667794134,48.1935339722,54.772071266707414
2019-02-19,15.2,32.500000000000114,66.30000000000001,133.4,2,0,0.6609550965901759,37.302177622,45.025866752000006,49.746426405085934,55.157131862,61.36584569883593
2019-02-20,1.6,32.30000000000011,67.90000000000002,114.6,2,0,0.5040348789404298,27.711524335399996,37.62069340160001,43.88446244432304,51.241418675800006,59.89755341389413
2019-02-21,3.8,20.60000000000011,66.10000000000002,86.89999999999999,2,0,0.4906731295723477,23.135922479999998,33.660331520000014,40.668669388125,49.15018424,59.385454476875
2019-02-22,13.8,19.200000000000117,76.30000000000003,97.5,2,0,0.5663897093248128,29.995145735999998,40.72826521600001,48.36836897990625,58.035165816,70.21618175303124
2019-02-23,1.0,18.600000000000115,52.700000000000024,88.69999999999999,2,0,0.5610176591517436,21.996602015199997,33.582612172800005,42.1131136329203,53.2316492344,67.70537266537967
2019-02-24,1.5,16.300000000000114,52.40000000000003,90.2,2,0,0.5344260706832795,16.739435271199998,27.764794316800007,36.193649923674215,47.455885046400006,62.46717717237577
2019-02-25,19.0,21.500000000000114,55.90000000000002,107.0,2,0,0.6343066712721449,30.615913600199995,40.825288396800005,49.05585457949648,60.455054157400006,76.18836533249882
2019-02-26,11.2,31.700000000000113,51.90000000000002,118.2,2,0,0.697543682294275,31.936250407599996,41.2188258304,48.05436604579023,57.0320591152,68.85001836060975
2019-02-27,39.8,70.00000000000011,90.10000000000002,158.0,2,0,0.8976006267086227,62.1045297405,72.581787136,80.2918372111084,90.50123201150001,104.12979095195018
2019-02-28,20.3,71.30000000000011,106.60000000000002,172.70000000000002,2,0,0.9937931988016573,63.3353341824,76.7011298816,85.49650836216094,96.34659298880001,109.9428788461578
2019-03-01,5.1,65.20000000000012,97.90000000000002,174.2,3,0,0.8822570262520651,49.00537154919999,64.8288163328,74.7795411618578,86.51202140040002,100.44493342742655
2019-03-02,0.0,25.400000000000112,96.90000000000002,149.6,3,0,0.872224672107393,34.25856404459999,51.69125437440001,63.247610940633976,77.30293375619999,94.4647076532738
2019-03-03,16.0,21.10000000000011,111.40000000000002,163.8,3,0,0.8680937027537043,39.87365423659999,56.944981606400006,69.01234656304413,84.2476623082,103.46627190150429
2019-03-04,19.0,35.000000000000114,111.4,167.3,3,0,0.8952400727922294,46.52174212199999,63.074221568000006,74.94362779868554,90.01113360400001,109.03038854493943
2019-03-05,19.0,54.000000000000114,119.20000000000002,171.1,3,0,1.0002847220717395,51.5369719605,69.352003072,82.50520922454197,99.6613418035,121.98013217845408
2019-03-06,0.6,38.600000000000115,80.00000000000001,170.1,3,0,0.9814002907405917,36.63350908499999,55.920541184000015,70.4341162343496,89.77218996300002,115.5830201606738
2019-03-07,13.1,32.70000000000012,72.80000000000003,179.39999999999998,3,0,0.9725482135541162,38.206753386399996,55.796323481600005,69.22838511672342,87.2700806048,111.52786730711091
2019-03-08,0.9,14.600000000000112,68.60000000000001,166.5,3,0,0.9766791829078048,27.328355091599995,44.33446794240001,57.539134020598816,75.5378740152,100.14562022228552
2019-03-09,5.1,19.100000000000115,73.70000000000002,170.6,3,0,0.9754989059496081,23.105597073099997,36.29408189440001,46.172662624748234,59.206684697700005,76.40860902948377
2019-03-10,1.7,7.700000000000114,59.40000000000002,170.8,3,0,0.8928795188758359,17.300493195699996,28.555569612800006,36.950212822919326,47.90784389390001,62.1338187114705
2019-03-11,4.2,11.000000000000114,44.60000000000002,156.0,3,0,0.8462585790270647,16.166282859999995,26.496847360000004,34.60362143734375,45.53879946000001,60.173569385781235
2019-03-12,0.4,6.300000000000114,26.00000000000002,145.2,3,0,0.6214158184905851,11.716398001999996,21.597477888000007,29.813078221742185,41.384919514,57.564890916492175
2019-03-13,0.0,4.600000000000114,25.40000000000002,105.4,3,0,0.502207845712714,7.749518202999998,15.559995392000005,22.19112601902929,31.667572521000007,45.10685534285351
2019-03-14,11.2,11.600000000000112,23.50000000000002,96.3,3,0,0.5382062929377147,16.087959769,21.607886848000003,26.32184343370117,33.075924907,42.67551073018163
2019-03-15,13.4,24.600000000000115,36.00000000000002,104.6,3,0,0.6084327719504209,24.1248688652,28.6462000128,32.03295323617226,36.5434420544,42.565733348143354
2019-03-16,0.0,24.600000000000115,30.90000000000002,104.6,3,0,0.49984729179632054,16.870459690699995,22.852535500800002,27.109885608141987,32.6798907849,40.07820451719315
2019-03-17,1.9,15.300000000000114,31.100000000000023,90.5,3,0,0.3688365494364821,13.339279207299997,18.775426611200004,22.364348070057222,26.744214141100002,32.13084038731074
2019-03-18,5.9,7.800000000000114,32.80000000000002,77.4,3,0,0.3440507333143505,15.2120726727,20.823704524800004,24.732508895641992,29.655982130900004,35.88543512263065
2019-03-19,13.3,21.100000000000115,45.700000000000024,71.7,3,0,0.4125067968897616,23.8043884939,29.4113552896,33.318573099158,38.2121238733,44.33760497638339
2019-03-20,4.0,23.200000000000117,49.700000000000024,75.10000000000001,3,0,0.3689327464409332,20.6150511534,27.3465481216,31.986100646905076,37.7981581378,45.102871930858974
2019-03-21,0.3,17.600000000000115,38.800000000000026,62.3,3,0,0.3582140568127114,14.611896202799997,21.72626693120001,26.661313051638274,32.8538928756,40.63303318951483
2019-03-22,0.0,4.3000000000001135,25.40000000000002,61.4,3,0,0.3310676867741863,10.217028331999998,17.338063872000006,22.583366332156245,29.429032212000003,38.36188675434374
2019-03-23,0.0,0.3000000000001137,25.40000000000002,56.3,3,0,0.32428766424956285,7.151919832399997,13.870451097600004,19.195861382332808,26.486128990800005,36.44379241662655
2019-03-24,0.3,0.3000000000001137,23.800000000000026,54.900000000000006,3,0,0.29742979346557913,4.989971603799999,10.193770035200004,14.411488846366794,20.232317562600002,28.21574907632538
2019-03-25,29.7,30.000000000000114,47.60000000000002,80.4,3,0,0.4721107832786971,32.814463288999995,36.416201984,39.31164850124609,43.236794709,48.48188663671483
2019-03-26,19.8,49.80000000000011,54.10000000000002,99.8,3,0,0.5903720246904535,42.77012430229999,48.932961587200005,53.214901226059176,58.7131152381,65.8577923048791
2019-03-27,0.0,49.500000000000114,50.10000000000002,99.8,3,0,0.5151908922528783,29.885416714299993,38.942358323200004,44.858604673902924,52.1793146781,61.42730250508222
2019-03-28,1.2,21.000000000000114,51.00000000000002,89.80000000000001,3,0,0.4651453426974175,21.953131303099994,31.720378982400007,38.16825498720722,46.10418041370001,56.02338943832167
2019-03-29,6.0,7.200000000000114,57.00000000000002,82.4,3,0,0.486274106777058,20.991499831,29.948226560000005,35.824587161394525,42.856339119,51.25901867453515
2019-03-30,20.3,27.500000000000114,77.30000000000001,102.7,3,0,0.5924990330147649,34.881059782099996,43.82908451840001,49.96340146982246,57.4759914467,66.60111998385487
2019-03-31,5.2,31.500000000000114,82.20000000000002,106.0,3,0,0.6101865544757487,29.608267589999997,40.231055360000006,47.60982892804687,56.82378877000001,68.29144290289062
2019-04-01,1.9,27.400000000000116,54.40000000000002,102.0,4,0,0.547397577253262,22.625787312999996,34.08484428800001,42.36835458883984,53.04140989300001,66.77687075774608
2019-04-02,1.0,8.100000000000113,35.60000000000002,89.7,4,0,0.5538833305382532,16.838051119099998,28.267875430400007,37.01310140051386,48.737268903700006,64.43802721985877
2019-04-03,0.8,3.700000000000114,36.40000000000002,86.5,4,0,0.5571262071807489,12.578161525899997,23.382088089600007,32.202073869134566,44.558938481300004,61.83650477709432
2019-04-04,1.1,2.900000000000114,36.30000000000002,87.3,4,0,0.5151908922528783,9.065761578599998,16.616657254400003,22.62459297984492,30.847294962200007,42.062192442859754
2019-04-05,2.8,4.700000000000114,33.10000000000002,90.1,4,0,0.5317147696676326,8.586732112,13.967316992000004,18.132790826921873,23.658732352000005,30.90409142379687
2019-04-06,17.3,21.200000000000117,30.100000000000023,107.4,4,0,0.6320383111143558,23.3107124784,28.473853593600005,32.712872202883595,38.5928591168,46.658886852607026
2019-04-07,10.4,30.500000000000114,35.300000000000026,117.5,4,0,0.5181415846483701,26.683601704999997,33.050233856000006,37.96969208724219,44.71515907700001,54.007458182890616
2019-04-08,5.0,32.70000000000012,38.40000000000003,92.8,4,0,0.43080108974181114,23.5090360441,30.795941990400003,36.092991848111524,43.1515725287,52.71466363831581
2019-04-09,2.1,17.50000000000011,39.50000000000003,75.1,4,0,0.44319399780287694,17.9829004754,24.557057689600008,28.78249266277812,33.8582429418,40.024570589860936
2019-04-10,4.1,11.20000000000011,42.80000000000002,79.2,4,0,0.4603080136967297,16.541143203299995,23.187300403200005,27.541371860789646,32.7592907591,39.009909976328316
2019-04-11,10.5,16.70000000000011,52.20000000000002,88.5,4,0,0.46561926000861503,22.025129944999996,28.845829376000005,33.536104713423825,39.320872647,46.42181429295898
2019-04-12,3.1,17.70000000000011,52.50000000000002,85.6,4,0,0.3897176899023942,18.489343436599995,26.069289318400003,31.408814602069526,38.140106942200006,46.60198663907265
2019-04-13,1.7,15.30000000000011,36.90000000000002,67.0,4,0,0.376822265857992,14.619942385699996,22.469532108800006,28.239992888286523,35.74715349590001,45.49289775572831
2019-04-14,0.0,4.80000000000011,26.500000000000018,61.8,4,0,0.3696879372445016,10.202887392599997,17.857514086400005,23.787432110268746,31.788891862200003,42.55964223477967
2019-04-15,0.4,2.1000000000001102,21.900000000000023,60.3,4,0,0.3541221293605226,7.462928105099998,14.385363558400005,20.06806896157441,28.033703043700005,39.15519669317323
2019-04-16,7.5,7.9000000000001105,27.300000000000026,66.8,4,0,0.38949139620492507,12.235367492799998,17.1507174912,21.15193142224375,26.6981957256,34.33928780969062
2019-04-17,10.1,18.00000000000011,33.300000000000026,76.10000000000001,4,0,0.44260385932377855,18.370982985999998,22.703882496000002,26.03164790376367,30.502120376,36.495459251126945
2019-04-18,1.9,19.50000000000011,24.70000000000002,76.89999999999999,4,0,0.4319813667000078,14.618450465699997,19.526235084800003,23.042528696495502,27.608516137900004,33.57700159237871
2019-04-19,2.5,14.50000000000011,24.10000000000002,76.6,4,0,0.346411287230744,12.673595523699998,17.895502284800003,21.672713142905664,26.615439799900003,33.14080394035918
2019-04-20,0.0,4.4000000000001105,22.40000000000002,59.3,4,0,0.26910314646885736,8.755702014499999,13.876167680000002,17.614621113672847,22.524314215500006,29.02894229246386
2019-04-21,3.4,5.9000000000001105,25.800000000000026,52.3,4,0,0.2779552236553329,9.232392398699998,13.373505228800003,16.305246701044332,20.010759172900002,24.69075731583769
2019-04-22,0.5,3.90000000000011,25.90000000000002,47.8,4,0,0.2655623155942671,6.875107351899999,10.865944217600003,13.749149042431444,17.428780091300002,22.100134938406832
2019-04-23,1.2,5.10000000000011,19.60000000000002,46.89999999999999,4,0,0.20713860616352833,5.964554354,9.710219264000003,12.552090198687498,16.293148734,21.177275394781244
2019-04-24,0.0,1.70000000000011,9.50000000000002,42.8,4,0,0.19061472874877392,4.175188047799999,7.768175411200001,10.669276668884374,14.663833860600004,20.11841162504218
2019-04-25,0.0,1.20000000000011,7.600000000000021,32.3,4,0,0.17576391402326308,2.911332623499999,6.171590656000002,8.990135406815428,13.057979098500002,18.872996268094724
2019-04-26,0.4,0.4000000000001101,5.50000000000002,29.6,4,0,0.1646486356684456,2.2260763996999993,4.531966156800001,6.565057063237695,9.537092887900002,13.838819410402143
2019-04-27,2.5,2.90000000000011,8.000000000000021,30.4,4,0,0.17940209764590487,3.7729534783,5.0410936832000015,6.091867019910742,7.561731354100001,9.599635353574412
2019-04-28,2.4,5.30000000000011,7.000000000000021,32.8,4,0,0.19120486722787228,4.9873971375,6.2288640000000015,7.204025598676758,8.5430691825,10.382053401342771
2019-04-29,5.0,9.900000000000109,11.50000000000002,37.4,4,0,0.1664190511057407,8.420559184,9.714655744000002,10.631235748023435,11.817066164000002,13.366108383179686
2019-04-30,2.3,9.70000000000011,12.600000000000025,32.199999999999996,4,0,0.12865018844344492,8.1943914288,10.071724595200001,11.336550385819923,12.935359547600001,14.9978029640207
2019-05-01,6.5,13.80000000000011,19.100000000000023,28.6,5,0,0.15766739208588065,12.140032415499999,14.192307456000002,15.466694853188475,16.956316896500002,18.712207222409177
2019-05-02,1.0,9.80000000000011,20.100000000000023,27.700000000000003,5,0,0.14920620127691667,9.483898928399999,12.300158873600001,14.048253423039842,16.0863459868,18.47722839166953
2019-05-03,3.0,10.50000000000011,22.70000000000002,28.200000000000003,5,0,0.1685065059197019,9.604832219999999,12.711278080000003,14.704766124374997,17.05929726,19.834882644999997
2019-05-04,10.4,14.40000000000011,30.60000000000002,38.6,5,0,0.22714973925739548,17.123382554,20.569022464000007,22.89905120571875,25.753367534000002,29.243138512749997
2019-05-05,14.8,28.20000000000011,43.00000000000002,50.0,5,0,0.3191973460152943,26.786367787799996,31.255217971200004,34.264193524860936,37.97803078060001,42.58098158711249
2019-05-06,0.0,25.20000000000011,38.00000000000002,49.5,5,0,0.3106675823510812,18.7391584415,24.961224704000006,29.045814734395503,34.0407563265,40.21243773206152
2019-05-07,0.1,14.90000000000011,35.800000000000026,48.4,5,0,0.2951017744671022,13.146792096799997,19.800544307200006,24.296756513384373,29.864984593600003,36.8049734973625
2019-05-08,0.0,0.1000000000001101,29.300000000000026,48.4,5,0,0.2856270238836117,9.134960408,15.582737408000003,20.179744465958983,26.041657878000006,33.527756168322256
2019-05-09,0.0,0.1000000000001101,28.300000000000026,48.4,5,0,0.28326646996721816,6.253234661099999,11.929319014400003,16.168410774361522,21.694099889700002,28.857683663714248
2019-05-10,3.6,3.6000000000001102,28.90000000000002,51.6,5,0,0.2826763314881199,7.912294955499999,12.896494592000003,16.89033802822363,22.322729488500002,29.637704520280266
2019-05-11,6.1,9.70000000000011,24.600000000000023,55.2,5,0,0.30451145521475953,11.454997556999999,15.719263488000003,19.17710369577539,23.924046679000003,30.364029189216787
2019-05-12,2.4,12.10000000000011,12.20000000000002,55.2,5,0,0.2962495165073824,10.390250764999998,14.868036608000004,18.503663737068358,23.582963571000004,30.64709079051757
2019-05-13,8.3,16.80000000000011,20.50000000000002,58.5,5,0,0.3316578252532847,15.488432960799997,19.872306739200006,23.437490963485935,28.478631893600006,35.61852543327656
2019-05-14,14.2,24.900000000000112,34.60000000000002,70.4,5,0,0.37709848814385927,24.748128813599997,28.981153894400002,32.07437351381953,36.2045129272,41.810734993533586
2019-05-15,11.9,34.40000000000011,46.50000000000002,75.8,5,0,0.4414235823655818,28.805626801000003,33.495785216,36.24947630250391,39.323620721,42.758891543128904
2019-05-16,7.4,33.50000000000011,53.90000000000002,82.2,5,0,0.46561926000861503,27.563938760699997,34.196628172800004,38.212054857128315,42.791258648900005,48.020946965972456
2019-05-17,3.1,22.400000000000112,53.40000000000002,82.3,5,0,0.41958845863894206,22.391932379999997,30.446565120000002,35.560559188125,41.577264940000006,48.66002592374999
2019-05-18,11.3,21.80000000000011,58.60000000000002,83.2,5,0,0.4429769493649028,26.974352665999998,35.65725209600001,41.526475309906246,48.71953844600001,57.52702462756249
2019-05-19,0.2,14.60000000000011,56.40000000000002,68.6,5,0,0.4442741000219011,19.082046866199995,28.725801676800007,35.49750401342031,44.04758460140001,54.85067339618436
2019-05-20,1.7,13.200000000000111,49.80000000000002,70.3,5,0,0.43195116878041767,14.955741716699997,24.29409428480001,31.16413055578066,40.0875837569,51.65268674511698
2019-05-21,2.4,4.30000000000011,38.00000000000003,72.60000000000001,5,0,0.42844053582541763,12.696709299799998,21.180292915200006,27.688577105935153,36.35188689660001,47.817757078507015
2019-05-22,2.1,6.200000000000109,28.20000000000002,74.7,5,0,0.4408334438864835,10.919902450099999,18.786536294400005,25.162791969627143,33.97986995070001,46.089900570409554
2019-05-23,9.7,14.20000000000011,30.50000000000002,84.4,5,0,0.476831891111484,17.1094772584,23.838023321600005,29.45431561815508,37.38785190280001,48.51588894621053
2019-05-24,8.0,19.80000000000011,35.40000000000002,88.8,5,0,0.4880445222143531,19.5755192273,25.545705267200006,30.240551733793552,36.697832863100004,45.58802996171503
2019-05-25,10.0,27.70000000000011,34.10000000000002,92.7,5,0,0.5328950466258292,23.3667179128,29.158811443200005,33.36166356206992,38.878776139600006,46.18365888669257
2019-05-26,1.9,19.900000000000112,35.80000000000002,92.2,5,0,0.48509382981886123,18.047670854699998,24.4324802048,28.800543435638083,34.3106780689,41.34382259199394
2019-05-27,2.5,14.40000000000011,36.60000000000002,86.39999999999999,5,0,0.4054251351405811,15.045802271099998,21.713124198400006,26.37015126683613,32.2987070977,39.920546950755266
2019-05-28,3.6,8.00000000000011,37.80000000000002,75.8,5,0,0.37355765726926904,13.812864558399998,19.7571710976,23.789947807760544,28.7287700148,34.75879218982382
2019-05-29,0.5,6.60000000000011,36.200000000000024,64.4,5,0,0.3363789330860717,10.163355685899997,16.2842620416,20.682080755728318,26.286157325300003,33.401105192484955
2019-05-30,6.1,10.20000000000011,32.60000000000002,63.099999999999994,5,0,0.3540830874590228,13.166328187799998,18.944873523200002,23.34508215498984,29.164788244600004,36.813197136155466
2019-05-31,0.5,7.10000000000011,25.100000000000023,60.5,5,0,0.2912103224961074,9.6486356717,15.398200780800003,19.87082126132363,25.9114811639,34.03556862517558
2019-06-01,8.7,15.300000000000107,23.80000000000002,57.9,6,0,0.33991976396066187,15.394725167899999,20.793074841600003,25.17676182300957,31.2881083233,39.776442621516196
2019-06-02,1.3,10.50000000000011,23.20000000000002,59.0,6,0,0.32752685589959607,11.802306626,16.892930304000004,20.790565827453122,26.077116622000005,33.27987217982812
2019-06-03,1.2,11.20000000000011,21.90000000000002,58.5,6,0,0.3310676867741863,9.235634438999998,13.855350784000002,17.296985718609374,21.879977439,28.025983056929682
2019-06-04,4.8,7.30000000000011,23.10000000000002,60.9,6,0,0.3470014257098424,10.982468858299999,14.810538803200002,17.53369381741074,21.005195294100005,25.43731451169941
2019-06-05,10.7,16.70000000000011,33.30000000000002,69.5,6,0,0.35231267202172767,18.334057903499996,22.344420096,25.229578376551753,28.9421867285,33.72784860156152
2019-06-06,32.0,47.500000000000114,59.20000000000002,91.8,6,0,0.5092704132178254,44.763221720199994,49.607100620800004,52.952955609217184,57.176271955400004,62.54461382338749
2019-06-07,28.4,71.10000000000011,87.10000000000002,112.2,6,0,0.7273436139716826,59.6325641145,67.69913344,72.701264412208,78.6034023755,85.66193015095996
2019-06-08,12.1,72.50000000000011,90.5,114.3,6,0,0.7633154341701208,53.8286711177,66.20561966080001,73.79763754820644,82.6687229179,93.17946517379278
2019-06-09,1.0,41.500000000000114,90.20000000000002,113.4,6,0,0.7099248349535374,38.50775988049999,53.30951321600001,62.52705804949706,73.27491214150001,85.86819658574902
2019-06-10,1.6,14.700000000000111,90.6,112.5,6,0,0.6725413848601316,28.54130815389999,44.19392348160001,54.649562139902145,67.3730817073,82.87541828684236
2019-06-11,2.8,5.400000000000114,88.60000000000001,111.7,6,0,0.6576949966733737,22.533162241099994,37.22098339840001,47.53932050115253,60.4022711077,76.32263600112636
2019-06-12,14.1,18.500000000000114,92.0,125.3,6,0,0.7050013820785496,29.836491786399996,43.73720028160001,54.25248570033671,68.0087620248,85.82814618006013
2019-06-13,24.7,41.60000000000011,84.70000000000002,143.9,6,0,0.8574165842758441,45.551647220599996,59.5609112064,70.57836356007734,85.4894716942,105.51825454397107
2019-06-14,16.7,55.500000000000114,73.00000000000001,160.1,6,0,0.9345970483672399,48.4505649349,63.833332889600015,75.74661188523027,91.96686801230001,114.0684045084283
2019-06-15,9.4,50.80000000000011,70.30000000000001,160.8,6,0,0.9395004587246072,43.013146938,59.317762560000006,71.67806397599999,88.43932190200002,111.35849903315622
2019-06-16,7.1,33.20000000000012,76.40000000000002,166.6,6,0,0.9749087674705096,36.30528205979999,51.11823621120001,61.72637344069687,75.53767962860002,93.7309920258703
2019-06-17,28.1,44.600000000000115,102.90000000000002,193.5,6,0,1.0811336937082165,52.711467734699994,65.9451621888,74.97618434131581,86.1814439669,100.14031335020681
2019-06-18,32.5,67.70000000000012,132.60000000000002,221.2,6,0,1.2292584519619076,69.05623236299999,83.95690214400003,93.8475763975957,105.84429044500001,120.38858071791209
2019-06-19,10.5,71.10000000000011,129.0,221.0,6,0,1.0622492623770685,58.81111512919999,77.5581475328,90.07356553361561,105.4111829604,124.27041474277812
2019-06-20,12.6,55.600000000000115,116.90000000000002,201.6,6,0,1.027991895671114,53.72258455059999,74.4747193344,88.84753165662812,106.91217916020001,129.6989149028578
2019-06-21,4.0,27.100000000000115,104.20000000000002,177.20000000000002,6,0,1.0357747996131035,41.5267161157,63.279127756800015,78.96915357597987,99.2446616119,125.53750572784743
2019-06-22,22.4,39.000000000000114,117.20000000000002,187.5,6,0,1.099427986560266,51.07041117989999,71.5093262336,86.7478514383787,106.80382944530001,133.21843959819392
2019-06-23,15.2,41.60000000000011,125.30000000000004,201.7,6,0,1.1796868197176444,50.25157396089999,69.7553186816,84.07287593540605,102.7110890303,126.96871521909625
2019-06-24,10.0,47.60000000000011,107.20000000000002,210.1,6,0,1.1560812805537097,44.70436810679999,64.0111060992,78.17414199260506,96.61705017759999,120.62137257286051
2019-06-25,28.2,53.40000000000011,102.9,235.5,6,0,1.2475527448139572,59.227530940699985,78.39956756480001,92.7974012929115,111.87776782290001,137.16217671537675
2019-06-26,92.0,130.2000000000001,184.4,313.4,6,0,1.701959373719703,133.2587142317,153.9572973568,169.47998282815564,190.2143741159,218.0530356110154
2019-06-27,40.9,161.1000000000001,212.7,329.6,6,0,1.8288391467258533,133.38734451249996,161.04862336000002,179.42581464195797,202.2950725375,231.2258758378662
2019-06-28,24.9,157.8000000000001,233.6,337.79999999999995,6,0,1.9380147653590518,117.35309659949998,150.24923776000003,171.0135243045908,195.6335159805,225.10563152072555
2019-06-29,6.2,72.00000000000011,217.4,334.59999999999997,6,0,1.932113380568068,88.05056860819998,125.27196129280003,149.4943144133246,178.60904076140002,213.76361208268628
2019-06-30,13.8,44.90000000000011,216.0,341.29999999999995,6,1,1.7745464066488028,75.079479212,112.66465433600003,138.3895497566328,170.15478834,209.3313460441484
2019-07-01,1.6,21.600000000000115,207.6,314.8,7,0,1.6551642383297687,54.042645348799994,91.30222673920002,118.44361967577498,153.34459574560003,198.06983098498745
2019-07-02,5.1,20.500000000000114,184.5,287.4,7,0,1.6022259707520783,42.297107186399984,75.73659970560001,101.36709006717655,135.2997391128,179.8546319967984
2019-07-03,30.4,37.10000000000011,122.9,307.3,7,0,1.7338268515910153,59.57861265199999,89.35719219200001,113.56953561112108,146.869852912,192.1610989205351
2019-07-04,19.2,54.70000000000011,101.2,313.9,7,0,1.8235279004139677,60.62255360739999,89.61201192960002,113.7653612260457,147.8960832198,195.76567458212455
2019-07-05,4.2,53.80000000000011,80.5,314.09999999999997,7,0,1.7167128356971624,45.839207323,72.86165760000003,95.34869883973046,127.47374288700001,173.29300916649603
2019-07-06,8.1,31.500000000000114,82.39999999999999,299.8,7,0,1.6765834191184734,37.588672835299995,56.510901299200015,71.0339488144244,90.74795210910001,117.64456029824039
2019-07-07,2.2,14.500000000000114,70.8,286.8,7,0,1.62701178687421,27.356747216299993,43.01711697920001,54.52669335472518,69.6122086981,89.47399146847869
2019-07-08,11.2,21.500000000000114,80.4,288.0,7,0,1.5249178299901918,29.646359681399993,42.94007644160001,52.64551668343241,65.16889466980001,81.29174210801912
2019-07-09,47.5,60.90000000000011,122.8,307.29999999999995,7,0,1.0681506471680522,68.0773171226,81.1863412224,91.02806787400507,103.9901988742,121.01498597934022
2019-07-10,10.9,69.60000000000011,103.3,226.2,7,0,1.0032354144672315,58.1643061422,74.36730926080001,85.55699091300234,99.67941651340001,117.60166691888358
2019-07-11,42.0,100.40000000000012,126.1,227.3,7,0,1.174375573405759,82.6698182597,101.32204871680001,114.40844322910682,131.15358935790002,152.763604470158
2019-07-12,62.7,115.60000000000012,184.6,265.09999999999997,7,1,1.5462035831419154,120.4248104048,143.2100306432,158.9431172826031,178.95997037760003,204.77186585653436
2019-07-13,8.6,113.30000000000013,185.1,267.5,7,0,1.4971813214725684,92.0386425264,119.90384936960001,137.71666779825466,159.0641487608,184.93166961086092
2019-07-14,14.1,85.40000000000012,197.0,267.8,7,0,1.569768354401668,77.98469729039999,107.96149519360002,127.3791790651746,150.5631078348,178.289336896941
2019-07-15,45.8,68.50000000000011,231.6,312.0,7,0,1.7391380979029005,100.27064849869998,131.7182245888,153.24542970716737,179.84234760290002,212.66017490729274
2019-07-16,43.3,103.2000000000001,227.4,350.2,7,1,1.874869948095526,113.26064899739998,147.8048487936,171.9639325759324,202.33381747779998,240.4773969540972
2019-07-17,1.9,91.00000000000011,218.4,321.7,7,0,1.8678969460774817,81.12030974339999,119.90765583360002,147.63621899999293,183.2333431618,229.03630584006794
2019-07-18,17.3,62.500000000000114,193.7,319.8,7,0,1.9074600411159286,73.76784454149998,112.02353382400004,140.5857928213779,178.30481031650004,228.17863682859468
2019-07-19,2.2,21.400000000000112,133.2,317.79999999999995,7,0,1.8276588697676563,52.49573374629999,86.71855339520002,112.3463896919869,146.1121033801,190.52970037334194
2019-07-20,1.9,21.400000000000116,126.5,311.6,7,0,1.816446238664787,38.33911560099999,70.10446412800002,95.24850023087498,129.60029804500002,176.3769827169765
2019-07-21,25.3,29.400000000000116,137.7,334.7,7,0,1.8111349923529017,50.95098487489999,76.87385564160002,97.99250021393338,127.29577375630002,167.71118213311578
2019-07-22,17.3,44.500000000000114,109.2,340.79999999999995,7,0,1.7190733896135562,51.1945696012,72.06672327680002,88.24960002968007,110.00405818640002,139.08481693621363
2019-07-23,32.6,75.20000000000013,98.5,325.9,7,0,1.8270687312885576,68.19327000669999,89.32996065280001,105.91904014789785,128.6050177829,159.5814384119529
2019-07-24,99.0,148.90000000000012,195.6,414.0,7,0,2.142202679127088,146.3369989036,168.94999255040003,186.25525502450898,209.82814999920004,242.16017564809408
2019-07-25,2.2,133.8000000000001,180.5,374.2,7,0,1.8258884543303613,103.34216259209998,132.44225648640003,151.50011905202754,175.07586244270001,204.83001504857162
2019-07-26,13.5,114.70000000000012,191.8,325.0,7,0,1.8618869015553619,84.61639598629999,114.80450309120002,133.7504394862701,155.97049974210003,182.16320482712126
2019-07-27,9.8,25.500000000000114,199.7,326.2,7,0,1.7769069605651961,68.9778068931,101.43959152640002,123.1138121950822,149.51096073170004,181.71744440121228
2019-07-28,27.1,50.40000000000012,201.5,339.2,7,0,1.6695017573692925,74.89578264439999,106.39409986560001,128.34081317072537,155.62772764480002,189.3734231323277
2019-07-29,6.2,43.100000000000115,190.4,299.6,7,0,1.523503446644446,58.56490329629999,91.07905669120002,114.85656750556697,145.49786231210004,184.78753070938689
2019-07-30,18.2,51.500000000000114,176.0,274.5,7,0,1.6292212251898035,59.14176201009999,90.85923440640002,115.45402101148456,148.48558704470003,192.6105539893646
2019-07-31,3.6,28.000000000000114,80.6,276.20000000000005,7,0,1.5260981069483888,44.284571027099986,73.57082071040003,96.75499542994159,128.4154638057,171.43198172716538
2019-08-01,25.1,46.90000000000012,103.5,284.0,8,0,1.6612398186619155,55.6105175382,82.09908321280002,103.93581892035584,134.64178041140002,177.60223359198315
2019-08-02,6.9,35.600000000000115,96.9,288.70000000000005,8,0,1.632913171665194,44.906492965,69.07886822400002,88.8273405007949,116.71068522300001,156.10329769321288
2019-08-03,28.7,60.70000000000012,115.8,315.5,8,0,1.7031396506779,57.33804011039999,73.3330505216,84.71267339594414,99.2204511308,117.72317582395272
2019-08-04,5.4,41.000000000000114,94.1,295.59999999999997,8,0,1.611078047938554,45.474483522499995,63.83021721600001,76.97264869700292,93.93131344950001,115.91979576643064
2019-08-05,29.2,63.30000000000012,117.1,307.5,8,0,1.5520642000287168,60.650796879599994,78.81462231040001,91.96894693385272,109.03102316320002,131.240857298391
2019-08-06,4.9,39.500000000000114,103.8,279.8,8,0,1.0669703702098554,47.07873207169999,66.89943086080001,81.14423573123574,99.6108721339,123.71119242893533
2019-08-07,10.0,44.100000000000115,110.20000000000002,190.8,8,0,1.106509648309446,42.18960452539999,60.609704345600015,73.63730401391678,90.2005991938,111.2998617541285
2019-08-08,6.3,21.200000000000113,91.4,194.9,8,0,1.0545774621487896,35.657588513399986,54.12204354560001,67.67108710491678,85.31873294580001,108.32269964314412
2019-08-09,38.1,54.40000000000011,122.6,219.50000000000003,8,0,1.231619005878301,62.5462070062,79.44342471680001,92.03730988017811,108.5409120414,130.10955236684842
2019-08-10,3.1,47.500000000000114,97.0,212.8,8,0,1.0651999547725601,46.78065381469999,66.26819271680002,80.62296554252478,99.53157845289999,124.54862176724782
2019-08-11,8.1,49.30000000000011,99.7,193.8,8,1,1.0728717550008393,40.13744479529999,58.41946219520001,71.68797316219394,88.92659176110001,111.39289350400213
2019-08-12,0.5,11.700000000000111,71.0,188.1,8,0,0.9873016755315754,28.40130343489999,46.49468789760001,60.07634379791385,78.1280513483,102.1919639480572
2019-08-13,0.0,8.600000000000113,66.1,169.9,8,0,0.9719580750750177,19.0702084398,34.11411128320001,45.41459682364804,60.30817498260001,79.89861559451288
2019-08-14,9.1,9.600000000000112,65.2,175.4,8,1,0.8869781340848524,22.296609273399994,35.811468441600006,46.639285516660934,61.494493907800006,81.77050534289998
2019-08-15,4.1,13.200000000000111,63.0,154.40000000000003,8,0,0.7872447311172275,18.8827987643,29.61384862720001,37.99466008241269,49.26363406610001,64.29886144999432
2019-08-16,4.8,18.000000000000114,29.7,152.3,8,0,0.727640744728292,17.879546262999995,27.964945408000006,36.130776488781244,47.42874630300001,62.95010737522654
2019-08-17,4.3,13.200000000000111,30.9,127.9,8,1,0.5901384790983715,16.533207135099996,25.598214502400005,33.04241597205683,43.499087271700006,58.115232614081435
2019-08-18,11.3,20.400000000000112,34.1,133.8,8,0,0.6013511102012404,22.6952855877,31.102114252800007,38.145744828901755,48.2525043719,62.73742826617557
2019-08-19,7.6,23.200000000000113,41.2,112.2,8,0,0.6332185880725525,22.410469212699997,28.390735052800004,32.52296829918496,37.7426053669,44.38867946788456
2019-08-20,63.9,82.80000000000011,105.1,171.2,8,0,0.9513032283065748,79.4997611217,86.27972807680001,90.93421240085098,96.7874416659,104.21316098285135
2019-08-21,39.5,111.00000000000011,135.5,200.7,8,0,1.2332215626867247,94.9210278335,107.654051584,115.19939786556347,123.7844021345,133.6527337258779
2019-08-22,2.1,105.50000000000011,133.5,196.5,8,0,1.0792510727709215,68.530595721,88.16955417600002,99.92105098355857,113.33162270100001,128.77072856996483
2019-08-23,8.5,50.100000000000115,137.2,166.89999999999998,8,0,1.0458889362427137,56.47141700469999,79.03564334080002,93.43289333602479,110.49846043090002,130.83219214146658
2019-08-24,16.6,27.200000000000117,149.5,180.4,8,0,1.1097675169601509,55.872939426699986,78.85140961280001,94.2264022561205,112.8756405829,135.442076387324
2019-08-25,17.7,42.80000000000011,155.9,190.0,8,0,1.1572759591577761,56.69524274659999,80.34089354240001,96.98525685990546,117.8584949202,143.91515111708043
2019-08-26,0.0,34.30000000000011,148.3,189.5,8,0,1.1147715870168236,39.55108180309999,63.757318758400004,81.49247119008416,104.39898891570002,133.84545625288217
2019-08-27,0.1,17.800000000000114,84.5,189.6,8,0,1.0850665245790372,27.66429290509999,50.64414602240001,68.52204057290643,92.55977273170001,124.67861460151305
2019-08-28,1.2,1.3000000000001135,46.2,181.7,8,0,1.0451352464832158,20.245808002199993,40.501988556800015,57.2190537179203,80.56372908540001,112.87895645804372
2019-08-29,0.0,1.3000000000001135,44.1,177.60000000000002,8,0,1.0191691534028875,13.957384412299994,31.58554705920001,47.13995018724276,69.8574000321,102.68460789692983
2019-08-30,1.6,2.8000000000001135,37.2,174.4,8,0,0.9996945835926413,9.565152247499999,20.007227392000004,29.088683221784173,42.191107706500006,60.89108708475095
2019-08-31,23.2,24.80000000000011,43.8,193.3,8,0,1.0722816165217408,28.779829339699997,34.96450170880001,40.148841767058,47.3991985519,57.39642363059745
2019-09-01,140.3,165.10000000000014,166.4,322.3,9,0,1.9500166876139216,160.38656073549998,168.04611558399998,174.01307925288376,182.22705397249996,193.56925487666695
2019-09-02,0.6,164.10000000000014,167.0,315.3,9,0,1.6804730965431285,112.63048855319997,134.1242119168,146.83768492805507,161.6405818344,179.4015281493074
2019-09-03,8.3,149.20000000000013,175.20000000000002,259.7,9,0,1.5816776544582791,86.67243307389998,113.81695810560001,129.8439170767908,147.9884615453,168.79241855048494
2019-09-04,5.3,14.200000000000111,179.29999999999998,225.5,9,0,1.4982617953829405,65.47072196099998,94.453043456,112.18265255844138,132.318007001,155.05515379844138
2019-09-05,6.0,19.600000000000115,185.3,229.4,9,0,1.375517865503117,51.829505372699984,81.56243476480002,101.35525467467518,125.08620630089999,153.3023961085193
2019-09-06,18.6,29.900000000000116,202.3,239.50000000000003,9,0,1.501712165090559,54.877829008399985,83.83921039360001,104.73227903303982,131.1427178268,164.1774026091695
2019-09-07,39.2,63.80000000000012,218.3,262.1,9,0,1.6204832705846215,77.580583276,106.14251929600002,127.98618789287498,156.810031916,194.45004815162497
2019-09-08,1.7,59.50000000000012,79.7,246.1,9,0,1.5877124041658595,56.006408293199996,86.61401543680002,110.48825970894373,142.82902872440002,186.4275457440437
2019-09-09,8.2,49.100000000000115,87.30000000000001,254.3,9,0,1.6305183758468016,47.35928976539999,77.31941365760002,101.80002170565702,136.18824034780002,184.3481893540601
2019-09-10,6.5,16.400000000000112,85.5,260.7,9,0,1.531409353260274,38.99616025809999,65.86444989440002,88.46253226910369,120.98007650270002,167.7400828960267
2019-09-11,4.9,19.600000000000115,85.1,264.40000000000003,9,0,1.5603261387360943,28.234184437199996,42.52696212480001,52.47167349973476,64.86248370640001,80.25028617608083
2019-09-12,54.5,65.90000000000012,133.6,318.90000000000003,9,0,1.8636573169926571,74.2469805911,88.45714519040001,98.98279783217012,112.66702827170002,130.3785297037338
2019-09-13,38.7,98.10000000000012,153.7,356.0,9,0,1.7468098981311795,90.4384319571,108.57451043840001,121.2013206013166,137.2062943917,157.59008662286854
2019-09-14,20.5,113.70000000000012,135.0,353.3,9,0,1.2893677530562617,83.657190488,106.79052518400002,122.47768816811327,142.13766922,167.0372765137617
2019-09-15,17.0,76.20000000000013,150.3,230.0,9,0,1.3607110391911656,75.39054819219999,101.78817505280003,119.92478851685195,142.83183165740002,172.09299105264333
2019-09-16,125.7,163.2000000000001,267.8,355.1,9,0,2.161813867958278,177.9479797714,205.1333802496,223.9742063185867,247.7632295058,278.05183443017734
2019-09-17,62.8,205.5000000000001,324.1,409.6,9,1,2.4058572056641134,186.25628286389997,222.6976362496,245.46059872064237,272.11871170330005,303.478754690524
2019-09-18,82.2,270.7000000000001,401.4,486.5,9,0,2.979670109082305,212.53137721239997,260.17557288960006,290.5068224251668,326.5140871848,369.48696415929254
2019-09-19,19.2,164.20000000000013,366.1,499.7,9,0,2.8018454191162228,167.74033434449996,226.459990016,264.51642894579777,310.20351525750004,365.3029730495732
2019-09-20,1.6,103.00000000000011,329.0,482.7000000000001,9,0,2.7700652280197655,118.83462512929998,182.07005982720005,225.15928097571344,278.51675387110004,344.74603429204507
2019-09-21,16.9,37.70000000000012,325.4,460.4,9,0,2.8478942674396603,99.94582471849998,162.02991436800005,207.32070424808688,265.85655412750003,341.47492157517473
2019-09-22,6.4,24.900000000000112,314.79999999999995,465.1,9,0,2.694572295563164,74.82258719589998,130.17203855360003,171.89294357430447,226.66792372930004,298.17001230792437
2019-09-23,25.5,48.80000000000011,214.6,482.4,9,0,2.794305698530789,76.78263182349998,125.48224998400002,163.98996259017284,216.00727572450003,285.59039214400286
2019-09-24,12.7,44.60000000000011,164.5,488.6,9,0,2.68867091077218,65.86876801599999,110.88462924800004,148.05554291266208,199.95864013000005,271.73676528241594
2019-09-25,4.2,42.40000000000011,86.5,487.9,9,0,2.5364151831648005,49.82792968789999,91.08234229760004,126.70034660197048,178.2352426353,252.1713990512427
2019-09-26,8.7,25.60000000000011,76.0,442.1,9,0,2.3204244998147963,40.02883690159999,68.06893911040001,91.64818198604608,125.28283845120002,173.00159583641636
2019-09-27,9.4,22.30000000000011,83.8,412.7999999999999,9,0,2.310982284149223,35.64624126739999,57.112052633600015,74.93724209554179,100.25754856780001,136.15083626042534
2019-09-28,7.2,25.30000000000011,74.1,399.5,9,0,2.1782011263520893,29.830422340399995,44.063484313600014,54.71357974440312,68.7704259348,87.32711804200935
2019-09-29,8.4,25.000000000000114,76.10000000000001,390.9,9,0,1.5007221523471586,28.738943160199995,41.58920314880001,51.126554219400774,63.598757291400005,79.865012906532
2019-09-30,1.8,17.400000000000112,52.4,267.0,9,0,1.0516267697532977,21.872064172299996,34.89956382720001,44.9425720395455,58.480996058100004,76.71378315842401
2019-10-01,67.2,77.40000000000012,106.9,271.4,10,0,1.056347877586085,82.0330617498,93.30502737920001,102.07400880025547,113.94023081460001,129.9594397273742
2019-10-02,30.0,99.00000000000011,132.7,219.2,10,0,1.180276958196743,87.2423590655,103.95682713600002,115.50291129243652,130.31466571650003,149.62955132987986
2019-10-03,3.2,100.40000000000012,127.2,203.2,10,0,1.1897191738623167,63.5493394609,83.62742005760002,96.3571772878826,111.5918989223,130.08028181280721
2019-10-04,32.1,65.30000000000013,149.9,233.7,10,0,1.2699780070196953,76.22579405639999,97.63828392960002,111.50329575957304,128.10449284080002,148.0723085938394
2019-10-05,9.4,44.70000000000012,152.1,226.2,10,0,1.2717484224569904,62.6394162349,87.05965557760001,103.35092889740604,123.2295941083,147.55399801934627
2019-10-06,12.1,53.600000000000115,155.8,231.9,10,0,1.1814572351549395,55.70183789779999,80.81356907520001,98.23548224503085,119.97313226860001,147.06728674700506
2019-10-07,14.8,36.30000000000011,168.8,221.2,10,0,1.2530351629623644,53.52575979439999,78.44153794560002,96.44954050747343,119.49824170480002,148.88579518081406
2019-10-08,28.9,55.80000000000011,130.5,237.4,10,0,1.375612794778304,66.1646496768,90.88013624320001,109.46461372009921,133.9379327656,166.03059945925702
2019-10-09,19.8,63.500000000000114,120.3,253.0,10,0,1.4387576120418293,65.87797556459998,91.60216586240001,111.19117666562225,137.4152405922,172.49967919669177
2019-10-10,4.2,52.90000000000012,121.3,248.5,10,0,1.4378915032825614,50.26373735039999,77.28845916160002,98.35812623796562,127.24609534080003,166.9969687462281
2019-10-11,4.3,28.30000000000011,93.5,243.4,10,0,1.3909563952348614,37.586382472,58.915222272000015,74.67444733057421,95.390294632,122.71199799209764
2019-10-12,1.4,9.900000000000114,85.5,237.6,10,0,1.3525973940934672,26.863041983399995,45.310952345600015,58.9670481007664,76.7909119658,100.01428991534138
2019-10-13,14.7,20.400000000000112,88.10000000000001,243.9,10,0,1.3921366721930581,33.41373730869999,50.605164492800014,64.19199279176112,82.69604976090001,107.7976172140115
2019-10-14,33.2,49.30000000000011,106.5,275.3,10,0,1.0958871556856757,55.682870566800005,70.23742033920001,81.44352549365976,96.43386685760001,116.38828060375896
2019-10-15,7.6,55.500000000000114,85.2,215.7,10,0,1.0929364632901837,46.3124826627,62.78061895680001,74.976377268808,91.11290283490001,112.54073934473026
2019-10-16,0.8,41.60000000000011,66.20000000000002,186.5,10,0,1.0817238321873148,32.87694281259999,49.72526755840001,62.147740385964056,78.58260342620002,100.46898541270936
2019-10-17,1.4,9.800000000000106,63.4,184.7,10,0,0.9005513191041148,23.995796600299997,39.59107614720001,51.31183814382675,66.96390217010001,87.98422944134589
2019-10-18,1.2,3.4000000000001065,60.3,153.79999999999998,10,0,0.8521599638180484,17.180704150599997,29.76974704640001,39.12539213680586,51.39070503420001,67.48152042528945
2019-10-19,0.0,2.6000000000001062,58.900000000000006,144.39999999999998,10,0,0.7801630693680469,11.467191912399997,21.68978882560001,29.35847011033867,39.34780141680001,52.25245300710507
2019-10-20,8.3,9.500000000000108,52.5,140.6,10,0,0.7400336527893577,16.208394734099997,25.20085949440001,32.427827095556836,42.24857182670001,55.42513521194862
2019-10-21,2.9,11.200000000000108,22.2,128.7,10,0,0.573614601683617,14.1244119568,22.598978611200007,29.6170930925582,39.42439735160001,52.97930961262615
2019-10-22,1.3,12.500000000000108,15.9,101.1,10,0,0.47919244502787767,11.147541834899998,19.22885903360001,26.19890496259746,36.29380780030001,50.79211241706112
2019-10-23,2.2,6.400000000000107,17.3,83.50000000000001,10,0,0.46797981392500854,9.588040668399998,16.004686745600004,21.575015474399216,29.738853950800006,41.651073789403895
2019-10-24,4.1,7.600000000000106,20.0,83.4,10,0,0.46502912152951664,9.873810641199997,13.338926540800001,15.902532929127341,19.2888443444,23.790453717219528
2019-10-25,5.1,11.400000000000103,23.9,84.2,10,0,0.4886346606934514,11.796986259599999,14.955097446400003,17.120907516768746,19.8100037652,23.150530293146872
2019-10-26,2.2,11.400000000000109,26.1,85.0,10,0,0.3936223655586137,10.435292361799998,14.078178611200006,16.59527186578086,19.7500606366,23.714014227098826
2019-10-27,0.0,7.300000000000106,17.799999999999997,70.3,10,0,0.19061472874877392,7.265158118399999,11.112219033600002,13.830356919836717,17.286904756800002,21.690081800810155
2019-10-28,7.9,10.100000000000108,22.8,45.0,10,0,0.22071179118279086,12.951713652999999,16.660926208000003,19.41955409665234,23.039800153,27.78709338368359
2019-10-29,2.2,10.100000000000108,23.7,39.6,10,0,0.23478426891668347,11.266199557099998,15.528740966400001,18.70662098215449,22.935820137700002,28.597738714499407
2019-10-30,4.9,15.000000000000108,26.4,43.7,10,0,0.24962857665861107,12.551885233299998,16.431787059200005,19.16657027880332,22.6482070711,27.098335183095895
2019-10-31,15.0,22.100000000000108,37.3,57.3,10,0,0.33106768677418635,23.704401841099994,27.834044518400002,30.720648964394723,34.3722188877,39.00708130014981
2019-11-01,0.8,20.700000000000102,33.00000000000001,56.9,11,0,0.3351986561278749,17.356359506399997,22.927649177600003,26.656614894092577,31.2817150268,37.07836921413242
2019-11-02,2.0,17.800000000000104,32.800000000000004,58.9,11,0,0.2986100704237759,14.087307099699999,20.105896140800006,24.224998970429098,29.386450955900003,35.90722948710136
2019-11-03,0.6,3.4000000000001047,33.4,51.2,11,0,0.28503688540451333,10.345300117699999,16.244482764800004,20.38406406706777,25.618224255900003,32.25704656186894
2019-11-04,22.4,25.000000000000103,47.9,70.69999999999999,11,0,0.4095561044942697,29.497647705399995,34.8479778816,38.72239499486992,43.67814178580001,49.99063584365976
2019-11-05,2.9,25.9000000000001,48.6,72.3,11,0,0.41368707384795833,23.486208838999993,30.542159104000003,35.38091205608984,41.443235039,49.073882785152335
2019-11-06,0.0,25.3000000000001,43.7,70.1,11,0,0.382999872934843,16.440346187299998,24.433727283200007,30.073775247676366,37.2989115351,46.620188645894714
2019-11-07,0.0,2.900000000000103,28.699999999999996,66.0,11,0,0.3588041952918098,11.285086884399997,18.698725785600004,24.0074011662332,30.814460704800005,39.559157393616786
2019-11-08,0.0,0.0,27.9,60.9,11,0,0.346411287230744,7.837416264299998,14.722757427200003,19.973167301748628,26.965922066100006,36.26397825761151
2019-11-09,5.2,5.200000000000103,31.1,63.9,11,0,0.3694266879155805,10.547778512999999,16.452072448000003,21.212507625216794,27.760805503000004,36.71696834246288
2019-11-10,11.4,16.600000000000104,41.9,75.3,11,0,0.39480264251681046,18.3597320856,22.951045222400005,26.477515416323435,31.154548351200003,37.300065836764055
2019-11-11,2.2,18.800000000000104,21.7,69.6,11,0,0.39775333491230225,15.029214439999999,20.474936832000004,24.54838858040234,29.960150764000005,37.15607299353515
2019-11-12,1.9,15.500000000000105,20.700000000000003,69.3,11,0,0.3800491805393511,12.363955058199998,18.065201100800003,22.372381484660544,28.1667788074,36.00079546538163
2019-11-13,0.0,4.100000000000101,20.700000000000003,64.39999999999999,11,0,0.2983446511095978,8.637820025799998,14.387736371200003,18.89839961935703,25.140893862600002,33.84151352856952
2019-11-14,0.0,1.9000000000001012,20.700000000000003,49.4,11,0,0.28680730084180844,5.413729460299999,9.105007411200003,11.653653019221288,14.8164074181,18.737730413201366
2019-11-15,0.0,0.0,20.700000000000003,48.6,11,0,0.2738242543016443,3.707692799999999,6.972620800000002,9.33466929375,12.323599200000002,16.064506768749997
2019-11-16,0.1,0.1000000000001012,15.6,46.7,11,0,0.26674259255246385,2.6953849599999993,5.678096640000002,8.034468899687498,11.191239280000001,15.361281430312495
2019-11-17,0.3,0.4000000000001013,4.5,46.4,11,0,0.13684939431331553,2.186769471999999,4.8424773120000015,7.129298564734373,10.372115352000002,14.893217358796871
2019-11-18,12.6,13.0000000000001,14.9,36.6,11,0,0.21856988570420535,14.130738630399998,16.4739818496,18.659903780024216,21.934903816800002,26.748556490857027
2019-11-19,3.1,16.000000000000103,16.1,36.8,11,0,0.21717096030820066,12.844629911799998,15.720839731200002,17.937171310448825,21.028285546600003,25.397696582274605
2019-11-20,5.0,20.700000000000102,21.1,41.8,11,0,0.24667788426311923,13.669219154399999,16.352606105600003,18.002227404397264,19.9505227748,22.30221064584336
2019-11-21,3.1,11.2000000000001,24.2,44.9,11,0,0.26497217711516874,12.606308853299998,15.945861683200004,17.968769604188083,20.2883779291,22.969878847226752
2019-11-22,3.0,11.1000000000001,27.2,47.9,11,0,0.24195677643033225,11.770745899999998,15.552678400000003,17.899392795312497,20.597051099999998,23.6837847203125
2019-11-23,0.7,6.800000000000101,27.8,43.4,11,0,0.20636479579593453,8.939522129999999,13.142142720000002,15.914483876015623,19.23734599,23.19959548429687
2019-11-24,2.4,6.100000000000101,29.9,34.4,11,0,0.2219535033920303,8.657665490999998,12.913714176000003,15.927311294613279,19.713611391,24.439615710082023
2019-11-25,11.3,14.400000000000102,28.6,43.5,11,0,0.2698073366556362,17.3603658437,21.630971340800002,24.83821460042129,29.042250251900004,34.51763492457792
2019-11-26,0.0,13.700000000000102,25.5,41.599999999999994,11,0,0.2691587613271371,12.1494313381,17.294039654400002,21.09279496992402,26.103157382700005,32.731879484425185
2019-11-27,0.0,11.300000000000102,20.5,41.599999999999994,11,0,0.26721303534163976,8.496127679199999,13.803019468800006,17.8698134031332,23.388238112400003,30.915664428432414
2019-11-28,0.2,0.2000000000001012,17.6,41.8,11,0,0.24667788426311923,5.791370561699999,9.889500876800003,12.908723897970116,16.856065955900004,22.02579577260722
2019-11-29,0.0,0.2000000000001012,14.6,41.8,11,0,0.24608774578402084,3.966392065999999,7.578740736000002,10.362104659818359,14.089556196000004,19.068421472337885
2019-11-30,0.0,0.2000000000001012,13.9,41.7,11,0,0.21717096030820066,2.6352368216999986,5.5261216768000025,7.823416939141991,10.937208375900001,15.121315702529099
2019-12-01,0.0,0.0,11.5,41.4,12,0,0.16523877414754395,1.7570984479999994,4.088037376000002,6.039593744814453,8.762584374000001,12.50916540576367
2019-12-02,6.7,6.700000000000101,6.9,35.5,12,0,0.19120486722787228,7.8452263389,9.648307353600002,11.243031470070116,13.540290616300002,16.78749631776035
2019-12-03,1.9,8.600000000000101,8.8,34.3,12,0,0.1723204358967244,7.371885169799999,9.543483955200001,11.318764666521094,13.842186646600002,17.429005644405464
2019-12-04,0.0,8.600000000000101,8.8,29.3,12,0,0.15461628152377327,5.092525559099999,7.377089126400003,9.148451396125195,11.6211397257,15.120586708013084
2019-12-05,0.0,1.9000000000001012,8.600000000000001,26.2,12,0,0.1333712962762319,3.2455708599999995,4.688343040000001,5.55150291765625,6.51895938,7.598829959218749
2019-12-06,0.0,0.0,8.600000000000001,23.2,12,0,0.13278115779713354,2.2718996019999995,3.7506744320000007,4.7187774800078115,5.867063442000001,7.218888461257812
2019-12-07,0.0,0.0,8.600000000000001,22.5,12,0,0.11802769581967425,1.5903297213999996,3.000539545600001,4.010960858006641,5.2803570978000005,6.857944038194921
2019-12-08,0.0,0.0,8.600000000000001,20.1,12,0,0.06383946920305898,1.1075812999999997,2.378956800000001,3.3699418484374997,4.682585700000001,6.395299448437498
2019-12-09,0.0,0.0,1.9,8.8,12,0,0.05577747825092482,0.7753069099999997,1.9031654400000009,2.8644505711718744,4.214327130000001,6.075534476015624
2019-12-10,0.7,0.7000000000001012,0.7,9.5,12,0,0.0603175055504187,1.2427148369999999,2.222532352000001,3.1347829854960936,4.492894417000001,6.471757752214842
2019-12-11,2.4,3.100000000000101,3.0999999999999996,11.9,12,0,0.0758833134343977,3.2699003858999998,4.178025881600001,5.06456553767168,6.443604975300001,8.548169864604098
2019-12-12,4.0,7.100000000000101,7.1,15.7,12,0,0.09265174121844427,6.0996718533,6.6230136832,6.985822197938086,7.463098929100001,8.109223878476758
2019-12-13,30.8,37.2000000000001,37.9,46.5,12,0,0.41504942341874296,35.0161,35.8944,36.3638875,36.8543,37.3661625
2019-12-14,14.8,49.60000000000011,52.7,61.3,12,0,0.5438578651693874,39.31127,43.515519999999995,45.709304375,47.96887,50.297854375
2019-12-15,2.0,47.60000000000011,54.7,63.3,12,0,0.48694171624545846,29.517888999999997,36.812416000000006,40.852908718749994,45.171983000000004,49.782961656249995
2019-12-16,0.1,16.900000000000105,54.8,56.7,12,0,0.4376219496383987,20.762522299999997,29.54993280000001,34.82497241093749,40.7547847,47.3938135734375
2019-12-17,0.0,2.100000000000103,54.1,54.8,12,0,0.40217832098911793,14.533765609999996,23.639946240000008,29.601226549296875,36.67930623,45.02412289476562
2019-12-18,0.0,0.100000000000103,51.7,54.8,12,0,0.38377913462769114,10.173635926999998,18.911956992000004,25.16104256690234,33.011375607000005,42.772916750027335
2019-12-19,0.0,0.0,47.7,54.8,12,0,0.3554192800175209,7.1215451488999975,15.129565593600006,21.38688618186699,29.710238046300002,40.63427091252596
2019-12-20,0.0,0.0,16.900000000000006,54.8,12,0,0.35087925271802695,4.965308336799998,12.028490547200004,18.041041171548436,26.495139333600005,38.1834415094328
2019-12-21,12.4,12.400000000000103,14.500000000000004,67.2,12,0,0.4157367855679396,15.807921776,21.765094400000002,27.262386425398436,35.408797144000005,47.23730077978905
2019-12-22,5.9,18.300000000000104,18.40000000000001,73.10000000000001,12,0,0.4313912282209095,16.8525551436,22.882578790400004,28.28553084422578,36.37320366920001,48.38048798384608
2019-12-23,2.3,20.600000000000104,20.6,75.4,12,0,0.4408334438864834,13.2267648336,17.298938214400003,20.278969563897654,24.296587347200003,29.820365856111714
2019-12-24,3.3,11.500000000000105,23.9,78.0,12,0,0.44437427476107366,12.140672015,15.550012672000005,17.62338294507031,20.006487699,22.768040862578122
2019-12-25,0.1,5.700000000000102,24.000000000000004,75.7,12,0,0.42135887407623723,8.541975360699999,12.325261772800003,14.686126694628317,17.408482048899998,20.53216494097246
2019-12-26,0.0,3.400000000000103,24.000000000000004,71.7,12,0,0.22189206814098764,5.976557999999999,9.849472000000002,12.463520249999998,15.632766000000002,19.445682999999995
2019-12-27,0.0,0.100000000000103,24.000000000000004,40.900000000000006,12,0,0.17815665824109456,4.183590599999999,7.879577600000003,10.593992212499998,14.069489400000002,18.473398849999995
2019-12-28,0.0,0.0,11.600000000000003,26.100000000000005,12,0,0.15565807883979016,2.9285134199999994,6.303662080000002,9.004893380624999,12.662540460000002,17.549728907499997
2019-12-29,0.0,0.0,5.700000000000003,24.100000000000005,12,0,0.15565807883979016,2.049959393999999,5.0429296640000025,7.6541593735312485,11.396286414000002,16.672242462125
2019-12-30,0.0,0.0,3.4000000000000035,24.000000000000004,12,0,0.15565807883979016,1.4349715757999995,4.034343731200002,6.506035467501561,10.256657772600002,15.838630339018746
2019-12-31,0.0,0.0,0.1000000000000035,24.000000000000004,12,0,0.14163323498360908,0.6542107942999997,1.8960351232000008,3.088887533551367,4.907379338100001,7.622360775511911
2020-01-01,0.0,0.0,0.0,24.000000000000004,1,0,0.14163323498360908,0.29128715909999986,0.8833204224000004,1.4639954179083983,2.3594386077000005,3.7086947952298814
2020-01-02,3.3,3.300000000000103,3.3000000000000034,27.3,1,0,0.16110780479385536,3.4389317041,3.7596957184,4.091584975238477,4.6215343347,5.446165095220117
2020-01-03,19.9,23.200000000000102,23.200000000000003,47.2,1,0,0.27669961561249534,22.214035360700002,22.553421772800004,22.728161694628323,22.908742048900002,23.09802494097246
2020-01-04,19.4,42.6000000000001,42.6,54.2,1,0,0.4687196074815115,34.947,37.432,38.69925,39.983000000000004,41.283249999999995
2020-01-05,11.4,50.7000000000001,54.0,59.7,1,0,0.5186543070093435,35.862899999999996,41.345600000000005,44.2943625,47.3847,50.6190875
2020-01-06,0.0,30.800000000000104,54.0,57.4,1,0,0.4651453426974175,25.104029999999995,33.076480000000004,37.650208125,42.64623,48.088133125
2020-01-07,4.4,15.800000000000104,58.400000000000006,58.5,1,0,0.46457076491615096,21.972820999999996,30.861184000000005,36.402676906249994,42.78160700000001,50.083726468749994
2020-01-08,29.5,33.900000000000105,87.9,87.9,1,0,0.6524987608080086,44.880974699999996,54.18894720000001,60.4422753703125,68.00344630000001,77.07954014531249
2020-01-09,6.0,39.900000000000105,90.6,93.9,1,0,0.6725413848601317,37.41668229,49.35115776000001,57.37593406476562,67.20310167000001,79.22556313804687
2020-01-10,5.5,41.00000000000011,76.2,99.4,1,0,0.6446838765281309,31.691677602999995,44.980926208000014,54.26954395505078,65.982791503,80.76428498114453
2020-01-11,0.0,11.500000000000108,56.80000000000001,99.4,1,0,0.6446838765281309,22.184174322099995,35.98474096640001,46.12911236179316,59.384512352700014,76.7260707320873
2020-01-12,0.0,5.500000000000107,45.400000000000006,99.4,1,0,0.6232808906876597,15.435705193299995,28.433457971200006,38.5600599731998,52.2954222651,70.91393529599627
2020-01-13,0.0,0.0,45.400000000000006,99.4,1,0,0.5865976482237811,10.242867889799998,20.610020147200007,28.85825033083945,40.1271790806,55.45337344035271
2020-01-14,9.4,9.400000000000109,50.400000000000006,108.8,1,0,0.6420706652590281,16.0220055398,23.804956979200004,30.110149337003513,38.7500994346,50.46520814711054
2020-01-15,4.0,13.400000000000109,24.90000000000001,112.8,1,0,0.6462016346127167,14.893382094,21.819899904000003,27.349258726968745,34.90015527400001,45.116346632437484
2020-01-16,45.9,59.300000000000104,64.80000000000001,155.4,1,0,0.799047500699195,56.3253674658,63.3559199232,69.14686991792344,77.31013974660002,88.76052930081562
2020-01-17,27.0,76.9000000000001,86.30000000000001,162.5,1,0,0.8694569818168494,66.3034681165,77.212289536,84.90859205113574,95.04494063550001,108.68806030312595
2020-01-18,3.9,76.80000000000011,90.2,147.00000000000003,1,0,0.8002277776573916,49.47912569699999,62.502293248,70.26450831541405,79.15443258900001,89.4909175804375
2020-01-19,3.9,34.800000000000104,94.1,139.5,1,0,0.8232431783422282,38.36590283849999,53.25758950400001,62.44358564205761,73.0469186895,85.32395006598534
2020-01-20,0.1,7.900000000000106,94.2,139.60000000000002,1,0,0.781933484805342,26.800770599999993,42.1155136,52.094238571874996,63.924495400000005,77.86469939687498
2020-01-21,0.0,4.000000000000107,84.8,135.20000000000002,1,0,0.6294868591185341,18.760539419999994,33.69241088000001,44.28010278609374,57.532045860000004,73.97146442703124
2020-01-22,0.1,0.2000000000001066,80.89999999999999,105.8,1,0,0.6116065347746754,13.232377593999995,27.053928704000008,37.73808736817968,51.87884127400001,70.37289120567968
2020-01-23,3.7,3.800000000000107,38.70000000000001,103.5,1,0,0.635603821929143,12.962664315799998,25.34314296320001,35.777374262952726,50.3909571466,70.55424664539568
2020-01-24,2.8,6.600000000000106,14.500000000000009,100.8,1,0,0.5948595869311584,11.608338286999997,22.065197056000006,31.360148722707024,44.87428409500001,64.19840708428512
2020-01-25,0.6,7.100000000000107,11.200000000000006,101.4,1,0,0.5984004178057487,8.612846701299997,17.822660915200004,26.46862879693808,39.59214192510001,59.193538973117356
2020-01-26,0.0,3.4000000000001065,7.300000000000007,101.4,1,0,0.5984004178057487,4.732431297999998,9.329653760000003,13.4617993181582,19.628587332000002,28.751836513419914
2020-01-27,0.1,0.7000000000001065,7.300000000000008,101.5,1,0,0.5435175392496001,2.650018736299999,4.664620083200001,6.22692050323496,8.351410716100002,11.248347328312693
2020-01-28,8.7,8.800000000000106,16.000000000000007,100.8,1,0,0.5328950466258293,10.444847768299999,12.012936755200002,13.225072250820896,14.856423728100001,17.05085589886738
2020-01-29,57.8,66.60000000000011,73.7,154.6,1,0,0.7931260533720232,65.0012280907,66.9915900928,68.27350123626894,69.81093543889999,71.66323904089433
2020-01-30,34.3,100.8000000000001,104.3,143.0,1,0,1.0984497671513282,79.79803491099999,87.882534656,92.31278861039453,97.094974051,102.32020339492577
2020-01-31,0.0,92.10000000000012,101.5,116.0,1,0,0.9421708417270318,55.858624437699994,70.3060277248,78.46587031883536,87.3854766459,97.20419322517948
2020-02-01,16.0,50.300000000000104,116.9,128.1,2,0,0.9917595965599767,55.09821235389999,72.2340847616,82.67630233057596,94.6120611373,108.28410986999666
2020-02-02,6.9,22.900000000000105,123.8,131.1,2,0,0.9696123042714585,45.3642328056,64.2899833344,76.44642168492888,90.7607447952,107.55457770131483
2020-02-03,0.8,23.700000000000102,124.5,131.79999999999998,2,0,0.9241876646256776,32.47586989419999,51.931338956800005,65.22821010003554,81.5083706834,101.3003853863816
2020-02-04,10.2,17.900000000000105,126.0,142.0,2,0,0.9353224557657462,32.91616041099999,51.68064665600001,65.52585394242577,83.34832655100001,106.0761239535195
2020-02-05,7.1,18.100000000000108,75.30000000000001,149.0,2,0,0.9203283911402593,30.141312287699996,48.44451732480001,62.7969758510619,82.1134938959,107.87231775584351
2020-02-06,13.2,30.500000000000107,54.2,158.49999999999997,2,0,1.0052917591736448,34.29609384889999,51.94487644160001,66.55774203296855,87.0672766623,115.61882817412751
2020-02-07,6.2,26.500000000000107,60.400000000000006,161.9,2,0,0.9890773759611666,29.961512227599997,46.821745766400014,61.06127341025898,81.52704656720002,110.82887539404723
2020-02-08,13.3,32.7000000000001,57.7,174.6,2,0,1.0303817845057566,32.6403516201,44.551168870400005,53.82274182782636,66.5207280727,83.98043653636658
2020-02-09,0.1,19.60000000000011,50.900000000000006,174.70000000000002,2,0,1.0303817845057566,21.979356029999998,32.05800064,39.096538484765624,48.008984770000005,59.34473769367187
2020-02-10,0.0,13.400000000000109,50.1,174.6,2,0,0.945401843515591,15.385549220999996,25.646400512000007,33.232057712050775,43.208086293,56.37750080898826
2020-02-11,0.5,0.6000000000001066,40.400000000000006,166.4,2,0,0.600760971722142,10.817924056299997,19.299133491200006,25.5972585857916,33.808422622100004,44.47883474072479
2020-02-12,0.2,0.7000000000001065,33.50000000000001,108.8,2,0,0.43965316692828665,7.577638917599997,14.898424934400003,20.599236407971873,28.221699123200004,38.32360812294374
2020-02-13,0.0,0.7000000000001065,20.300000000000008,74.5,2,0,0.43965316692828665,5.2817492223999984,11.832840601600005,17.351851423303515,25.120586458800005,35.928438165405844
2020-02-14,5.2,5.400000000000107,19.300000000000008,79.7,2,0,0.33873948700246514,8.6090997017,13.571055820800005,17.940954785532615,24.252007723900004,33.2248994769041
2020-02-15,4.7,9.900000000000109,10.700000000000006,68.4,2,0,0.3623450261664,10.5258123644,14.794487961600003,18.55200329688359,24.051190026800008,32.0126222344664
2020-02-16,9.7,19.600000000000108,20.300000000000004,71.2,2,0,0.41545748928525345,16.6952013264,20.1182511616,22.870460665053514,26.743515614800003,32.20866352479648
2020-02-17,46.3,60.7000000000001,66.6,116.7,2,0,0.66789562389223,57.8115062741,61.728880998400015,64.51927025838302,68.20735772470002,73.18606132527871
2020-02-18,2.0,58.0000000000001,68.1,108.5,2,0,0.5972201408475518,42.092362310700004,49.955028172800006,54.222950141893946,58.7491986989,63.563556967144336
2020-02-19,24.9,73.2000000000001,92.8,126.3,2,0,0.7605630948642189,54.36182886499999,64.85328512000001,70.96982018017577,77.739410985,85.22550542486327
2020-02-20,5.7,32.60000000000011,98.5,118.8,2,0,0.7470230448560975,43.7532802055,57.58262809600002,66.0243471531494,75.6654698865,86.66423015362011
2020-02-21,7.2,37.800000000000104,100.5,119.8,2,0,0.7460310063845832,37.813172381399994,53.21241538560001,63.22225787800664,75.1245836778,89.2316501763199
2020-02-22,0.5,13.400000000000109,96.3,107.0,2,0,0.7148535911923918,26.963571161999994,43.04845747200001,54.19954431543749,68.04238962200002,85.15032027965623
2020-02-23,1.0,8.700000000000106,87.60000000000001,107.9,2,0,0.6952727521510625,19.874499813399996,35.43876597760001,47.06961266812187,62.238150659800006,81.89280426567342
2020-02-24,0.8,2.3000000000001064,42.10000000000001,108.7,2,0,0.6667354376971011,14.565262739899996,28.59266703360001,39.78542386533183,55.00120770530001,75.48473196835018
2020-02-25,10.5,12.300000000000107,50.60000000000001,118.7,2,0,0.7043528067500504,20.562920550899996,32.869474969600006,43.392300585130656,58.36229826630001,79.39643175551228
2020-02-26,11.0,22.300000000000107,36.70000000000001,129.5,2,0,0.764229330432391,25.120043394099994,36.25405040640001,45.97377377525605,60.14388757070001,80.61886185712439
2020-02-27,1.0,22.500000000000107,32.00000000000001,130.5,2,0,0.7311815756028821,17.276169973,25.031815680000005,30.962422787992182,38.985687037000005,49.86639847753124
2020-02-28,0.7,12.700000000000106,25.500000000000007,126.0,2,0,0.7158379751463245,12.736823931299996,20.510704179200005,26.624310561111912,35.08976145310001,46.87560467517792
2020-02-29,1.3,3.0000000000001066,26.300000000000004,122.6,2,0,0.635579141988946,9.512413381899998,15.034946201600004,19.028491308861128,24.1986921493,30.92327465438339
2020-03-01,3.4,5.400000000000107,28.700000000000006,116.3,3,0,0.4119166584106632,9.8976784754,14.815924121600002,18.452033507789842,23.191355825800002,29.364310368005462
2020-03-02,10.8,15.500000000000108,38.70000000000001,80.8,3,0,0.4107363814524665,17.5249927535,21.879645184000005,25.066732770368162,29.161735474500006,34.38518888708886
2020-03-03,4.0,18.200000000000102,32.20000000000001,82.8,3,0,0.33932962548156353,16.253371164999997,21.450029056000005,25.208285652642573,30.071222707000004,36.36656097311523
2020-03-04,22.9,37.7000000000001,44.10000000000001,80.8,3,0,0.44319399780287694,34.249112290599996,39.952649062400006,44.130168400405466,49.6154219962,56.84949598522108
2020-03-05,13.5,40.400000000000105,56.60000000000001,88.6,3,0,0.5130230848428085,37.451780583499996,45.37621990400001,50.85314361687207,57.8749370445,67.02803163456933
2020-03-06,3.4,39.800000000000104,59.3,84.8,3,0,0.49748673787992703,29.319647396999994,38.573547008000006,44.557990828763664,51.82631971900001,60.789892190837875
2020-03-07,25.1,42.00000000000011,83.10000000000001,109.4,3,0,0.6397101113426346,45.313030404,54.77772160000001,60.80867375670116,67.90822490600002,76.26429124967382
2020-03-08,4.5,33.00000000000011,84.2,112.9,3,0,0.6615452350692743,36.19087375789999,48.21480309760001,55.990498288855264,65.2687239753,76.35233974795176
2020-03-09,3.1,32.70000000000011,76.5,115.2,3,0,0.5966893022191956,28.413838363099995,41.59668055040001,50.55411146248847,61.5977766697,75.21560690308729
2020-03-10,34.7,42.30000000000011,107.20000000000002,139.4,3,0,0.8133134619379035,54.552965071799996,67.83775800320001,77.41505801747226,89.68471703060001,105.37646853692303
2020-03-11,23.3,61.10000000000011,107.6,151.7,3,0,0.9423799523092296,61.39103396559999,77.20513418240002,88.43342634009296,102.8307386312,121.37193951666639
2020-03-12,7.7,65.70000000000012,101.80000000000004,158.4,3,0,0.9306483815381318,50.368650507,68.304466176,80.7421688221992,96.481937615,116.53698359705858
2020-03-13,2.1,33.10000000000011,100.5,159.8,3,0,0.9353694893709188,37.24506525529999,56.31407621120002,69.94334588150645,87.53903009310002,110.41518666025212
2020-03-14,20.0,29.800000000000107,95.4,178.5,3,0,1.0327423384221501,45.42467735849999,62.592392192000005,74.94342013987792,90.8003908055,111.18335141868064
2020-03-15,1.2,23.300000000000107,92.1,176.29999999999998,3,0,0.9725482135541162,32.61593256479999,49.82436229120002,62.24410266029648,78.21319278360001,98.74123516802851
2020-03-16,0.0,21.200000000000102,89.00000000000001,165.5,3,0,0.9395004587246074,22.735111210699998,39.49441761280001,52.23811428649354,69.20636680890001,91.76846781621659
2020-03-17,4.0,5.200000000000107,58.30000000000001,165.5,3,0,0.8114404087602608,19.205564972499996,32.90044211200001,43.46084959456738,57.53390128150001,76.15174725052245
2020-03-18,13.2,17.200000000000106,48.20000000000001,155.8,3,0,0.8297347016123101,26.516781618699994,39.03716986880001,49.25578733584902,63.41145817290001,82.84984366142362
2020-03-19,21.6,38.80000000000011,62.10000000000001,163.9,3,0,0.9223864428307544,40.074179805899995,52.49687592960001,62.85710858201543,77.5894091913,98.45126696671345
2020-03-20,12.3,47.10000000000011,72.30000000000001,172.8,3,0,0.8509796868598515,39.3717367501,50.571616614400014,58.897000464090034,70.03132640070001,85.05253182680605
2020-03-21,4.9,38.800000000000104,57.20000000000001,152.6,3,0,0.8739950875446881,31.802048394899998,42.855474841600014,50.37527677333769,59.803986106300016,71.74933455121152
2020-03-22,15.7,32.900000000000105,71.7,163.8,3,0,0.9282878276217382,37.7439279347,49.157598668800006,57.003052343913474,66.8387635069,79.25159339151543
2020-03-23,4.3,24.900000000000105,76.0,165.0,3,0,0.7600983610787024,30.661429751999997,43.400593152000006,52.33915824321093,63.72266243200001,78.33166614953905
2020-03-24,2.5,22.500000000000107,74.5,132.79999999999998,3,0,0.6102031873877161,23.398050328399997,35.072990873600006,43.05079641991483,52.8768273868,64.94034405729451
2020-03-25,13.0,19.800000000000104,74.30000000000001,122.5,3,0,0.6774789740049304,29.344738199999995,40.92954368000001,49.35692767171874,60.170730520000006,73.97484252734372
2020-03-26,3.8,19.300000000000104,56.50000000000001,118.6,3,0,0.6875113281496027,24.341316739999996,36.543634944000004,45.75338852096093,57.953657468,74.07610040097654
2020-03-27,23.3,40.10000000000011,67.5,139.8,3,0,0.7432673264599978,40.2259316184,52.10541122560001,61.402882625453906,74.0635779608,91.27734762397421
2020-03-28,8.7,35.800000000000104,71.30000000000001,128.5,3,0,0.7512462838922268,36.48528480419999,48.966989772800005,58.29370809433828,70.7546647554,87.51015264482888
2020-03-29,4.7,36.70000000000011,60.30000000000001,132.0,3,0,0.7789827924098502,29.629552825099992,41.5543094784,49.99716474642793,60.847743973700005,74.90192712503845
2020-03-30,0.0,13.400000000000102,56.00000000000001,132.0,3,0,0.7553772532459154,20.393242421299995,31.922745139200007,40.07603486107284,50.47422476310001,63.79236641615448
2020-03-31,2.4,7.100000000000103,55.900000000000006,130.4,3,0,0.6574142657155857,16.5368568229,27.412062617600007,35.499945050642374,46.11827793030001,60.0689370930787
2020-04-01,14.6,17.000000000000103,57.5,131.8,4,0,0.6503326039664052,25.7323136351,34.843875430400004,41.68402514489668,50.63219862770001,62.26532029238221
2020-04-02,8.6,25.6000000000001,62.3,118.8,4,0,0.6284974802397656,26.4911551875,36.01339136,43.184861434497066,52.66966147250001,65.17748543903807
2020-04-03,0.0,23.200000000000102,39.0,106.5,4,0,0.5995806947639454,18.473189818999998,28.542277632000005,36.21494620847069,46.530999225,60.42176881899022
2020-04-04,0.9,9.5000000000001,31.200000000000006,102.5,4,0,0.49689659940082864,13.464015049599997,22.337957734400007,29.1233370207707,38.2450795812,50.51710016794178
2020-04-05,0.3,1.2000000000001012,26.800000000000008,87.1,4,0,0.4886346606934515,9.617469940099998,17.762344294400005,24.306713731160347,33.395593550700006,46.016044790438855
2020-04-06,1.2,2.400000000000101,28.000000000000007,84.0,4,0,0.4738811987159922,7.274061627899998,12.908056985600004,17.27353305034746,23.1318265413,30.96467186666269
2020-04-07,1.2,2.7000000000001014,26.800000000000004,82.7,4,0,0.41132651993156477,6.046089672899999,10.592290201600004,14.169695775031052,18.985141458300003,25.40742690195566
2020-04-08,9.1,11.5000000000001,21.300000000000004,78.8,4,0,0.44260385932377855,13.199499403999997,17.069173504000005,20.218931708375,24.547838644000002,30.4229919424375
2020-04-09,0.4,10.700000000000102,13.100000000000009,75.39999999999999,4,0,0.3074621476102515,9.639649582799999,14.055338803200002,17.58609195211875,22.4930547796,29.30184234531562
2020-04-10,0.6,10.1000000000001,13.700000000000006,52.7,4,0,0.25966093080328334,7.279960648199998,11.586573004800005,15.075679588883201,20.006921045400002,26.999781573877726
2020-04-11,0.1,1.1000000000001011,12.900000000000006,44.1,4,0,0.23251456076475832,4.783558590199999,7.801595340800001,10.03996134717617,13.0155237154,17.008233182303513
2020-04-12,0.0,0.7000000000001012,12.600000000000009,39.4,4,0,0.23251456076475832,3.105562299,5.317858304000001,6.840847267769529,8.715336759000001,11.008683845738279
2020-04-13,5.4,5.500000000000101,16.800000000000004,44.8,4,0,0.25021871513770944,7.573893609299999,9.654286643200003,11.214720177604102,13.243803083100001,15.858249653451367
2020-04-14,4.5,9.900000000000102,20.10000000000001,46.9,4,0,0.19002459026967555,9.7763027541,12.126792550400001,13.855325187056835,16.1056121787,19.026473925464256
2020-04-15,2.4,12.300000000000102,13.400000000000007,34.699999999999996,4,0,0.1614952567962823,9.234937670399999,12.069221785600002,14.117964087696093,16.7904474288,20.29552914741953
2020-04-16,3.6,10.5000000000001,16.60000000000001,29.700000000000003,4,0,0.1770610646802613,10.0305593394,13.126528409600002,15.36402018933281,18.2929885578,22.162268362962497
2020-04-17,13.3,19.300000000000104,29.300000000000004,43.0,4,0,0.2555386794286555,20.287494507699996,23.672373708800002,26.12316787572402,29.345275573900004,33.635670617728316
2020-04-18,7.8,24.700000000000102,37.00000000000001,49.900000000000006,4,0,0.2927086856327922,21.744193678799995,25.760793907200004,28.21313561486484,31.037774211600002,34.30538093977265
2020-04-19,14.5,35.6000000000001,51.50000000000001,64.1,4,0,0.3822944958090153,29.7096365652,35.065685452800004,38.40241551089883,42.2945254144,46.85061711708867
2020-04-20,3.8,26.1000000000001,49.900000000000006,66.7,4,0,0.3865407038094332,24.579797080699997,31.7881238528,36.32392854165957,41.6558658089,47.94884409769121
2020-04-21,24.8,43.1000000000001,70.20000000000002,90.3,4,0,0.5412966081237186,42.003033204,50.21976166400001,55.655651819976555,62.255411384,70.2915281988828
2020-04-22,3.8,32.4000000000001,71.60000000000001,85.0,4,0,0.5441547006107664,33.2021232428,43.97580933120001,51.10730404698007,59.829870245600006,70.57695178893866
2020-04-23,8.1,36.7000000000001,76.10000000000001,92.7,4,0,0.5649050705061371,31.188949635499995,42.70082688000001,50.478086656493154,60.06401964450001,71.91492472760447
2020-04-24,5.8,17.7000000000001,68.60000000000001,97.9,4,0,0.5771554325582072,27.505150882799995,39.47747768320001,47.82043883848593,58.28856469960001,71.42486226465155
2020-04-25,6.6,20.500000000000096,67.4,104.4,4,0,0.6102031873877161,25.785811558199995,37.92428410880001,46.77487444229531,58.22287997340001,73.01665049724686
2020-04-26,7.2,19.6000000000001,60.10000000000001,111.6,4,0,0.6267270648024705,25.148377001099995,37.15288023040001,46.24989542032441,58.34534959170001,74.41036499112636
2020-04-27,7.5,21.300000000000097,63.80000000000001,113.7,4,0,0.6444312191754216,24.7281718196,35.7942275584,44.19398152954413,55.3733913792,70.2266454496996
2020-04-28,3.5,18.200000000000102,42.50000000000001,112.7,4,0,0.6491523270082086,20.589389579499997,31.297863424000006,39.52926394625487,50.61636040850001,65.54516505115525
2020-04-29,0.1,11.1000000000001,38.80000000000001,110.4,4,0,0.6302678956770607,14.102983594599998,23.581365094400006,30.845195491376167,40.5988869862,53.686221179641
2020-04-30,3.5,7.100000000000099,34.20000000000001,110.3,4,0,0.5618118321016495,13.264747921599998,21.957070182400006,28.970293431174994,38.71402021520001,52.22670975155311
2020-05-01,9.4,13.0000000000001,37.8,106.4,5,0,0.5730244632045186,17.984784927599996,24.302776422400008,29.142264188848827,35.595392879200006,44.16669817086366
2020-05-02,9.3,22.200000000000102,40.50000000000001,107.9,5,0,0.5511893394778788,21.7820088547,28.334199244800004,33.322801824026755,40.01087551890001,48.98316289321464
2020-05-03,9.6,28.3000000000001,42.900000000000006,103.0,5,0,0.5812864019118957,24.618601246599997,31.397628518400005,36.32969887526289,42.78549260220001,51.28423554072304
2020-05-04,40.9,59.8000000000001,76.30000000000001,140.1,5,0,0.6792493894422255,57.9691852282,65.3953325568,70.63837249879727,77.3846083894,86.1473495161043
2020-05-05,7.6,58.1000000000001,80.4,122.9,5,0,0.6898718820659961,47.99199599539999,59.2075964416,66.3432455553289,74.9448698458,85.48831824132577
2020-05-06,11.4,59.9000000000001,91.70000000000002,130.5,5,0,0.7099365903553408,44.79101501749999,57.99298304000001,66.37426301077636,76.33989809250001,88.30299636674314
2020-05-07,5.5,24.5000000000001,93.70000000000002,127.9,5,0,0.7128872827508326,36.64185407549999,51.089080064,60.441565526604485,71.59081998250001,84.89731950411816
2020-05-08,0.5,17.400000000000098,84.80000000000001,122.6,5,0,0.6822000818377173,26.050431515699994,40.99545441280001,51.18627028242129,63.711363443900005,79.05687424157792
2020-05-09,1.7,7.7000000000001,77.2,117.7,5,0,0.6446838765281309,19.932477308499998,34.485626112000006,45.18864229962402,59.00535925550001,76.74415683557518
2020-05-10,3.1,5.300000000000099,70.7,113.6,5,0,0.6420895752141343,16.953867778799996,30.312691251200008,40.82128553948789,54.98444878960001,73.91136970646208
2020-05-11,1.7,6.5000000000000995,31.500000000000007,107.8,5,0,0.6149242952205031,13.302180711099997,24.940835686400007,34.547473307761905,47.90842657370001,66.28767399229822
2020-05-12,3.2,8.0000000000001,27.100000000000005,107.5,5,0,0.6220059569696835,12.248824516199997,22.154088652800006,30.734420351228902,43.07487442340001,60.605036757766385
2020-05-13,0.2,5.1000000000001,15.900000000000007,107.6,5,0,0.6119736028250111,8.503000922299996,16.892478771200004,24.43426301687363,35.62007395610001,52.026910303189624
2020-05-14,5.3,8.700000000000099,15.700000000000006,109.4,5,0,0.5553203088315676,10.096776877199998,14.422378956800003,18.016960426807028,23.097118360400003,30.237223973180463
2020-05-15,12.8,18.3000000000001,28.000000000000007,112.8,5,0,0.5895483406192731,19.6530626248,23.521859379200002,26.618170889796485,30.937450379600005,36.97496203630976
2020-05-16,1.4,19.5000000000001,27.700000000000006,104.9,5,0,0.5505992009987806,14.835122053499997,18.993421824000002,21.78107704684277,25.268771124500002,29.700612827176748
2020-05-17,5.7,19.900000000000095,30.300000000000004,101.0,5,0,0.3517225335426294,15.9292240505,20.304179456000004,23.131106265942385,26.5241625915,30.62252902000683
2020-05-18,5.0,12.1000000000001,33.60000000000001,65.1,5,0,0.289167854758202,16.136333072899998,21.189656473600003,24.563003123880662,28.697407112300006,33.7920340993873
2020-05-19,3.6,14.300000000000098,34.00000000000001,61.1,5,0,0.29270868563279223,14.847412358699998,20.369189068800004,24.143866167919334,28.834913052900003,34.68457959771269
2020-05-20,4.7,13.3000000000001,38.50000000000001,54.4,5,0,0.2885777162791036,15.005621323899998,20.662491289600005,24.611975589275193,29.5705185833,35.794266106188076
2020-05-21,2.7,11.0000000000001,35.900000000000006,51.6,5,0,0.3015607628192678,13.1559141344,19.047456921600002,23.285492763504685,28.720713376800006,35.68670000417343
2020-05-22,23.7,31.1000000000001,46.80000000000001,74.8,5,0,0.4222225388529308,32.8187478144,38.5943681536,42.86267075508867,48.43287103080001,55.68640679840195
2020-05-23,19.4,45.8000000000001,64.80000000000001,92.5,5,1,0.5467490019247628,42.36747396509999,50.25401968640001,55.79389526095723,62.9198482397,72.18233907063416
2020-05-24,7.0,50.100000000000094,66.10000000000001,96.4,5,0,0.5588611397061577,36.5075198936,46.6341325824,53.3813766288078,61.7798676832,72.39991633913905
2020-05-25,18.8,45.200000000000095,79.9,113.5,5,0,0.6509227424455035,43.993695606799996,54.732916531200004,61.654177758925385,69.93879688160001,79.91608769993084
2020-05-26,17.8,43.600000000000094,94.1,128.1,5,0,0.754787114766817,48.5560403899,61.43600936960001,69.93042692900957,80.25676737730001,92.88205160000058
2020-05-27,11.4,48.0000000000001,100.8,139.29999999999998,5,0,0.7659997458696862,45.22821738099999,59.93677465600001,69.71867878491602,81.643623531,96.22514846634178
2020-05-28,24.4,53.600000000000094,122.5,158.4,5,0,0.9093412764389198,55.9185145422,71.8125488128,82.67650494547499,96.13586897740001,112.82020634683279
2020-05-29,60.9,96.7000000000001,159.7,206.5,5,0,1.2374817267763316,99.9412690899,117.9634919936,130.46628134802714,146.1670396953,165.923743048233
2020-05-30,16.9,102.2000000000001,157.2,222.0,5,0,1.316607916853225,86.7261249959,110.76613493760001,126.87102944542167,146.8115470573,171.71349228140096
2020-05-31,27.8,105.6000000000001,178.0,244.1,5,0,1.4794003243065055,88.43201917989998,116.12299765760002,135.10881413688844,158.9889605633,189.31122793138726
2020-06-01,11.1,55.8000000000001,170.3,250.2,6,0,1.4517406585819936,72.33294708579999,101.45363000320002,121.27656863348005,145.92638547660002,176.7556010748683
2020-06-02,18.9,57.8000000000001,171.4,265.5,6,0,1.5290487993438806,68.98506097699999,97.97984486400001,118.16571989424803,143.46938519100001,175.20232439990036
2020-06-03,3.5,33.5000000000001,163.5,264.3,6,0,1.5414417074049462,51.59181000959998,81.1322566144,102.56274107972577,130.18169759120002,165.7510496052367
2020-06-04,15.8,38.200000000000095,154.9,277.4,6,0,1.4883292442860927,51.38321353859999,78.68717066240002,99.27709111616133,126.40837315820002,162.00724266729333
2020-06-05,39.6,58.9000000000001,133.60000000000002,293.29999999999995,6,0,1.6134386018549474,75.06544353379999,100.6384760832,120.48116305147225,147.1610596086,182.8493630154855
2020-06-06,5.7,61.1000000000001,122.4,279.6,6,0,1.6087174940221605,57.92378868979999,84.98671518720002,105.86462038426717,134.1700194306,172.58129375739372
2020-06-07,3.4,48.700000000000095,98.0,276.0,6,0,1.517246029761913,43.257412475299994,68.7694420992,88.58119186071346,115.64526354910001,152.7430477521076
2020-06-08,1.1,10.2000000000001,88.0,258.3,6,0,1.4169224883151899,29.65991446629999,49.57646597120001,64.40436185725643,83.94622019210001,109.74281576488494
2020-06-09,16.3,20.8000000000001,85.4,256.79999999999995,6,0,1.4287252578971572,36.58455695559999,54.14654909440001,67.71653014530975,85.9589325352,110.43702070351209
2020-06-10,5.2,22.6000000000001,87.10000000000001,250.6,6,0,1.0486760773578059,30.023908676699996,45.53223700480001,57.285942182841204,72.86977864690002,93.47028275750955
2020-06-11,5.2,26.700000000000102,76.50000000000001,231.4,6,0,0.996153752718051,25.903188547299997,40.43393617920002,51.707744967233005,66.91247009710001,87.35078859408806
2020-06-12,7.5,17.900000000000098,44.4,178.0,6,0,0.945401843515591,25.098353762499997,37.81777689600001,47.73065698010839,61.1312005695,79.1671210127783
2020-06-13,11.0,23.700000000000102,49.7,172.1,6,0,0.8338656709659987,28.469981296599997,40.87841187840001,50.881998017899605,64.79770597219999,84.11318567480507
2020-06-14,31.4,49.9000000000001,77.69999999999999,175.7,6,0,0.9713679365959192,50.8826760142,62.406217420800004,71.53908272663125,84.2088160214,101.84748275109843
2020-06-15,28.5,70.90000000000009,105.1,193.09999999999997,6,0,1.028021230589363,62.999271223899996,74.17295631360001,81.51199390574394,90.4802681913,101.54512581970371
2020-06-16,34.7,94.60000000000012,123.5,208.9,6,0,1.2121444360680549,78.6384789648,93.42633221120002,102.86301071514023,114.14477426360003,127.75506897505977
2020-06-17,4.8,68.0000000000001,123.1,210.2,6,0,1.1177222794123156,59.750893690699996,79.17599354880002,91.56418613311074,106.34479014090002,124.13160993289628
2020-06-18,8.3,47.800000000000104,126.2,202.7,6,0,0.991671677275163,50.094553306099996,71.52268323840002,85.91299636836933,103.62676484270001,125.56641880308925
2020-06-19,84.8,97.90000000000008,203.5,247.9,6,0,1.5106199980026134,119.40575265839999,140.2679474176,154.61699412236015,172.38062978480002,194.3286857533492
2020-06-20,84.8,177.9000000000001,277.3,327.0,6,0,2.058451722093979,168.23713973139996,196.4560121856,215.2006981014344,238.1294389178,266.29881938164215
2020-06-21,11.8,181.4000000000001,257.7,335.4,6,0,1.99501771046331,129.4191106825,168.40646400000003,193.69684648364745,224.3033671375,261.6704463285205
2020-06-22,12.4,109.00000000000011,241.6,346.7,6,0,2.0267979015597675,102.78152104099999,146.31986483200004,175.56576147854489,211.65794212300005,256.4963969678066
2020-06-23,21.3,45.500000000000114,228.2,351.7,6,0,2.093601160395177,92.93634195479999,137.17477585920003,168.36527880901522,207.9566850696,258.3854707877941
2020-06-24,2.8,36.500000000000114,226.2,349.3,6,0,2.0247651217865124,66.96846708649998,109.16827136000002,139.72863069136423,179.0125135435,229.4658573563193
2020-06-25,12.8,36.90000000000011,230.7,356.90000000000003,6,0,2.0613537074906114,58.87287250089999,97.07445288960002,125.95841556394902,163.97392664630001,213.72856172020948
2020-06-26,46.7,62.30000000000012,192.6,396.1,6,0,2.141022402168892,86.9308216366,120.63367818240003,146.9331113987336,182.1773921102,228.96596184262728
2020-06-27,29.7,89.20000000000012,137.5,414.8,6,0,2.2584599595094677,90.4159870261,125.69154647040003,153.64814754808808,191.9859963867,244.3437264421517
2020-06-28,5.1,81.50000000000013,130.8,388.5,6,0,2.0607635690115136,68.15673646159999,104.76203146240002,134.06686785984687,174.99336569520003,232.25702352436556
2020-06-29,4.6,39.40000000000011,123.0,364.6,6,0,1.946276704066429,49.91432541159999,79.30429450240001,101.86188819277655,132.52609740520003,174.47127990073278
2020-06-30,13.2,22.900000000000112,114.9,343.1,6,0,1.9952581978315937,45.74463767659999,67.53810493440001,83.0876554757668,102.90555594420002,128.17482345828162
2020-07-01,4.4,22.20000000000011,116.5,342.7,7,0,1.6311427562278988,36.087925579799986,57.163468595200015,72.70138918318125,92.90059475660001,119.10098640235466
2020-07-02,12.1,29.700000000000113,115.8,346.5,7,0,1.4830179979742075,37.01127859709999,56.49933501440002,71.45493819187908,91.3869226237,117.82159903568102
2020-07-03,56.7,73.20000000000012,125.8,318.40000000000003,7,0,1.3390242090742046,82.0062227376,99.61239792640002,113.24327265063984,131.52137958720002,155.87742227811952
2020-07-04,33.1,101.90000000000012,129.20000000000002,266.70000000000005,7,0,1.492460213639781,90.42526284659999,112.48927063040003,128.80553342088984,150.49294199620002,179.50708773434604
2020-07-05,5.0,94.80000000000013,129.1,259.90000000000003,7,0,1.4546913509774855,67.93611567389999,93.61702696960003,111.96471103219511,135.9805637633,167.8679005253775
2020-07-06,9.4,47.500000000000114,133.9,256.90000000000003,7,0,1.3874155643602712,55.6361215589,79.27924725760002,95.37596969465409,115.49922423430002,140.91349043667634
2020-07-07,10.5,24.900000000000112,131.20000000000002,246.1,7,0,1.4216435961479765,48.606333601699994,70.73438458880003,85.72240443153652,104.09355213990001,126.58532881946267
2020-07-08,18.4,38.30000000000011,145.20000000000002,261.7,7,1,1.4659039820803546,52.28037114419999,74.43989934080001,90.25998430466835,110.3059368814,135.60250398837383
2020-07-09,44.9,73.80000000000011,178.0,293.8,7,1,1.350236840177074,81.3663211864,103.95799823360002,120.71536439900078,142.57142236880003,170.96818886845858
2020-07-10,174.1,237.4000000000001,295.4,421.2,7,1,2.6119489577213995,230.68355750179998,255.8490593792,274.1093176018531,297.8117247226,328.616451827089
2020-07-11,19.2,238.2000000000001,281.5,410.7,7,0,2.486637809465648,180.55420114169996,223.40680110080004,251.32667258247596,285.6963671139,328.7511867030857
2020-07-12,11.1,204.40000000000015,287.59999999999997,416.7,7,0,2.480152056180656,137.1461457479,188.52621327360004,222.3454914025818,264.0077212773,316.16891040314704
2020-07-13,16.9,47.20000000000011,295.1,429.0,7,0,2.451435242174635,111.30066736169998,161.63285447680002,194.73088896607555,234.73688159590003,283.3120804281736
2020-07-14,15.3,43.30000000000011,299.9,431.1,7,0,2.4986463205025045,92.27547407899999,141.05219814400002,174.30471283748628,215.02193706900002,264.62828371797457
2020-07-15,9.0,41.20000000000011,290.5,435.7,7,0,2.385339732515617,73.45159423079998,121.30488760320003,156.17463389015975,200.77635116160002,257.4031848358839
2020-07-16,4.2,28.50000000000011,249.8,427.7999999999999,7,1,2.164037802853728,55.35058922749998,100.23459276800003,135.09781940583298,181.6211387085,243.10489836524894
2020-07-17,136.8,150.0000000000001,212.50000000000003,507.9,7,0,2.9179404029175657,175.2488134478,215.86024529920002,249.56596524938047,296.59790121660006,361.46291558498353
2020-07-18,35.0,176.0000000000001,228.30000000000004,509.7999999999999,7,0,3.025603907448421,157.15441495529998,205.71251128320003,243.5085814221041,295.5224277971,367.37301012374814
2020-07-19,52.2,224.0000000000001,269.40000000000003,557.0,7,0,3.226287065230796,160.9397766007,211.94890823680004,250.34263345389002,302.51452305690003,374.32107104575755
2020-07-20,32.0,119.20000000000012,284.50000000000006,579.6,7,0,3.3177585294910443,139.73994953539997,182.86528143360005,210.51540464008667,243.5581543298,283.36491637206797
2020-07-21,58.6,142.80000000000013,327.8,627.6999999999999,7,0,3.589812368355393,155.8756121967,202.83064084480003,233.75810538073182,271.10771284690003,316.30092132008764
2020-07-22,6.8,97.40000000000012,325.6,616.1,7,0,2.782502928948821,115.59938101129998,167.87265925120005,203.30908368544002,246.92661087710002,300.6398952285373
2020-07-23,23.9,89.30000000000011,345.30000000000007,595.1,7,0,2.5632289204437466,104.3421835371,156.38350371840002,193.38554369926578,240.24128415170003,299.3892461939818
2020-07-24,57.3,88.00000000000011,265.8,478.3,7,0,2.707555342103328,129.90734134499996,180.76397798400004,218.66553375796286,268.182375603,332.5591087139355
2020-07-25,9.7,90.9000000000001,240.50000000000003,468.8,7,0,2.7013162431988578,100.38091121739998,153.34481474560005,193.7938340552019,247.92603208180003,320.2425208250933
2020-07-26,4.9,71.9000000000001,193.2,462.6,7,0,2.705856270498352,75.04799824759998,127.12488023040004,168.79788644869058,226.56897942520004,306.6156996390374
2020-07-27,48.4,63.00000000000011,209.6,494.1,7,0,2.816730960736527,97.06933736699999,135.41111603200002,164.94578496757615,204.61287087700003,257.7777013692753
2020-07-28,81.4,134.7000000000001,232.40000000000003,560.2,7,0,3.249892604394732,148.35987278539997,185.97079644160002,214.7133130705144,253.3478383858,305.3330234274683
2020-07-29,46.3,176.1000000000001,271.90000000000003,597.5,7,0,3.4517199642463745,148.67739014999998,189.471704832,218.52947220335153,256.112039974,305.1123040278515
2020-07-30,5.7,133.4000000000001,253.7,599.0,7,0,2.7099158960197216,108.87025230819998,153.84139002880005,185.1500704339457,225.04312589340003,276.39710677083076
2020-07-31,23.2,75.2000000000001,219.60000000000005,485.4,7,0,2.631427478299638,97.75387165659998,139.98098493440003,169.04071977448746,205.3062567142,250.6912667929203
2020-08-01,10.1,39.0000000000001,220.00000000000003,460.5,8,0,2.3617341933516824,78.33562699029997,121.35464350720002,152.44586585879745,192.50461765010002,244.18529226645325
2020-08-02,24.2,57.50000000000009,239.3,432.5,8,0,2.2708528675705333,78.35982304809998,118.71747184640002,149.07368771623453,189.1207411667,241.86621480533336
2020-08-03,3.8,38.100000000000094,194.70000000000005,404.3,8,1,2.0300763680983978,57.033292956899984,92.62143682560003,119.23173119007596,154.02939243230003,199.26527744670756
2020-08-04,0.0,28.000000000000096,113.30000000000004,345.7,8,0,1.949227396461921,39.64930407829999,73.05561989120002,99.43728978945956,135.24427232010004,183.4942652637599
2020-08-05,8.5,12.3000000000001,75.50000000000003,347.4,8,0,1.7603830831504421,36.116099982799994,66.41836241920001,92.05701173977107,128.51132073160002,179.88574099830385
2020-08-06,4.5,13.0000000000001,74.30000000000003,328.0,8,0,1.5851119548582258,28.414089782799994,52.43777950720002,73.21973880871444,103.2841521576,146.41258608925114
2020-08-07,3.8,16.8000000000001,54.90000000000003,274.5,8,0,1.5561951693824059,21.390514321099996,37.00996515840001,50.01120147407245,68.3733119177,94.15476993078454
2020-08-08,14.3,22.6000000000001,59.10000000000002,279.1,8,0,1.6134386018549474,27.965499621899994,38.9365474816,47.69423633198613,59.692168949300004,76.02551114750838
2020-08-09,71.6,89.7000000000001,106.50000000000004,345.8,8,0,1.7438592057356874,91.01483884339999,102.1372051456,111.01791677744609,123.33548494579999,140.41143503647422
2020-08-10,11.9,97.80000000000013,114.60000000000004,309.29999999999995,8,1,1.2882722998717449,74.95504461269998,91.11868308480001,101.69774308012438,114.81259664090001,131.40016629432012
2020-08-11,30.9,114.4000000000001,145.50000000000003,258.8,8,0,1.2528639911258426,83.08323122739999,102.71046722560001,115.35465013426443,130.7096847318,149.68291489329647
2020-08-12,90.3,133.1000000000001,227.3,302.79999999999995,8,0,1.8780128530603812,147.7746717566,169.8699185664,183.58709202907926,199.5006980082,218.00933521906288
2020-08-13,80.5,201.7000000000001,303.3,377.6,8,0,2.4046385145932168,183.83492963499998,215.98791296,235.8009054882226,258.725650135,285.3336680890039
2020-08-14,6.3,177.10000000000014,305.8,360.7,8,0,2.2700127537552786,134.98445074449995,179.09033036800002,206.73076966498923,239.1530851215,277.3669846845537
2020-08-15,16.7,103.50000000000011,308.2,367.2999999999999,8,0,2.287828419579388,110.94901155949998,159.05958374400004,190.7477217783447,228.9740098685,275.10937146679976
2020-08-16,7.1,30.100000000000115,243.70000000000005,350.2,8,0,2.1623501452160845,84.63719422959998,133.86448317440002,168.34962869205972,211.60755590120002,265.75958666688706
2020-08-17,6.3,30.10000000000011,238.1,352.7,8,0,2.178564528428563,65.43869536609998,112.98356464640003,148.64906165175603,195.42182223870003,256.49640696443686
2020-08-18,5.8,19.200000000000113,213.00000000000003,358.5,8,0,2.1234356255061373,51.20314715019999,94.65140090880003,129.3363984219203,176.6935383214,240.90964838510618
2020-08-19,31.9,44.000000000000114,154.60000000000002,381.9,8,0,2.223051650763565,65.71968022229998,99.93312926720002,127.73973130783648,165.9588081781,217.89460111638294
2020-08-20,4.9,42.600000000000115,79.00000000000003,382.2999999999999,8,0,2.2301333125127454,50.56763060929998,83.56875064320002,111.13596620000644,150.11365392310003,204.7749014836271
2020-08-21,4.4,41.20000000000012,77.10000000000002,382.9,8,0,2.1451533715225803,38.924492907099996,67.93713827840001,92.78215217587714,128.7281247317,180.43518498697983
2020-08-22,5.4,14.700000000000117,65.80000000000003,373.99999999999994,8,0,1.7350071285492121,30.096393536499995,50.053821952000014,66.4870706375283,89.76964911750002,122.74748012440523
2020-08-23,11.6,21.400000000000112,70.30000000000003,314.0,8,0,1.7621534985877374,30.393549721099994,42.99943587840001,52.265620492470894,64.3240697777,80.01178250949549
2020-08-24,2.4,19.400000000000116,66.40000000000003,304.5,8,0,1.3289918549295323,23.497525397899995,36.1230913536,45.58546867125371,58.09498862730001,74.63915066681892
2020-08-25,2.3,16.300000000000114,62.900000000000034,275.9,8,0,1.0002847220717397,18.276534112699995,29.40532423680001,37.75984581807558,48.7625598149,63.208286248197055
2020-08-26,5.4,10.100000000000112,36.40000000000003,191.0,8,0,0.6361692804680443,17.993016452099997,28.161902694400005,36.09806067454511,46.810686908700006,61.19683966719471
2020-08-27,7.1,14.800000000000113,38.60000000000003,117.6,8,0,0.6556438502782906,19.517152109599998,28.953064806400008,36.543042826016794,47.032944045200004,61.464954966633194
2020-08-28,13.8,26.30000000000011,48.00000000000003,125.1,8,0,0.6220059569696834,27.298170832299995,36.339681587200005,43.71971485693808,54.107314688100004,68.71903297071893
2020-08-29,23.3,44.20000000000012,65.90000000000003,131.7,8,0,0.7235097753746034,41.507623538299995,48.9465088512,54.181464129928315,60.87374098010001,69.4833729604787
2020-08-30,5.0,42.10000000000012,59.30000000000003,129.6,8,0,0.7276407447282919,33.91692360479999,43.63107358720001,50.089559929169525,58.07784252560001,68.07539331018671
2020-08-31,12.0,40.30000000000011,68.90000000000003,135.29999999999998,8,0,0.7571476686832105,35.6175574138,46.43241246720001,53.70987856069492,62.7358731366,74.0371811120285
2020-09-01,18.3,35.30000000000011,84.90000000000003,147.8,9,0,0.6786592509631271,43.0797535552,54.866109388800005,62.890274993150776,72.8794222464,85.40214258453983
2020-09-02,8.0,38.30000000000011,87.50000000000003,123.9,9,0,0.702264790127062,37.8281561998,50.64734699520001,59.17299065382578,69.5468101166,82.18668696014765
2020-09-03,19.1,45.40000000000012,99.50000000000004,138.1,9,1,0.7854743156799323,45.5119152801,59.360179558400006,68.92454348533417,80.8553008487,95.74038395796815
2020-09-04,4.7,31.80000000000011,90.40000000000003,138.4,9,1,0.784884177200834,36.4933713888,51.94118302720001,62.83305083255038,76.66781035160001,94.27626979982148
2020-09-05,19.3,43.100000000000115,86.40000000000002,152.29999999999998,9,0,0.847039379019858,44.6928233377,60.27312583680001,71.64497142422792,86.4181657399,105.62927683794315
2020-09-06,11.0,35.000000000000114,92.40000000000003,151.7,9,0,0.8769457799401799,42.0844189096,58.456143974400014,70.50041743977461,86.30073224120001,107.0967807274535
2020-09-07,17.7,48.000000000000114,98.10000000000004,167.0,9,1,0.9719580750750177,46.7692773931,62.98315146240001,74.90848804390644,90.5588965437,111.17937192959118
2020-09-08,4.3,33.000000000000114,84.10000000000002,169.0,9,1,0.9507130898274763,36.380326845,52.18470272000001,63.385041216181634,77.67879923500001,95.96983264885742
2020-09-09,12.6,34.60000000000011,88.70000000000002,176.2,9,0,0.9967438911971493,37.924991166999995,53.810891264000006,65.49291301205078,80.767527111,100.77765632022263
2020-09-10,4.2,21.10000000000011,73.80000000000003,173.3,9,1,0.8952400727922294,30.408523518099994,45.960222822400006,57.50648320815449,72.70663311870001,92.75393023335096
2020-09-11,20.9,37.70000000000011,90.00000000000003,180.4,9,0,0.9271075506635414,41.669036757,55.70323072000001,66.17770912749609,79.955154353,98.05934773362108
2020-09-12,1.8,26.900000000000112,72.50000000000003,158.9,9,0,0.899371042145918,30.742345530699993,45.5035911168,56.47605752364589,70.9702113969,90.166484833033
2020-09-13,5.8,28.500000000000114,67.30000000000003,159.70000000000002,9,0,0.8604219025254255,26.780114145899994,40.15202600960001,50.0443477721912,63.01343205130001,80.02228505192829
2020-09-14,41.6,49.20000000000012,91.20000000000002,189.3,9,0,1.009136799258215,60.2133165351,73.21696215040001,83.21238590596113,96.67330017770001,114.8071071849115
2020-09-15,39.0,86.40000000000012,125.90000000000003,210.0,9,0,1.1814572351549395,80.60414434399999,95.501248,105.930852016291,119.276476266,136.51112889836523
2020-09-16,52.6,133.20000000000013,165.90000000000003,254.6,9,0,1.3891859797975665,108.7121782669,127.81988239360001,140.47560576609942,156.11336579830004,175.6994661218248
2020-09-17,19.8,111.40000000000012,181.50000000000003,255.3,9,0,1.4600025972893709,95.39854359609998,120.1553828864,135.7195879443537,154.13042082870004,176.11684899121423
2020-09-18,15.4,87.80000000000011,176.00000000000003,266.0,9,0,1.452330797061092,82.05751616019998,111.06259732480001,129.91508981403553,152.6180614534,180.1364377029285
2020-09-19,3.3,38.500000000000114,177.50000000000003,250.0,9,0,1.3956775030676483,60.38434249839999,90.79716316160003,111.2472088472371,136.2629069628,166.8855303833785
2020-09-20,0.0,18.700000000000113,171.70000000000002,239.0,9,0,1.3059764542446959,42.15040014429999,72.18675896320002,93.7332550219205,121.17216681810001,156.02655871940837
2020-09-21,1.2,4.500000000000114,131.3,222.5,9,0,1.2658470376660067,30.114906830599992,56.70528675840001,76.75859171791132,102.96757073820001,136.9116287533558
2020-09-22,16.2,17.400000000000112,108.50000000000004,234.4,9,0,1.3077468696819912,37.22958923659999,61.37095587840001,81.09042903241132,108.24319247220001,145.18832082505895
2020-09-23,56.1,73.50000000000011,112.00000000000004,277.90000000000003,9,0,1.590306705479856,81.99687682119999,104.57399444480004,123.88499313237342,151.49653827240002,190.55623053622338
2020-09-24,122.2,194.5000000000001,214.40000000000003,395.9,9,0,2.2130192966188926,178.422716739,201.39242956800004,219.31226894194336,244.04186133700003,278.3209623370957
2020-09-25,44.2,222.5000000000001,243.20000000000005,419.2,9,1,2.4561563500074217,167.9942482462,201.12635054080002,222.93732683136366,250.23921603940002,285.2541735899441
2020-09-26,37.7,204.1000000000001,277.6,455.1,9,0,2.645590801797999,153.8101539626,192.95319843840002,216.8411341383371,244.57480848620003,277.1979019065082
2020-09-27,17.3,99.20000000000012,294.90000000000003,466.6,9,0,2.4874336893996354,124.40780678079999,169.53654993920003,197.7168508116402,230.51349452360003,268.7830154142629
2020-09-28,28.9,83.90000000000012,322.6,453.9,9,0,2.3947224145240447,115.55045286309998,162.8756775424,193.92745736304704,230.9924970937,275.0233157792787
2020-09-29,16.0,62.20000000000012,322.40000000000003,430.9,9,0,2.393237775705369,96.79210017199998,145.94620723200003,180.1886532242656,222.74260853200002,275.2963180908281
2020-09-30,18.4,63.30000000000011,284.70000000000005,396.7,9,0,2.323196826683868,86.15447012039998,135.15696578560002,171.56035524062577,218.86834767880003,279.9315021862866
2020-10-01,5.3,39.70000000000011,167.80000000000004,382.2000000000001,10,0,2.349788415152332,65.57423205439999,113.29672360960002,150.89005266932304,201.86309878280002,270.51644274988627
2020-10-02,12.7,36.40000000000011,136.30000000000004,379.5,10,0,2.3270882786548626,58.14435253469998,101.59791713280003,137.76717941860485,188.72819817490003,259.9910821967302
2020-10-03,13.2,31.200000000000113,111.80000000000004,389.4,10,0,2.297999237609058,52.31636062739999,88.45464207360001,119.2574484222996,163.49451786780003,226.60238579562065
2020-10-04,23.6,49.500000000000114,118.10000000000002,413.0,10,0,2.429600118447995,56.7696048964,81.24258856960002,100.91077894851836,128.1365607008,165.70661253090972
2020-10-05,11.5,48.30000000000011,100.70000000000002,423.3,10,0,2.3410793465832396,49.990182826899996,71.74813199360001,88.57231343438065,111.41131757830001,142.4571091900279
2020-10-06,4.0,39.100000000000115,88.70000000000002,411.1,10,0,1.9149993646742154,37.92819629009999,57.350498918400014,71.86430137557831,91.12500862870002,116.76187112123961
2020-10-07,1.0,16.500000000000114,71.30000000000004,356.0,10,0,1.361449471279943,27.06105522229999,45.02282577920002,58.678728974147056,76.98037075210001,101.56562851635368
2020-10-08,1.5,6.500000000000114,67.50000000000003,235.3,10,0,1.0256606766729695,19.626385185999993,34.41514675200001,45.68724934257811,60.705526758000005,80.68384954654687
2020-10-09,1.2,3.700000000000114,56.000000000000036,192.3,10,0,0.9117639502069839,14.486509231799996,27.014130483200006,36.88417147173983,50.256119040600005,68.26986604140545
2020-10-10,0.1,2.8000000000001135,42.90000000000003,154.7,10,0,0.8108502702811622,9.720802004099998,19.735619430400007,27.829056711109565,38.9148238387,53.939613057349014
2020-10-11,0.0,1.3000000000001135,19.30000000000003,137.39999999999998,10,0,0.6385298343844379,6.654849520899997,15.219412377600005,22.6112638614373,33.1753457223,48.06932662651815
2020-10-12,0.2,0.3000000000001137,8.000000000000028,108.7,10,0,0.5470583701241902,4.499651098399998,11.011877785600005,16.919269347094527,25.629594960800006,38.26190116686483
2020-10-13,0.8,1.0000000000001137,4.800000000000028,93.5,10,0,0.44319399780287694,3.576888440199999,8.192163020800002,12.582636807732811,19.264080055400004,29.245478510574987
2020-10-14,2.3,3.3000000000001135,6.100000000000028,77.4,10,0,0.42548984342992574,4.1371803205,6.319699712000002,8.349005344131836,11.408860863500001,15.9530128190205
2020-10-15,2.5,5.600000000000113,7.100000000000028,74.60000000000001,10,0,0.36529571856189186,5.071179688,6.320956672000001,7.332598892593749,8.758172716,10.769887376828123
2020-10-16,0.8,5.600000000000113,6.700000000000028,62.7,10,0,0.2903481317163987,4.236835682000001,5.427268608000001,6.245211441341796,7.2876416840000005,8.636445251033201
2020-10-17,0.0,3.3000000000001135,6.600000000000028,49.5,10,0,0.15284586608647815,2.9375374524999995,4.234440704000001,5.111555320799804,6.210199075500001,7.605886049243163
2020-10-18,0.0,0.8000000000001137,6.600000000000028,25.9,10,0,0.08497994099016545,2.0139049293999998,3.226491289600001,4.04951041616875,5.0661615078,6.327486337923436
2020-10-19,1.5,1.5000000000001137,7.900000000000028,15.9,10,0,0.07022647901270616,2.8758364207,3.9523440128000007,4.70583456853457,5.641131228900001,6.79262769394121
2020-10-20,2.4,3.9000000000001136,9.500000000000028,14.3,10,0,0.07848841772008336,4.410260741999999,5.551137792000001,6.380271942820312,7.442150262,8.79312261532031
2020-10-21,5.4,9.300000000000114,12.60000000000003,18.7,10,0,0.10312347723136098,8.487182519400001,9.8409102336,10.823231151397264,12.097935235800001,13.753466484554295
2020-10-22,0.1,7.900000000000114,10.20000000000003,17.3,10,0,0.10247490190286185,6.035378258599999,7.951253350400001,9.260371597819532,10.918406024200001,13.046045772478903
2020-10-23,0.4,5.900000000000114,9.80000000000003,16.5,10,0,0.09988060058886533,4.6021667610999994,6.675103334400001,8.113816334674024,9.947622669700003,12.314753932464257
2020-10-24,1.7,2.200000000000114,11.500000000000028,18.1,10,0,0.1068150647168052,4.8565474255,6.793122048000002,8.143932754489256,9.8508999905,12.02192127559277
2020-10-25,1.4,3.5000000000001137,12.900000000000029,19.5,10,0,0.11389672646598564,4.728964385599999,6.5660621824,7.830156830464062,9.3941138912,11.323982863717186
2020-10-26,0.0,3.1000000000001133,11.400000000000029,19.3,10,0,0.10917561863319868,3.287677049999999,5.166950400000001,6.498133782421874,8.175759750000001,10.278794169140623
2020-10-27,0.0,1.4000000000001136,9.000000000000028,18.5,10,0,0.09442215665573939,2.3013739349999995,4.133560320000001,5.523413715058593,7.3581837750000005,9.764854460683592
2020-10-28,0.0,0.0,3.600000000000028,16.200000000000003,10,0,0.0836662173763872,1.6109617544999995,3.3068482560000008,4.694901657799804,6.622365397500001,9.276611737649413
2020-10-29,0.0,0.0,3.5000000000000284,13.7,10,0,0.07612786380368988,1.0853019407999995,2.4844173312000013,3.69535480261875,5.437111197600001,7.914675741909373
2020-10-30,0.0,0.0,3.100000000000028,12.9,10,0,0.07612786380368988,0.6919172987999997,1.7298358272000007,2.6685530118082026,4.0565718216,6.081973300641795
2020-10-31,0.0,0.0,1.4000000000000283,12.9,10,0,0.07612786380368988,0.3318054746999999,0.8040480768000002,1.20514827659707,1.7680510629000001,2.54469516372246
2020-11-01,0.0,0.0,0.0,12.9,11,0,0.06491523270082082,0.2294390797999999,0.6325010432000002,1.0046885946734372,1.5563781126000003,2.357586711612499
2020-11-02,2.7,2.700000000000114,2.7000000000000286,14.1,11,0,0.06904620205450941,2.8493083459,3.1630511616000003,3.475235543736133,3.9612689253,4.700212600336522
2020-11-03,0.0,2.700000000000114,2.7000000000000286,11.7,11,0,0.03658858570409899,1.9464950497999998,2.3479048192,2.6192637247964843,2.9723886846000003,3.4473491736144526
2020-11-04,2.6,5.300000000000114,5.300000000000029,8.9,11,0,0.054218300338254956,3.923,4.328,4.55075,4.787000000000001,5.0367500000000005
2020-11-05,0.3,2.9000000000001136,5.600000000000029,9.1,11,0,0.051377000376835145,3.0461,3.7624000000000004,4.1681375,4.608300000000001,5.0849125
2020-11-06,6.2,9.100000000000112,11.80000000000003,14.9,11,0,0.09949065382959313,8.332270000000001,9.209920000000002,9.742916875,10.347470000000001,11.030666875
2020-11-07,11.1,17.600000000000115,22.900000000000027,24.3,11,0,0.20633204095242103,16.932589,18.467936,19.381479343749998,20.412723,21.57913353125
2020-11-08,0.0,17.300000000000114,22.900000000000027,22.9,11,0,0.17697671619845454,11.8528123,14.774348800000002,16.474257442187497,18.3714507,20.5001768546875
2020-11-09,0.0,11.100000000000117,20.20000000000003,22.9,11,0,0.15871823330700838,8.296968609999999,11.819479040000003,14.003118825859373,16.534305630000002,19.475168011953123
2020-11-10,0.0,0.0,20.20000000000003,22.9,11,0,0.14994852068625458,5.807878026999998,9.455583232000002,11.902651001980466,14.880875067000002,18.501409611355463
2020-11-11,0.1,0.1000000000001136,17.700000000000028,23.0,11,0,0.1491723255547989,4.1655146189,7.664466585600001,10.217253351683397,13.492787560300002,17.676339130787692
2020-11-12,0.0,0.1000000000001136,17.400000000000027,23.0,11,0,0.1357318501926254,2.839591915999999,5.841662976000002,8.153104457210937,11.202077016,15.175932438304683
2020-11-13,0.0,0.1000000000001136,11.200000000000028,23.0,11,0,0.1357318501926254,1.9877143411999993,4.673330380800002,6.930138788629295,10.0818693144,14.417135816389447
2020-11-14,0.0,0.0,0.1000000000000284,23.0,11,0,0.1357318501926254,1.3179564740999994,3.4594914304000017,5.378744519049022,8.167118438700001,12.13956298355019
2020-11-15,0.0,0.0,0.1000000000000284,23.0,11,0,0.11979811125696936,0.9140952743999995,2.7353808896000014,4.512870519889452,7.245803062800002,11.352963752601166
2020-11-16,2.2,2.200000000000114,2.3000000000000287,22.5,11,0,0.13278115779713354,2.6647320377,3.722584780800001,4.815318634993554,6.559416427900001,9.273146541693162
2020-11-17,0.0,2.200000000000114,2.3000000000000287,22.5,11,0,0.11625728038237913,1.5517649,1.7862144000000002,1.9077149515625,2.0331441000000003,2.1635091890625
2020-11-18,0.1,2.300000000000114,2.3000000000000287,20.0,11,0,0.11625728038237913,1.18623543,1.5289715200000005,1.721557708828125,1.9298296900000003,2.1553337296093753
2020-11-19,0.0,0.1000000000001136,2.3000000000000287,19.7,11,0,0.04780121680696804,0.8303648009999999,1.2231772160000003,1.4633240525039062,1.7368467210000005,2.047567043128906
2020-11-20,0.2,0.3000000000001137,2.5000000000000284,13.7,11,0,0.021078528353727352,0.7812553606999999,1.1785417728000003,1.44382544462832,1.7631620489000004,2.1451886909724607
2020-11-21,6.3,6.500000000000114,8.80000000000003,8.9,11,0,0.07752359920177669,6.844054,7.232096,7.5075641875,7.851978,8.278055562499999
2020-11-22,0.6,7.100000000000113,9.400000000000029,9.5,11,0,0.08229428222957835,5.390837799999999,6.385676800000001,6.981429559375,7.6667802,8.464152784374999
2020-11-23,0.3,7.200000000000114,7.500000000000028,9.8,11,0,0.0736550495161199,4.07358646,5.4085414400000005,6.234215125468749,7.200102180000001,8.34094514515625
2020-11-24,5.9,6.800000000000114,13.400000000000029,15.7,11,0,0.12018548302438208,8.751510522,10.226833152000001,11.199082856648438,12.380091962000002,13.823897887898438
2020-11-25,0.8,7.000000000000115,14.10000000000003,16.400000000000002,11,0,0.1171966176467241,6.926057365399999,8.981466521600002,10.319220428151173,11.942082765800002,13.932702993503515
2020-11-26,0.0,6.700000000000114,14.10000000000003,16.400000000000002,11,0,0.10466703671664308,4.7860956009999995,6.948950016000001,8.338213674378906,9.980781921000002,11.918846577503905
2020-11-27,0.1,0.9000000000001137,14.000000000000028,16.5,11,0,0.10392471730730518,3.4502669206999994,5.659160012800001,7.1874816232220695,9.0827037289,11.42290424862871
2020-11-28,0.0,0.1000000000001136,7.700000000000029,16.5,11,0,0.09737284905123124,2.4123620919999995,4.516590592000001,6.0896719393046865,8.139565512,10.791885342273435
2020-11-29,0.0,0.1000000000001136,7.10000000000003,16.5,11,0,0.09209769664687584,1.6886534643999993,3.6132724736000013,5.176221148408984,7.325608960800001,10.252291075159764
2020-11-30,0.0,0.0,6.800000000000029,14.3,11,0,0.09080054598987758,1.1764079200999997,2.8691431424000013,4.360413095279491,6.523312376700001,9.619929133554098
2020-12-01,0.0,0.0,0.9000000000000284,14.3,12,0,0.0837996640319687,0.6455261371999996,1.6188571648000007,2.466042383641015,3.6743069664000005,5.366889959674609
2020-12-02,0.0,0.0,0.1000000000000284,14.2,12,0,0.0837996640319687,0.4349197810999998,1.2306612224000006,1.9780113834904296,3.097669205700001,4.73930329814785
2020-12-03,0.6,0.6000000000001137,0.7000000000000284,14.8,12,0,0.08616021794836219,0.8959695892999999,1.5523167232000006,2.222247354664648,3.283298753100001,4.922717051468943
2020-12-04,2.2,2.800000000000114,2.8000000000000287,16.8,12,0,0.06019412486803384,2.6605183156,2.8083457024000005,2.9273512658546874,3.0977660812000005,3.3440332573890625
2020-12-05,18.1,20.900000000000116,20.90000000000003,28.6,12,0,0.24211216366093338,19.939764801000003,20.260777216000005,20.430749052503906,20.609046721000002,20.797842043128906
2020-12-06,9.9,30.200000000000117,30.800000000000033,37.9,12,0,0.333947811946115,23.8578353607,26.108621772800003,27.266136694628322,28.448142048900003,29.65794994097246
2020-12-07,0.3,28.30000000000011,31.10000000000003,37.900000000000006,12,0,0.28950526407030414,16.997659999999996,21.176160000000007,23.45652875,25.868460000000002,28.415178749999995
2020-12-08,2.9,13.100000000000112,34.00000000000003,34.9,12,0,0.2862432878137954,14.798361999999997,19.840928000000005,22.838049437499997,26.181614000000003,29.894419812499997
2020-12-09,0.5,3.7000000000001134,34.50000000000003,34.6,12,0,0.2672757395252629,10.8588534,16.372742400000003,19.912342021875,24.0634526,28.899698821875
2020-12-10,0.1,3.5000000000001137,34.00000000000003,34.7,12,0,0.2523885991748839,7.701197379999998,13.198193920000003,17.02549071859375,21.757107340000005,27.554713880781247
2020-12-11,1.5,2.1000000000001138,33.30000000000003,36.1,12,0,0.24719236330951866,6.890838165999998,12.058555136000003,15.971667110804686,21.081396606000002,27.676978186742183
2020-12-12,14.6,16.200000000000113,29.80000000000003,50.7,12,0,0.3288276915490567,19.4235867162,24.246844108800005,28.175917044183983,33.573256945400004,40.89312927740507
2020-12-13,2.4,18.50000000000011,22.300000000000026,53.1,12,0,0.34050204746204094,15.979562186399999,21.733050777600006,26.231404844951953,32.406724186800005,40.88923064999179
2020-12-14,4.5,21.500000000000114,26.50000000000003,57.6,12,0,0.3554192800175209,15.623548975699997,21.650217420800004,26.363570428659568,32.898959199900006,42.02754785116777
2020-12-15,0.0,6.900000000000114,23.60000000000003,57.6,12,0,0.3399197639606619,10.425204082299999,15.376701235200004,18.845608145793552,23.297983514100004,29.089031858394723
2020-12-16,0.0,4.500000000000114,23.10000000000003,57.6,12,0,0.3357887946069733,7.017992361099999,11.238356582400003,14.069710320951366,17.5162686057,21.707084567015038
2020-12-17,0.1,0.1000000000001136,23.10000000000003,57.1,12,0,0.2980199319446776,5.004120395299998,9.058473011200002,12.000191451506444,15.760038213100001,20.542109256892772
2020-12-18,0.0,0.1000000000001136,21.60000000000003,54.900000000000006,12,0,0.21126957551721698,3.4209664544999985,6.935393280000001,9.62922696119238,13.1728669155,17.778666670256833
2020-12-19,0.0,0.1000000000001136,7.000000000000028,36.8,12,0,0.15874725087746186,2.3805527556999992,5.494627532800002,8.086405714843162,11.681241003900002,16.590364867124798
2020-12-20,0.0,0.0,4.600000000000028,26.9,12,0,0.1516655891282814,1.6635621764999993,4.3849646080000015,6.853757417182615,10.478249059500003,15.70097292984472
2020-12-21,0.0,0.0,0.1000000000000284,26.6,12,0,0.14009227095581114,1.1221222361999994,3.3469104128000016,5.530382198094139,8.9074064934,14.017818874494916
2020-12-22,0.0,0.0,0.1000000000000284,23.7,12,0,0.13691212715082213,0.3730717017999998,1.1098652672000007,1.8264585650054683,2.9259606186000005,4.575368617889842
2020-12-23,0.0,0.0,0.1000000000000284,23.2,12,0,0.13632198867172376,0.1933561314999999,0.6301941760000003,1.0799912098369138,1.7965363005000003,2.9096315328232407
2020-12-24,0.0,0.0,0.0,23.1,12,0,0.12628963452705141,0.008235429999999997,0.020971520000000007,0.032057708828124996,0.04782969000000001,0.06983372960937498
2020-12-25,0.0,0.0,0.0,21.6,12,0,0.034228031787705504,0.005764800999999997,0.016777216000000008,0.027249052503906246,0.04304672100000001,0.06634204312890622
2020-12-26,0.0,0.0,0.0,7.0,12,0,0.02242526220573807,0.004035360699999998,0.013421772800000007,0.02316169462832031,0.03874204890000001,0.0630249409724609
2020-12-27,0.0,0.0,0.0,4.6,12,0,0.0005901384790983295,0.0,0.0,0.0,0.0,0.0
2020-12-28,1.7,1.7000000000001136,1.7000000000000284,1.8,12,0,0.020275402868156985,1.7000000000000002,1.7000000000000002,1.7000000000000002,1.7000000000000002,1.7000000000000002
2020-12-29,0.9,2.6000000000001138,2.6000000000000285,2.7,12,0,0.03100943968071068,2.09,2.2600000000000002,2.345,2.43,2.515
2020-12-30,0.0,2.6000000000001138,2.6000000000000285,2.7,12,0,0.026597656769710053,1.463,1.8080000000000003,1.9932500000000002,2.1870000000000003,2.38925
2020-12-31,0.0,0.9000000000001137,2.6000000000000285,2.6,12,0,0.023853607317816373,1.0240999999999998,1.4464000000000006,1.6942625,1.9683000000000004,2.2697875
2021-01-01,0.0,0.0,2.6000000000000285,2.6,1,0,0.021921669487876452,0.7168699999999999,1.1571200000000004,1.440123125,1.7714700000000003,2.1562981249999997
2021-01-02,0.0,0.0,2.6000000000000285,2.6,1,0,0.019300304642785315,0.501809,0.9256960000000003,1.2241046562499998,1.5943230000000002,2.0484832187499995
2021-01-03,0.0,0.0,2.6000000000000285,2.6,1,0,0.019300304642785315,0.3512662999999999,0.7405568000000002,1.0404889578124998,1.4348907000000002,1.9460590578124997
2021-01-04,2.2,2.200000000000114,3.100000000000029,4.800000000000001,1,0,0.03113161576795803,2.44588641,2.7924454400000003,3.0844156141406254,3.4914016300000004,4.048756104921875
2021-01-05,3.4,5.600000000000113,5.600000000000029,8.2,1,0,0.06678956238922301,5.112120487,5.633956352,6.021753272019532,6.542261467000001,7.246318299675782
2021-01-06,1.6,7.200000000000114,7.2000000000000295,9.8,1,0,0.0736550495161199,5.1784843409,6.107165081600002,6.718490281216602,7.488035320300002,8.48400238469199
2021-01-07,0.8,5.8000000000001135,8.000000000000028,10.6,1,0,0.07339571482405016,4.3769182463,5.503195955200002,6.176030251654883,6.946478440100002,7.841949468752148
2021-01-08,0.0,2.400000000000114,8.000000000000028,10.6,1,0,0.06745129073192754,3.0384199999999995,4.305920000000001,5.07243875,5.938020000000002,6.91098875
2021-01-09,0.5,1.3000000000001135,8.500000000000028,11.1,1,0,0.06550537117991918,2.6268939999999996,3.944736000000001,4.811572937499999,5.844218000000001,7.065439312499999
2021-01-10,1.7,2.200000000000114,10.20000000000003,12.8,1,0,0.07571657975246524,3.5388257999999997,4.855788800000001,5.789836996875,6.9597962,8.412167346875
2021-01-11,5.4,7.600000000000114,13.400000000000029,16.5,1,0,0.10117775124586359,7.87717806,9.28463104,10.321361447343751,11.663816580000002,13.39155897953125
2021-01-12,8.9,16.000000000000114,18.90000000000003,24.5,1,0,0.17055191824390872,14.414024642000001,16.327704832000002,17.67315723024219,19.397434922000002,21.621981030554686
2021-01-13,7.9,22.200000000000117,25.20000000000003,32.400000000000006,1,0,0.22710306934136934,17.989817249399998,20.962163865600004,22.92218364570586,25.3576914298,28.44088197902695
2021-01-14,1.1,17.900000000000116,25.50000000000003,33.5,1,0,0.21376501942504592,13.6307275198,17.633507891200004,20.15073240930039,23.154829718600002,26.801616613751168
2021-01-15,0.3,9.300000000000116,25.80000000000003,33.800000000000004,1,0,0.19946680593524954,9.745467679199999,14.041734092800004,16.758749573146872,19.953840050400004,23.725830189653124
2021-01-16,2.1,3.5000000000001155,27.400000000000027,35.900000000000006,1,0,0.21185971399631529,8.876631335599999,13.161588582400004,16.029938090229685,19.500570541200005,23.68155957738906
2021-01-17,1.9,4.300000000000115,27.60000000000003,37.8,1,0,0.20654846768443,8.091043915,12.343371520000003,15.367947853222656,19.171570735000003,23.9184920471289
2021-01-18,0.0,4.0000000000001155,22.20000000000003,35.6,1,0,0.19327544789273943,5.663730740499998,9.874697216000003,13.062755675239256,17.254413661500003,22.722567444772455
2021-01-19,0.9,2.8000000000001153,14.20000000000003,33.1,1,0,0.19586974920673594,4.8504877559,8.746070681600003,11.904905121783006,16.254633075300003,22.187070602914645
2021-01-20,0.6,1.5000000000001157,6.900000000000029,32.1,1,0,0.18873542059324555,3.9473206367999993,7.414320435200003,10.384482866136327,14.636416419600003,20.659864276063665
2021-01-21,0.6,2.1000000000001156,6.400000000000029,31.9,1,0,0.18825417483238044,3.2105878112999995,5.951635763200002,8.363688652775977,11.889911201100002,16.99369159037324
2021-01-22,0.1,1.3000000000001155,6.200000000000028,32.0,1,0,0.1853034824368886,2.0960084962999996,3.905678387200002,5.456953156227148,7.697681964100003,10.915248251633004
2021-01-23,0.3,1.0000000000001157,4.400000000000029,31.8,1,0,0.17763168220860975,1.5440505006999998,2.576286668800001,3.383102388501367,4.473354090900001,5.939464019068163
2021-01-24,2.6,3.0000000000001155,5.100000000000028,32.7,1,0,0.15638669696106838,3.6497630731,4.5429177344000005,5.259075185451367,6.242472397700001,7.583880184952538
2021-01-25,2.5,5.400000000000116,7.600000000000028,29.8,1,0,0.11979811125696936,5.0463598937,6.102121932800001,6.911151586331446,8.0136216259,9.525065093933398
2021-01-26,0.0,5.100000000000115,6.700000000000028,20.9,1,0,0.07612786380368988,3.4731321232999997,4.6562117632,5.461042599266211,6.480034739100001,7.791464266836132
2021-01-27,0.2,2.7000000000001156,6.300000000000028,13.2,1,0,0.0714067559709029,2.5775221889999997,3.7209584640000006,4.467824841128905,5.369542229,6.464290868941406
2021-01-28,0.1,0.3000000000001155,5.800000000000029,12.2,1,0,0.07022647901270616,1.9042655322999997,3.076766771200001,3.89765111495957,4.932588006100001,6.241076325494335
2021-01-29,0.1,0.4000000000001155,5.800000000000028,12.0,1,0,0.05606315551434524,1.4075631001999995,2.464776652800001,3.235816483808984,4.225518609400001,5.490159263905077
2021-01-30,0.0,0.2000000000001154,5.500000000000028,9.9,1,0,0.04721107832786968,0.9683456551999998,1.9073968128000007,2.632319368633203,3.593759684400001,4.856409137166796
2021-01-31,0.0,0.1000000000001154,2.9000000000000283,8.0,1,0,0.04721107832786968,0.6608934436999998,1.4614929408000004,2.1193468207337887,3.0251766519000007,4.254346516765429
2021-02-01,0.0,0.0,0.4000000000000284,8.0,2,0,0.04130969353688596,0.4598006580999998,1.1584569344000006,1.7817573571896483,2.687791142700001,3.981755497003319
2021-02-02,0.0,0.0,0.4000000000000284,7.1000000000000005,2,0,0.03835900114139411,0.3133862031999999,0.8945532928000004,1.455431432308984,2.3144084964000005,3.6030466403816392
2021-02-03,0.0,0.0,0.2000000000000284,6.5,2,0,0.03481817026680387,0.14592677749999994,0.4364697600000002,0.7252432661767577,1.1764037025000003,1.8661782663427724
2021-02-04,0.4,0.4000000000001155,0.5000000000000284,6.3,2,0,0.03658858570409899,0.431529932,0.4807403520000001,0.5242707653984375,0.5870672320000001,0.6760270049296874
2021-02-05,4.7,5.100000000000116,5.100000000000029,10.9,2,0,0.06255467878442733,5.0020709523999995,5.084592281600001,5.145630150588672,5.2283605088,5.342225654683204
2021-02-06,1.1,6.2000000000001165,6.2000000000000295,11.7,2,0,0.06917490390312382,4.5958001617,5.1461989888,5.434410747132226,5.7357887699,6.055366984101367
2021-02-07,0.0,5.800000000000116,6.2000000000000295,9.1,2,0,0.05933323433242994,3.2142353607,4.1062217728000014,4.59956169462832,5.127342048900001,5.69272494097246
2021-02-08,0.0,1.1000000000001156,6.2000000000000295,6.6,2,0,0.0532118932474364,2.2471399999999995,3.2742400000000007,3.8899399999999993,4.579740000000001,5.348215
2021-02-09,0.0,0.0,6.2000000000000295,6.6,2,0,0.048902185780647464,1.5729979999999997,2.6193920000000004,3.3064489999999997,4.121766,5.08080425
2021-02-10,0.5,0.5000000000001155,6.7000000000000295,6.9,2,0,0.049735400425638954,1.6010985999999998,2.5955136000000003,3.31048165,4.2095894000000005,5.326764037499999
2021-02-11,0.0,0.5000000000001155,6.300000000000029,6.800000000000001,2,0,0.04676612278828737,1.12076902,2.0764108800000005,2.8139094024999993,3.7886304600000007,5.060425835624999
2021-02-12,2.0,2.5000000000001155,3.6000000000000285,8.7,2,0,0.05642605357942392,2.7845383139999997,3.661128704000001,4.391822992124999,5.409767414000001,6.807404543843749
2021-02-13,8.0,10.000000000000115,10.500000000000028,16.7,2,0,0.11926707569504108,9.9491768198,10.9289029632,11.733049543306251,12.8687906726,14.46703431665156
2021-02-14,14.5,24.500000000000114,25.00000000000003,31.2,2,0,0.26835092031384244,21.4531247639,23.2001726976,24.39434235007402,25.942440229300004,28.00418782512363
2021-02-15,18.6,41.100000000000115,43.60000000000003,49.8,2,0,0.4204475743211836,33.484423967699996,36.655479500800006,38.409881297161526,40.3094075379,42.38991481944707
2021-02-16,16.2,49.30000000000011,59.800000000000026,66.0,2,0,0.5256968074272588,39.6080245,45.406272,48.6318372578125,52.0949205,55.811808445312494
2021-02-17,2.1,36.90000000000011,61.40000000000003,68.1,2,0,0.500825833684562,29.82561715,38.425017600000004,43.43706166914062,48.98542845,55.12121802304687
2021-02-18,2.1,20.400000000000112,63.50000000000003,69.8,2,0,0.47137282492956256,22.977932005,32.84001408,39.02150241876953,46.186885605,54.46515712189452
2021-02-19,1.4,5.600000000000113,62.90000000000003,66.5,2,0,0.4669189084735352,17.484552403499997,27.672011264000005,34.5682770559541,42.9681970445,53.14189926579979
2021-02-20,0.0,3.5000000000001137,54.90000000000003,65.39999999999999,2,0,0.42092538819593256,12.225062919999996,22.083921920000005,29.284598295390623,38.497038120000006,50.18543583289061
2021-02-21,0.0,1.4000000000001136,40.40000000000003,65.39999999999999,2,0,0.42092538819593256,8.557544043999997,17.667137536000006,24.891908551082025,34.647334308000005,47.67616404124608
2021-02-22,0.0,0.0,21.80000000000003,65.39999999999999,2,0,0.40795388162595,5.933785780999997,13.918961664000005,20.764373459738277,30.485243997000005,44.09488196070702
2021-02-23,7.7,7.700000000000114,13.30000000000003,73.1,2,0,0.42844053582541763,11.627669847499998,17.976175872000006,23.774722206051756,32.347292076500004,44.800242348764634
2021-02-24,13.2,20.900000000000112,24.400000000000027,85.8,2,0,0.5063388150664027,20.9297797822,26.024015052800006,30.553835012203514,37.256725487400004,47.07854461236991
2021-02-25,1.7,22.60000000000011,24.00000000000003,87.5,2,0,0.5027979841918124,15.8254418844,20.5220522496,24.008895839635546,28.745633952800002,35.28811031191757
2021-02-26,6.2,21.100000000000115,28.80000000000003,91.7,2,0,0.4868642452561563,16.8201994157,20.878180044800004,23.418196113370506,26.422479827900005,30.02416638065996
2021-02-27,26.9,34.80000000000011,55.70000000000003,110.6,2,0,0.5582710012270593,38.6148197887,43.3770582528,46.39203044724941,49.9480071209,54.16561048922636
2021-02-28,13.4,46.500000000000114,69.10000000000002,109.5,2,0,0.5364358775004195,40.371054049799994,47.8761608192,52.419789631046484,57.620981684600004,63.59998239236445
2021-03-01,2.4,42.70000000000012,71.50000000000003,93.3,3,0,0.5307583776765941,30.620191299999995,40.5506048,46.681197020312496,53.77073370000001,61.9817515578125
2021-03-02,0.0,15.800000000000118,63.800000000000026,77.1,3,0,0.4735997831575762,21.434133909999993,32.44048384000001,39.67901746726562,48.39366033,58.88266397992186
2021-03-03,0.0,2.400000000000117,50.60000000000003,75.0,3,0,0.4637313598768748,15.003893736999995,25.952387072000004,33.72716484717578,43.554294297,55.93853078092577
2021-03-04,5.2,5.200000000000117,54.10000000000002,78.1,3,0,0.4974572769588293,15.702725615899997,25.961909657600003,33.86809012009941,44.398864867300006,58.34160424187948
2021-03-05,2.1,7.300000000000118,50.00000000000002,78.8,3,0,0.46502912152951664,12.874401989399999,22.04274652160001,29.371943688660934,39.374154391800005,52.914249597649984
2021-03-06,0.6,7.900000000000118,23.700000000000028,79.4,3,0,0.4685699524041069,9.239214063899997,16.816858009600004,22.96740999806425,31.4341835433,42.96520951982089
2021-03-07,9.7,12.400000000000116,20.00000000000003,89.1,3,0,0.5258133848766489,16.119429052399997,22.970950297600005,28.88761201097539,37.3980118408,49.4990962471246
2021-03-08,13.6,23.900000000000116,31.200000000000028,102.7,3,0,0.5570907242688626,24.708465682299998,31.311040307200003,36.9338489024166,45.09640432810001,56.91197241149041
2021-03-09,2.1,25.400000000000116,33.300000000000026,97.1,3,0,0.4951261839635336,18.636067557799997,24.260466739200005,28.197850090288668,33.307313856600004,40.06035012540351
2021-03-10,11.3,27.000000000000117,44.60000000000003,95.2,3,0,0.5500090625196822,23.966730456799997,29.269559347200005,32.630055558579684,36.604291373600006,41.33425763333906
2021-03-11,6.5,19.90000000000012,45.90000000000003,100.0,3,0,0.5382062929377147,23.20891726,29.657949440000007,33.763048654375,38.607033980000004,44.3305760975
2021-03-12,17.6,35.40000000000012,61.40000000000003,111.4,3,0,0.47093050632050043,33.846242081999996,41.32635955200001,46.29859135621874,52.34633058200001,59.714047292625
2021-03-13,4.0,28.10000000000012,64.80000000000004,88.5,3,0,0.48102297725095516,27.69236945739999,37.061087641600004,43.35380265278594,51.111697523800004,60.72834492799374
2021-03-14,1.3,22.900000000000123,56.40000000000003,76.39999999999999,3,0,0.4462198260073984,20.5377714907,30.390524364800008,37.12698535229629,45.48739988290001,55.87849559755448
2021-03-15,5.2,10.50000000000012,48.00000000000003,79.2,3,0,0.46738967544591015,19.517120241199997,29.286933708800007,36.344501300336326,45.40643517040001,57.02722324527616
2021-03-16,2.4,8.900000000000121,48.30000000000003,81.60000000000001,3,0,0.48155299894427095,16.045035653899998,25.765122457600008,33.17470146268144,43.0565845893,56.21661991946932
2021-03-17,2.7,10.300000000000122,39.70000000000003,84.3,3,0,0.4662093984877133,13.6575239662,22.27056839680001,28.988814521174216,38.06874526140001,50.29804061288358
2021-03-18,8.5,13.600000000000122,41.70000000000003,87.6,3,0,0.5045683996291075,17.6761004377,24.856165836800006,30.463000443964255,38.01984394990001,48.140316208597454
2021-03-19,1.9,13.100000000000122,26.00000000000003,87.4,3,0,0.5098796459409929,14.213950504099998,21.559446886400004,27.3801141282541,35.385634830700006,46.37595282576698
2021-03-20,6.0,16.400000000000123,28.00000000000003,92.8,3,0,0.4904050761307466,15.630568321499997,22.034229248000003,27.048416239965817,33.907004974500005,43.291427771084955
2021-03-21,0.3,8.200000000000124,27.00000000000003,83.39999999999999,3,0,0.4089659660151714,11.057788913199996,17.229451212800004,22.011470175756248,28.549894616400003,37.53506627748124
2021-03-22,0.2,6.500000000000123,22.00000000000003,70.0,3,0,0.4001138888286958,7.443295800999999,12.093775360000004,15.444760132996093,19.758164609,25.320542833011714
2021-03-23,4.6,5.100000000000122,24.20000000000003,72.5,3,0,0.3611647492082033,9.697316961099997,13.845523558400004,16.940548495683785,20.987634387700005,26.25956793440761
2021-03-24,7.7,12.500000000000124,29.200000000000028,68.9,3,0,0.36293516464549835,14.451400090399998,18.636832409600004,21.84352949568828,26.1355889768,31.86823151667734
2021-03-25,1.3,13.600000000000122,22.000000000000032,63.7,3,0,0.2720538388643492,11.269092933799998,15.651120179200003,18.84325316876328,23.008902190600004,28.461387856803903
2021-03-26,0.0,9.000000000000124,20.10000000000003,46.1,3,0,0.24844829970041432,7.820570993899999,12.263198105600004,15.544266623031053,19.871183715300003,25.601349809791593
2021-03-27,0.0,1.3000000000001226,14.100000000000028,42.1,3,0,0.24077649947213553,5.398131378499999,9.520648192000003,12.681065737856443,16.942633555500002,22.70469258335839
2021-03-28,2.6,2.6000000000001227,16.400000000000027,43.400000000000006,3,0,0.2248427605364795,6.1385880033,9.303838003200003,11.705473440281835,14.884603459100001,19.080193970664254
2021-03-29,23.6,26.200000000000124,39.800000000000026,61.8,3,0,0.3505422565844326,27.843341305,30.839059456,33.175591055992186,36.333654077,40.58858408757812
2021-03-30,0.6,26.800000000000125,35.800000000000026,60.0,3,0,0.3369690715651701,19.920853764099995,24.6270024704,27.618005971549024,31.2082180287,35.56673324776894
2021-03-31,11.4,35.60000000000012,39.50000000000003,68.7,3,0,0.3641833003852589,25.3361233774,31.069389721600004,34.81624275451445,39.382792693800006,45.00877550360898
2021-04-01,18.6,30.60000000000012,56.80000000000003,78.8,4,0,0.4972559679329393,36.329636859199994,43.434036940800006,48.15443146046914,53.97477773640001,61.23858934058085
2021-04-02,0.6,30.60000000000012,57.400000000000034,77.50000000000001,4,0,0.4620413415137037,25.900807186899996,34.85330831360001,40.625644481431436,47.5733791383,56.022469953055264
2021-04-03,0.1,19.30000000000012,57.500000000000036,71.6,4,0,0.4268336603692889,18.013059089099997,27.155865446400007,33.11586489579316,40.2312172357,48.71107202326698
2021-04-04,0.0,0.7000000000001207,54.900000000000034,71.3,4,0,0.41958845863894206,12.572419579999998,21.585105920000004,27.892548435781244,35.75481354000001,45.49716040109374
2021-04-05,0.0,0.1000000000001208,31.30000000000003,71.1,4,0,0.3924420886004169,8.800693705999997,17.268084736000006,23.70866617041406,32.179332186,43.22230238103905
2021-04-06,0.0,0.0,30.700000000000028,66.5,4,0,0.3729308138869972,6.160485594199997,13.814467788800005,20.152366244851947,28.961398967400005,41.0611872619871
2021-04-07,0.1,0.1000000000001208,19.40000000000003,58.900000000000006,4,0,0.356716430674519,4.338896351199998,10.872401356800005,16.717637856838277,25.258695126400006,37.55141185686796
2021-04-08,9.0,9.10000000000012,9.80000000000003,66.6,4,0,0.39303222707951535,11.370585858199998,15.163890380800003,18.56375623587148,23.5040144274,30.54364949799882
2021-04-09,1.0,10.10000000000012,10.20000000000003,67.6,4,0,0.3989336118704991,8.9424615858,13.066687795200004,16.661068157886326,21.944405920600005,29.657224859555853
2021-04-10,0.0,10.00000000000012,10.10000000000003,67.6,4,0,0.38181959597664633,5.937701326199999,9.229284556800003,11.91753972471914,15.775031111400004,21.348762509260542
2021-04-11,0.0,1.0000000000001208,10.10000000000003,65.0,4,0,0.2443173303467257,3.6309869651999995,5.386267852800001,6.468044845273827,7.712109014400001,9.14481731396367
2021-04-12,0.1,0.1000000000001208,10.20000000000003,41.5,4,0,0.24136663795123386,2.6247423606999996,4.344589772800001,5.479713475878318,6.8316910489,8.42833428472246
2021-04-13,0.0,0.1000000000001208,10.20000000000003,40.900000000000006,4,0,0.17350071285492116,1.8344948999999995,3.4649344000000006,4.638069014062499,6.113654100000001,7.947043876562498
2021-04-14,0.5,0.6000000000001208,10.600000000000028,30.000000000000004,4,0,0.0786858573898168,1.7841464299999996,3.271947520000001,4.442358661953125,6.002288690000001,8.049691682734373
2021-04-15,0.7,1.2000000000001207,2.300000000000028,12.1,4,0,0.07393758744890032,1.9489025009999996,3.317558016000001,4.476004862660155,6.102059821000001,8.347207098597654
2021-04-16,0.0,1.2000000000001207,1.3000000000000282,11.500000000000002,4,0,0.07393758744890032,1.3642317506999997,2.654046412800001,3.8046041332611322,5.491853838900001,7.92984674366777
2021-04-17,17.7,18.40000000000012,19.00000000000003,29.1,4,0,0.21110272398022267,18.652137473,19.812499711999997,20.91422607283789,22.607800611000002,25.173480712560544
2021-04-18,14.1,31.80000000000012,33.10000000000003,43.2,4,0,0.3792693007102306,26.902268507,28.983632128000004,30.1052225228457,31.308914589000004,32.62617422378711
2021-04-19,0.0,31.80000000000012,33.00000000000003,43.2,4,0,0.325309802029529,18.80334043,23.079531520000003,25.392564740078125,27.82934469,30.396128573359377
2021-04-20,0.0,14.10000000000012,33.00000000000003,43.2,4,0,0.29174796642559914,13.162338300999998,18.463625216000004,21.583680029066407,25.046410221000002,28.876322144691404
2021-04-21,2.8,2.8000000000001206,35.300000000000026,45.9,4,0,0.2917268324155866,12.0136368107,17.570900172800002,21.146128024706442,25.341769198900003,30.232506037456833
2021-04-22,7.4,10.20000000000012,42.00000000000003,44.3,4,0,0.31177415192191543,15.806721014999997,21.445982720000003,25.354521380566403,30.172724435000003,36.06100704166015
2021-04-23,0.0,10.20000000000012,42.00000000000003,43.3,4,0,0.31177415192191543,11.064704710499997,17.156786176000004,21.551343173481442,27.1554519915,34.25795668957714
2021-04-24,0.8,8.200000000000122,25.10000000000003,44.1,4,0,0.2821302678971196,8.531169534899998,14.471741849600004,19.020204495288866,25.0655675723,33.04569038547909
2021-04-25,0.0,0.8000000000001208,11.000000000000028,44.1,4,0,0.27759024059762577,5.952045406999998,11.502231552000003,16.02936173795703,22.314935907000002,30.974290008738272
2021-04-26,0.0,0.8000000000001208,11.000000000000028,44.0,4,0,0.27759024059762577,4.1664317848999985,9.201785241600003,13.624957477263472,20.0834423163,29.425575508301357
2021-04-27,0.2,0.2000000000001208,11.20000000000003,44.2,4,0,0.2578905153659882,2.616521058699999,5.660905164800002,8.296536898843163,12.103489694900002,17.556652908366985
2021-04-28,0.2,0.4000000000001208,8.60000000000003,43.9,4,0,0.25493982297049644,1.6332746399999996,3.214748160000001,4.476127262812499,6.17677472,8.436629419687497
2021-04-29,1.8,2.200000000000121,3.0000000000000284,45.0,4,0,0.2655623155942671,2.9432922479999992,4.371798528000001,5.604708173390624,7.359097248,9.81479794870312
2021-04-30,1.5,3.500000000000121,4.500000000000028,46.5,4,0,0.15933738935656025,3.5603045736,4.997438822400001,6.264001947382031,8.1231875232,10.824058051267965
2021-05-01,0.5,3.8000000000001206,4.200000000000029,29.3,5,0,0.08970104882295242,2.9131201317999995,4.197303347200001,5.273153323120702,6.834569138600001,9.106391718837106
2021-05-02,2.1,4.10000000000012,6.300000000000029,17.3,5,0,0.10209395688401822,3.9301524079999997,4.663273728000001,5.1253097325312496,5.670891768000001,6.320418782531249
2021-05-03,4.0,6.60000000000012,10.30000000000003,21.3,5,0,0.12569949604795308,6.7511066856,7.730618982400001,8.356513272651561,9.103802591200001,10.004397843404686
2021-05-04,1.0,7.10000000000012,11.100000000000028,22.3,5,0,0.09560243361393612,5.70317666,7.0985958400000015,7.94553675828125,8.91447958,10.02518839984375
2021-05-05,23.1,28.10000000000012,34.00000000000003,42.6,5,0,0.28745929047263413,27.092223662000002,28.778876672000006,29.853706244539065,31.123031622000006,32.62392897985156
2021-05-06,20.1,44.20000000000013,52.30000000000003,55.3,5,0,0.5152337670025774,39.064556563400004,43.123101337600005,45.4756503078582,48.1107284598,51.09273253085898
2021-05-07,6.7,49.90000000000013,57.500000000000036,62.00000000000001,5,0,0.5104704126186634,34.0395400894,41.17700623360001,45.314927880811325,49.92991992580001,55.11834851646836
2021-05-08,8.3,35.10000000000012,65.30000000000004,69.5,5,0,0.5339538253449644,32.1220285576,41.22013015040001,46.778313817821484,53.167192245200006,60.54268370279726
2021-05-09,2.1,17.100000000000122,65.30000000000003,71.6,5,0,0.5084141038919038,24.5345744455,34.882830592000005,41.50719281733496,49.322851828500006,58.53782302702831
2021-05-10,1.5,11.90000000000012,62.80000000000003,73.1,5,0,0.4661765890641973,18.6318308245,29.245203200000006,36.48580228822363,45.36754898550001,56.21282646681933
2021-05-11,5.5,9.10000000000012,67.30000000000003,78.39999999999999,5,0,0.4995809624844025,18.5281578147,28.842475468800004,36.41449474281973,46.156454866900006,58.602816673859174
2021-05-12,18.9,25.90000000000012,63.10000000000003,97.1,5,0,0.5915006995912024,31.810390667999993,41.74849459200001,49.43888428228124,59.708584656,73.31532826776561
2021-05-13,41.8,66.20000000000012,84.80000000000003,137.1,5,0,0.836662173763872,63.95428336799999,74.769298944,83.03555402257616,94.14301243,109.05461409742381
2021-05-14,7.7,68.40000000000012,85.80000000000003,143.29999999999998,5,0,0.8801167207733133,52.439750832699985,67.4080649728,78.08334651484901,92.0800327469,110.70314645331425
2021-05-15,1.3,50.80000000000012,78.80000000000003,144.1,5,0,0.8238333168213264,37.35530775769999,52.74610836480001,63.12304579735096,76.11755750590001,92.63716583424198
2021-05-16,6.8,15.800000000000122,83.50000000000003,148.8,5,0,0.8545205177344417,32.380940179899994,46.838665625600015,56.497413400499795,68.2973651093,82.77069506383846
2021-05-17,3.5,11.600000000000122,85.50000000000003,148.3,5,0,0.8509796868598515,25.977399709099995,40.25152547840001,50.20374288134198,62.63148304970001,78.12062281774939
2021-05-18,13.7,24.00000000000012,93.70000000000005,161.0,5,0,0.7860644541590307,31.649725339699998,45.01001466880001,54.73912389311269,67.17430369190001,82.94507508118338
2021-05-19,21.2,38.40000000000012,96.00000000000004,159.1,5,0,0.8179319320303428,43.29548793549999,56.982525952,67.31481906003027,80.9246485985,98.74047375472361
2021-05-20,17.8,52.70000000000012,72.00000000000003,156.8,5,0,0.8963311039857916,48.0644702675,63.22495948800001,74.72228459451465,90.1091660785,110.70534465812986
2021-05-21,2.0,41.000000000000114,66.30000000000003,152.1,5,0,0.8736309674883221,35.489767800299994,51.989409587200015,64.43113268146347,81.1805180501,103.87702425941228
2021-05-22,7.3,27.10000000000012,72.30000000000003,151.10000000000002,5,0,0.8728148105864915,31.608959239599994,46.86215562240001,58.34553653720429,73.77244372720001,94.66704489483631
2021-05-23,6.7,16.00000000000012,72.20000000000003,155.7,5,0,0.9099935347696886,27.645524926899995,39.70148367360001,48.06435595518144,58.52044055830001,71.60648858993027
2021-05-24,1.4,15.40000000000012,70.10000000000004,155.6,5,0,0.8822570262520653,20.534361507099995,32.33440573440001,40.738769648480655,51.3835725137,64.81588972829823
2021-05-25,1.4,9.50000000000012,57.800000000000026,151.5,5,0,0.7612786380368991,15.737331272599995,27.127938150400006,35.77201747556562,47.19193329020001,62.196737220873416
2021-05-26,3.7,6.500000000000121,40.300000000000026,136.3,5,0,0.5411569853332066,14.524048721499998,24.672206080000006,32.767468904713866,43.80172656850001,58.71548917300878
2021-05-27,21.7,26.80000000000012,44.20000000000003,116.2,5,0,0.6403002498217331,31.767967767899997,41.0619552256,48.86328815381425,59.9011793713,75.384135427024
2021-05-28,75.4,100.80000000000013,117.60000000000004,183.9,5,0,1.1580833049988488,97.2505863464,106.7785378816,114.23661559127422,124.53416680480001,138.812232588107
2021-05-29,24.1,121.20000000000012,134.40000000000003,206.7,5,1,1.239860000188016,91.5765629146,107.24649763840003,117.02738588055976,128.7887671942,143.27839784684804
2021-05-30,1.2,100.70000000000012,128.90000000000003,201.1,5,0,1.1537207266373162,64.800788097,85.08593766400003,97.16891360121093,110.90341424100001,126.65696043606249
2021-05-31,19.3,44.60000000000013,146.80000000000004,216.9,5,0,1.197981112569694,64.60405661809999,87.15400176640001,101.49982775234784,118.41571593670002,138.42663853578262
2021-06-01,36.3,56.800000000000125,181.7,239.5,6,0,1.3487943667669529,81.3166327009,105.23936988160003,121.13767043780841,140.32879173030003,163.4345269525533
2021-06-02,2.6,58.20000000000013,180.6,220.9,6,0,1.340628853264236,59.33238447379999,86.07208888320002,104.2479613630543,126.55976700860002,153.8512631120285
2021-06-03,12.9,51.800000000000125,171.80000000000004,216.00000000000003,6,0,1.2880706023992634,54.3931225968,81.60734725120003,101.23514299251913,126.31564049160002,158.22046824149334
2021-06-04,25.2,40.70000000000013,121.60000000000002,239.2,6,0,1.4424315305820552,63.235639282899996,90.33555394560001,110.97424737756424,138.39592662630002,174.67121311448494
2021-06-05,35.6,73.70000000000013,133.10000000000002,267.5,6,0,1.6493270603732764,79.76043165589999,107.4711586816,129.19967497486894,158.86622373530003,199.32232578357866
2021-06-06,33.6,94.40000000000012,165.50000000000003,294.40000000000003,6,0,1.7291057437582282,88.8193308688,117.24690718720002,139.1475491544449,169.0132792116,209.9636179129269
2021-06-07,8.9,78.10000000000012,155.10000000000005,301.9,6,0,1.7733661296906063,68.94366823069998,94.60151239680002,112.33108669398769,134.7215969069,163.2206717987068
2021-06-08,1.9,44.40000000000013,120.70000000000005,302.40000000000003,6,0,1.7479901750893763,49.47980241139999,74.99349212160001,92.63675054527812,114.74628680980001,142.53007797312654
2021-06-09,25.8,36.60000000000013,143.90000000000003,324.5,6,0,1.7308761591955233,60.40196465809999,85.66594467840002,104.30498867827752,128.65324400070003,160.48508974738414
2021-06-10,2.8,30.50000000000013,133.80000000000004,305.6,6,0,1.3083370081610894,44.536198030099996,69.26043402240002,87.65956437275995,111.85842570670002,143.7052123327142
2021-06-11,0.7,29.30000000000013,109.30000000000004,230.9,6,0,1.2198162362963338,30.849953467199995,52.21066439680001,68.06408883927773,88.71555576040001,115.48580082172538
2021-06-12,17.0,20.500000000000128,90.70000000000005,223.8,6,0,1.3118778390356798,38.5215238623,58.48935864320002,74.34260206210018,95.93743624010001,125.1547947386193
2021-06-13,49.4,67.10000000000012,106.50000000000004,272.0,6,0,1.4358069196463377,76.0006736324,94.80635996160001,110.05153193678981,131.2457407388,160.57334848551324
2021-06-14,58.5,124.90000000000012,156.10000000000002,311.2,6,0,1.620520263604128,110.98863391519998,131.6392585728,147.08256715688515,167.8344699744,195.95651019243047
2021-06-15,128.3,236.20000000000013,282.5,403.2000000000001,6,1,2.416294818848262,204.98643185419996,229.78888596480004,246.31145328882266,266.93807050940006,293.14364964592266
2021-06-16,66.5,253.30000000000013,323.20000000000005,467.1,6,0,2.777110359654995,209.04138546129997,246.72333624320004,269.24975530965094,295.0286678711,324.86890600521696
2021-06-17,6.5,201.30000000000013,326.9000000000001,460.7000000000001,6,0,2.6069923867889995,152.5775668513,202.92303877120005,233.61010981457088,268.9225629671,309.7967019457345
2021-06-18,17.4,90.40000000000012,343.6,452.9,6,0,2.550609490485003,124.15062649859999,179.53442007040002,215.59453197413785,258.7678176342,310.5692666638949
2021-06-19,15.4,39.30000000000011,342.0,432.7,6,0,2.538732379935596,101.57665240659998,156.25728215040004,193.57599254602655,239.29513211620002,294.99339029834994
2021-06-20,10.7,43.500000000000114,303.3,409.8,6,1,2.4023230167607608,81.72456361489998,135.40517800960004,174.68834533196855,225.08931927230003,289.267257353565
2021-06-21,1.5,27.600000000000115,246.30000000000004,402.4,6,0,2.407511619388754,58.68742126299998,109.74898048000003,149.84728144913475,203.83631243700003,275.8847786284199
2021-06-22,1.3,13.500000000000114,119.30000000000004,401.8,6,0,2.3056852928143914,41.90098696079998,87.27382328320004,125.32332435797224,178.82514771160004,253.2120117299464
2021-06-23,6.9,9.700000000000111,59.700000000000024,382.9,6,0,2.241936082094713,34.8352631425,71.41477401600002,103.69923012984472,150.61791799950004,217.87380634507318
2021-06-24,52.3,60.500000000000114,105.50000000000004,432.4,6,0,2.5476278142676696,75.03220399309998,103.15042954240002,128.92719295643573,167.45843745370001,224.25400508237436
2021-06-25,5.2,64.40000000000012,93.3,436.9,6,0,2.444943718904553,54.09838535049999,73.944236032,89.52912793605566,111.1771498435,141.42335552397165
2021-06-26,8.2,65.7000000000001,86.10000000000002,428.1,6,0,2.1262689401914323,44.19040933949999,60.21500569600001,71.20761085698925,85.07231859250001,102.73618128842088
2021-06-27,3.7,17.10000000000011,79.10000000000002,382.4,6,0,1.7355972670283102,34.44967762579999,51.17407237120001,62.946785600226164,77.99867687260002,97.40758211895039
2021-06-28,10.7,22.60000000000011,88.30000000000001,334.6,6,1,1.1413278185762505,34.32326740479999,49.77094712320002,60.779153124663665,74.8318043276,92.81918027025506
2021-06-29,55.3,69.7000000000001,142.3,261.59999999999997,6,0,1.142508095534447,78.89127529989999,93.46319528960001,103.93041432911699,117.2789759173,134.25767239247125
2021-06-30,32.1,98.10000000000012,167.5,227.2,6,0,1.2971243770582204,87.0216441935,105.72165248000002,118.33429605330369,133.9202190165,153.23830352299706
2021-07-01,99.5,186.90000000000012,214.70000000000005,320.2,7,1,1.9119623270226083,160.3727796481,183.9162607104,199.78884003879705,219.5051794547,244.17828293798965
2021-07-02,19.9,151.5000000000001,229.4,322.7,7,0,1.9055143151304308,132.12422397129998,166.89342213120003,189.46457730733457,217.0013795371,251.0910107700802
2021-07-03,6.2,125.60000000000012,227.40000000000003,313.5,7,1,1.9009742878309372,98.49204885809998,138.97385584640003,165.88645732128336,199.0953603467,240.60517535083142
2021-07-04,15.4,41.500000000000114,239.1,318.2,7,0,1.867198147867247,82.86708864839999,120.96341493760002,146.10695737607108,176.3499418948,212.66097466112262
2021-07-05,38.4,60.000000000000114,266.8,355.09999999999997,7,0,2.0755170309889723,96.26007492439999,134.61238620160003,161.56716686708864,195.30181981680002,237.3144938440269
2021-07-06,2.4,56.20000000000011,213.90000000000003,356.2,7,0,2.0601734305324144,69.5504227429,109.20944066560003,138.11772172143142,175.3124746263,222.93912625007084
2021-07-07,9.4,50.20000000000012,191.2,358.7,7,1,1.8763284253479704,57.980780077899986,96.37026805760003,126.07162816715604,165.89111693530003,218.9768432623853
2021-07-08,15.2,27.000000000000114,106.90000000000003,321.59999999999997,7,1,1.9055143151304308,55.48429753809999,91.14731069440003,120.25432781563688,160.77114593270002,216.82151584941533
2021-07-09,6.4,31.000000000000114,93.40000000000002,322.8,7,0,1.8548052398061814,43.676920149699995,73.38005626880002,97.7290240832494,131.81211360190002,179.27028731706224
2021-07-10,11.3,32.90000000000011,98.50000000000004,325.90000000000003,7,0,1.8990656257385594,40.967098555499994,66.55733376000002,88.0500020914248,118.7383243145,162.3873172016572
2021-07-11,98.2,115.90000000000012,181.3,420.4,7,0,2.3947819481811914,124.0663402613,140.76213585920001,153.45349854580917,170.37098709309998,192.89362588735565
2021-07-12,5.4,114.90000000000012,148.3,415.1,7,0,2.0678452307606934,91.6843124374,115.87296245760001,131.9176731175574,151.7951874258,176.73407950214414
2021-07-13,25.5,129.1000000000001,171.4,385.3,7,0,1.954538642773806,89.50388405179999,117.53265003520002,136.40940084301133,159.9538623546,189.68520650375896
2021-07-14,16.7,47.60000000000011,178.70000000000005,369.9,7,0,1.569768354401668,78.91770695279999,109.07255761920001,129.6161248897125,155.28882814160002,187.68039731429997
2021-07-15,20.6,62.80000000000011,184.1,291.0,7,1,1.5980950013983897,74.7576899108,103.7348774912,123.21372902957187,146.9706932276,175.90487898183125
2021-07-16,27.3,64.60000000000011,205.0,298.40000000000003,7,0,1.701369235240605,79.5625888778,110.03020395520002,131.55917110471836,158.73679564860004,192.97266637856754
2021-07-17,44.5,92.40000000000012,238.20000000000005,336.7,7,0,1.8807713328865097,99.92828548039999,131.51484584960002,154.4746760382078,184.0855387468,222.1959058307984
2021-07-18,30.5,102.30000000000013,170.50000000000006,351.8,7,0,1.857519740821496,100.02043745779997,134.0797891072,158.81098368649765,190.87707258260002,232.4853090628351
2021-07-19,37.6,112.60000000000012,202.70000000000005,351.0,7,0,2.059875243313223,107.43352206109998,144.17663651840004,171.3293399457424,207.15782330770003,254.62912719856774
2021-07-20,43.7,111.80000000000013,220.90000000000003,392.3,7,0,2.2700136497469394,118.58426841139999,157.82798095360005,187.10525818483086,226.2019746038,278.83194342524564
2021-07-21,17.1,98.40000000000012,221.3,400.0,7,0,2.2442966360111063,97.33508094279999,132.81824005120004,156.80640295084726,186.4415543256,223.19437882077457
2021-07-22,7.0,67.80000000000013,207.70000000000005,391.8,7,0,2.2673120366959427,74.98202002549999,112.67477145600003,139.22232072478027,172.91453531650004,215.8014804078486
2021-07-23,1.0,25.100000000000115,181.40000000000003,386.4,7,0,2.1764307109147936,52.767102132899986,88.40177551360003,114.31867530537478,147.7317815623,190.7436144368775
2021-07-24,2.8,10.800000000000114,139.70000000000002,377.9,7,0,1.6340934486233905,39.265237827199996,71.72827156480002,96.68307145707851,129.93567345640002,174.0075268297527
2021-07-25,8.1,11.900000000000112,117.30000000000004,287.8,7,0,1.6641905110574076,35.003767466099994,63.27070909440001,86.22499800909785,117.85933024470002,161.07316953995445
2021-07-26,20.7,31.60000000000011,100.40000000000003,303.1,7,0,1.5786204315881436,44.4314797965,68.38525209600002,88.61657706923143,117.25447580550002,157.37399262174898
2021-07-27,18.5,47.30000000000011,75.20000000000003,296.1,7,0,1.6240610944787182,48.345020999499994,68.43005056000001,85.06317951568457,108.51283764050001,141.3614991945537
2021-07-28,16.9,56.100000000000115,75.00000000000003,296.3,7,0,1.6187498481668325,49.8799651902,68.36912788480001,83.19903325593984,103.92686145340002,132.93194758805544
2021-07-29,2.0,37.40000000000011,70.00000000000003,277.7,7,0,1.4074802726496158,35.853868696899994,52.65803304960001,65.31670066433769,82.4238659603,105.77284129328962
2021-07-30,12.4,31.30000000000011,81.40000000000002,262.8,7,0,1.2723385609360887,36.26329124969999,49.8341746688,59.315784094997454,71.34423153190001,86.71939498390799
2021-07-31,1.0,15.400000000000114,79.60000000000002,219.3,7,0,1.094706878727479,25.901271198999993,39.03124121600001,48.051864166521476,59.247407053,73.14502357373631
2021-08-01,16.4,29.80000000000011,87.90000000000003,205.2,8,0,0.9507130898274763,34.33315716499999,46.87337369600001,55.865963711158194,67.281917267,81.69661382038085
2021-08-02,7.0,24.400000000000112,74.20000000000003,174.6,8,0,0.7524265608504235,31.004962490599993,44.391324774400005,54.289194750143736,67.2050471002,84.01304619012342
2021-08-03,4.3,27.700000000000113,60.00000000000003,135.20000000000002,8,0,0.6959213274795617,25.924380673699993,39.51241210880001,49.89456720546816,63.808242757900004,82.43593045074978
2021-08-04,16.1,27.400000000000116,59.20000000000003,134.2,8,0,0.7506561454131285,34.018261519899994,46.84019880960001,56.91569944948808,70.70312311730001,89.56436472038142
2021-08-05,3.4,23.80000000000011,60.60000000000003,130.6,8,0,0.7559673917250138,26.628059298499995,38.64951347200001,47.703044362211905,59.81516709550001,76.0922918421279
2021-08-06,1.4,20.900000000000116,49.60000000000003,131.0,8,0,0.7524265608504236,19.517062298299997,30.333188403200005,38.305411227576755,48.7830992441,62.61104387411151
2021-08-07,2.1,6.900000000000114,50.70000000000003,130.29999999999998,8,0,0.692822574461488,15.284560437999996,24.551927040000006,31.332422110082028,40.112123682000004,51.46183740727733
2021-08-08,3.8,7.3000000000001135,38.10000000000003,126.0,8,0,0.6125637413041095,14.442697256799997,23.226793267200005,30.038809984888275,39.203554433600004,51.49127165843671
2021-08-09,12.4,18.30000000000011,43.50000000000003,117.7,8,0,0.5258133848766489,22.159618770999998,29.649994752000005,35.491745873330075,43.359586333,53.89237002895897
2021-08-10,8.1,24.30000000000011,47.30000000000003,107.3,8,0,0.5287640772721408,23.583485614799997,31.712621619200004,38.07110958798984,46.77494925960001,58.69901458827264
2021-08-11,3.0,23.500000000000114,34.20000000000003,93.4,8,0,0.5252232463975506,19.045180521999995,26.609160704000004,32.13170291860351,39.379127916,48.9447780553496
2021-08-12,7.3,18.400000000000112,38.10000000000003,98.7,8,0,0.5092895074618945,20.433893691099996,27.835709286400004,33.23382665042793,40.300466043700006,49.60638057791347
2021-08-13,53.2,63.500000000000114,89.90000000000003,139.5,8,0,0.7654096073905877,67.3822612267,75.0068584448,80.60219271419862,87.9711021469,97.75149271029277
2021-08-14,33.7,94.20000000000012,121.50000000000004,172.20000000000002,8,0,1.0364308877899069,80.4127977078,91.97676241920001,99.0421858971832,107.2602690466,116.92425335304023
2021-08-15,40.2,127.10000000000012,157.90000000000003,196.0,8,0,1.3002162213192807,96.39291681079999,113.41633771520002,123.71648503784725,135.54873544560002,149.24233509197774
2021-08-16,14.2,88.10000000000012,159.70000000000002,203.2,8,0,1.2963518130797844,81.63549523270001,104.78274631680003,119.08338811609315,135.70571208490003,155.1419866224451
2021-08-17,31.1,85.50000000000011,182.70000000000005,230.0,8,0,1.4535753152730386,88.18552686059999,114.70071127040002,131.90744364956367,152.50291615220002,177.22753971892223
2021-08-18,11.7,57.000000000000114,191.40000000000003,225.6,8,0,1.4207993494727282,73.32252820779999,103.05254712320001,123.07320436563437,147.6276464646,177.79096236387028
2021-08-19,31.8,74.60000000000011,215.9000000000001,254.0,8,0,1.6026676047605124,82.77550043669999,112.91059783680004,133.97098109696424,160.34126916090003,193.27707619912087
2021-08-20,35.6,79.10000000000012,198.30000000000004,288.20000000000005,8,0,1.6979702100107108,93.314045354,125.05874739200001,147.88065125725976,177.08284688000003,214.36345318133397
2021-08-21,18.3,85.70000000000012,182.90000000000003,304.4,8,0,1.7972022352710773,83.53508917309998,118.02487536640004,143.40793035564863,176.6285268717,220.1490697045521
2021-08-22,11.0,64.90000000000012,153.70000000000005,311.59999999999997,8,0,1.8211995224255448,69.2683554894,104.63606876160003,131.45955765061404,167.42032157180003,215.7708365628843
2021-08-23,121.2,150.5000000000001,260.70000000000005,420.4,8,0,2.4307803954061917,168.18508051790002,199.19654850560005,222.4669056920955,253.32859640130002,294.3294895672584
2021-08-24,53.8,186.0000000000001,283.40000000000003,466.1,8,0,2.729980604309066,170.5776147734,209.53872885760003,236.26220241199883,270.0452733298,313.2355802365621
2021-08-25,5.4,180.4000000000001,277.1,468.5,8,0,2.719358111685296,123.66877984039999,168.71454095360002,198.30852099570194,234.42387270480003,278.90457626735116
2021-08-26,16.3,75.50000000000011,261.6,477.5,8,0,2.4874336893996354,102.4670310347,149.74691937280005,182.0666263047084,222.33025158490003,272.7572829167986
2021-08-27,109.9,131.60000000000014,335.90000000000003,534.2,8,0,2.8291238687975926,180.7484236999,226.35819842560002,258.53383838400566,299.15332693930003,350.3986999606451
2021-08-28,8.3,134.5000000000001,325.90000000000003,508.8,8,0,2.7559466973893945,134.4934005486,188.13028080640004,225.75033209561838,273.45845649620003,334.17354277352376
2021-08-29,119.4,237.60000000000016,434.3,588.0,8,0,3.3661498847771103,212.6471090922,266.48972564480005,305.0271762232406,354.42463645140003,417.82503096706716
2021-08-30,16.7,144.40000000000012,329.8,590.5,8,0,3.291202297931618,164.54736447809995,226.06925962240004,268.9643709952248,323.26922033870005,392.31874438182746
2021-08-31,5.2,141.3000000000001,281.20000000000005,564.6,8,0,3.239860250250059,119.866225429,184.09046016000005,230.21691374650584,289.76148285100004,366.94592117467374
2021-09-01,13.1,35.000000000000114,288.90000000000003,566.0,9,1,3.043764016646396,96.69563502639997,159.19125212160003,206.618758236782,270.0498717248,355.1125187843179
2021-09-02,32.3,50.60000000000011,304.90000000000003,566.5,9,1,3.1230128313885817,96.56334450059998,146.63925079040007,184.0647666951691,233.08505761220005,297.0899758094105
2021-09-03,27.9,73.3000000000001,222.90000000000003,558.8000000000001,9,0,3.188518202568501,93.97462431079998,139.43466961920004,173.76320873736287,218.91765177360003,277.9234296879152
2021-09-04,4.5,64.7000000000001,219.1,545.0,9,0,3.0551469062922685,70.12970038309999,115.46791511040004,151.1356056433185,199.64302301970002,265.29407873163217
2021-09-05,2.7,35.100000000000115,102.40000000000002,536.6999999999999,9,0,2.4372719186762737,51.33035561229999,93.32413291520004,127.95621200606696,176.6952621441,244.96996268546496
2021-09-06,4.3,11.500000000000114,90.00000000000003,419.8,9,0,2.159906833500039,37.12684594209999,67.15888368640002,91.42628316811151,125.00597536270003,171.2202749288939
2021-09-07,16.0,23.000000000000114,100.8,382.0,9,0,2.2124291581397943,41.754337702799994,68.83590123520003,92.07828313686679,125.61134677360002,173.68974458677064
2021-09-08,16.6,36.90000000000012,104.30000000000004,393.2,9,0,2.1882334804967614,42.4552819189,58.84824360960001,71.35973678805448,88.0180063483,110.11606681236971
2021-09-09,3.0,35.60000000000012,75.00000000000003,379.9,9,0,1.5886527857328159,32.2469636774,48.28544604160001,60.36797371735624,76.3932757638,97.6113565864703
2021-09-10,6.9,26.500000000000114,54.00000000000003,276.9,9,0,1.3514171171352707,29.325987444699997,44.97001108480001,57.189030757181044,73.84082029890001,96.5173566731072
2021-09-11,0.8,10.700000000000117,50.30000000000003,269.4,9,0,0.8592416255672288,20.958148635099995,35.36940707840001,46.83162144674042,62.689050703700005,84.64803493542908
2021-09-12,1.2,8.900000000000114,48.800000000000026,151.20000000000002,9,0,0.7860644541590308,14.958308990299997,26.02733957120001,34.64783496952402,46.357832018100005,62.27643005125799
2021-09-13,0.8,2.8000000000001135,45.30000000000003,135.29999999999998,9,0,0.7665898843487843,10.482710348499998,18.626131968000003,24.757863842989252,32.793920337500005,43.25784794394433
2021-09-14,1.0,3.0000000000001137,30.30000000000003,131.1,9,0,0.6178749876159949,8.210783381899997,15.417721753600006,21.158249447007613,28.945475323300002,39.400639320174406
2021-09-15,16.0,17.800000000000114,29.700000000000028,134.0,9,0,0.5830568173491909,21.6712800501,28.044267110400003,33.45295113823652,41.109496002700006,51.81401761822207
2021-09-16,26.3,43.30000000000011,53.00000000000003,128.0,9,0,0.5759751556000106,41.348431678,48.27370470400001,53.88844852883594,61.799229110000006,72.94874789858592
2021-09-17,15.6,57.90000000000011,61.70000000000003,115.7,9,0,0.6532832963618971,44.0919417762,52.50097684480001,58.25519078005898,65.64045115740001,75.32151947584256
2021-09-18,2.7,44.600000000000115,63.60000000000002,113.9,9,0,0.656233988757389,33.09545032999999,42.91837004800001,48.94879705099413,55.98834393600001,64.31641031069336
2021-09-19,12.5,30.80000000000011,74.90000000000003,123.7,9,0,0.7004943746897669,35.5820726563,46.51257349120001,53.51585428032285,61.8434742221,71.80437897744355
2021-09-20,106.9,122.10000000000012,181.00000000000009,226.3,9,0,1.4240488837987904,131.61254293759998,143.3691769344,151.03004274832344,160.15324556320002,170.98287514782658
2021-09-21,37.3,156.7000000000001,217.30000000000004,247.6,9,0,1.7198312315224924,129.4061820364,151.90944220160003,165.51803681260233,181.15897825480002,199.25474183904453
2021-09-22,8.5,152.7000000000001,209.80000000000004,239.5,9,0,1.5621008418210396,99.05043039559999,129.8987047424,148.9540820055031,171.12466630120002,197.07352042000622
2021-09-23,1.7,47.500000000000114,185.2,238.2,9,0,1.4819946256205019,71.012703257,105.53306444800003,128.15347018120505,155.43325691900003,188.44085484761519
2021-09-24,3.2,13.400000000000114,172.80000000000004,234.5,9,0,1.4962632828474827,52.88064475499999,87.51907737600001,111.93357524968359,142.741252787,181.62007516599607
2021-09-25,2.6,7.500000000000114,172.70000000000005,236.3,9,0,1.4093541888286,39.16449093009999,70.89727498240002,94.59354849277949,125.48827246670002,165.55928037988218
2021-09-26,2.2,8.000000000000114,162.40000000000003,237.3,9,0,1.3956775030676485,28.872233746199996,56.093878988800014,77.42671938470156,105.96920224540001,143.73453485891872
2021-09-27,1.5,6.300000000000114,57.00000000000003,238.0,9,0,1.39508736458855,21.269902233899995,44.70006594560002,64.24147076928104,91.43289835530001,128.70751186385405
2021-09-28,1.2,4.900000000000114,20.90000000000003,238.2,9,0,1.2794202226852691,16.012663246499997,36.670142464000016,55.27368926216894,82.5481767315,121.85554653471773
2021-09-29,1.5,4.200000000000114,13.900000000000029,223.7,9,0,1.1560812805537095,12.355770211299996,29.493936691200012,46.021705818584564,71.4348785571,109.77855746750211
2021-09-30,1.3,4.000000000000114,13.50000000000003,198.7,9,0,1.080543555229118,6.929378736099998,13.416849254400004,19.37257612177363,28.317665454700006,41.58465078954431
2021-10-01,4.3,7.100000000000113,14.600000000000028,187.4,10,0,1.0858548015410032,8.096932436499998,11.028422400000002,13.42327442159863,16.780193093500003,21.472530416475582
2021-10-02,6.6,12.200000000000111,18.60000000000003,191.3,10,0,0.7742616845770632,12.027748743899998,14.510057369600002,16.336350821462695,18.7384070433,21.909639912125584
2021-10-03,5.6,16.500000000000114,22.00000000000003,184.4,10,0,0.3275268558995961,13.971403328399997,17.0255097856,19.15121171086406,21.871812990800002,25.39630511981406
2021-10-04,20.3,32.500000000000114,40.800000000000026,97.8,10,0,0.3452310102725472,29.989590250199996,33.5768104448,35.94853186034414,38.8688606834,42.51053165826055
2021-10-05,9.0,34.90000000000011,48.60000000000002,69.5,10,0,0.38615863944028517,29.919269610399997,35.58227548160001,39.044378630006634,43.0754106708,47.828289033327735
2021-10-06,4.4,33.70000000000012,51.50000000000003,65.4,10,0,0.3870017805744343,25.2813441725,32.629597184000005,37.15459814595605,42.4007770355,48.51965331533691
2021-10-07,3.7,17.100000000000115,53.90000000000003,67.39999999999999,10,0,0.40011016163312474,21.354569633399997,29.642616473600008,34.986096817551555,41.337681671800006,48.8955652407125
2021-10-08,2.4,10.500000000000114,52.00000000000003,66.6,10,0,0.38600609285570475,17.314301713499997,25.985244160000008,31.901933009709957,39.185499376500005,48.13230265159081
2021-10-09,12.4,18.500000000000114,57.80000000000003,76.4,10,0,0.45400272994938795,24.4776399121,33.0271340544,39.22133145174238,47.1439317787,57.2275821101537
2021-10-10,21.2,36.000000000000114,73.40000000000003,95.4,10,0,0.583069220320714,38.297626156099994,47.482120806400005,54.28219500833808,63.1762566287,74.78784498363612
2021-10-11,0.1,33.70000000000012,53.20000000000003,94.0,10,0,0.5558290565237507,26.786873952199997,37.62398766080001,45.39330581842226,55.459313673400004,68.57388389572928
2021-10-12,0.0,21.30000000000011,44.20000000000003,92.8,10,0,0.5358457390213213,18.564378102199996,29.390520524800007,37.284938877010156,47.612104601400006,61.193525901969515
2021-10-13,0.0,0.1000000000001136,39.800000000000026,91.3,10,0,0.521092277043862,12.836878532099997,22.911120998400005,30.58970138115058,40.89829487670001,54.78092274713612
2021-10-14,0.0,0.0,36.10000000000003,90.0,10,0,0.5057486765873043,8.412390216999999,16.149200896000004,22.004695765861324,29.730293055000004,39.887516743240226
2021-10-15,0.0,0.0,33.700000000000024,85.7,10,0,0.46679953696681176,5.634445427799998,11.952993075200004,16.932121761915624,23.619157788600003,32.504508452932804
2021-10-16,0.0,0.0,21.300000000000026,79.10000000000001,10,0,0.3747379342274658,3.8198226898999987,9.089948057600003,13.526056118529098,19.723056873300003,28.244840497637295
2021-10-17,5.9,5.900000000000114,6.000000000000028,79.4,10,0,0.3452310102725472,8.4693600408,12.774673971200002,16.66871240468906,22.360640957600005,30.51727179757343
2021-10-18,51.7,57.600000000000115,57.60000000000003,110.8,10,0,0.6869783560034365,57.560757968800004,61.66204113920001,65.39590697356797,70.98774860560002,79.25443955352264
2021-10-19,70.7,128.30000000000013,128.30000000000004,172.5,10,0,1.4598290065073025,110.6422612694,118.69819304960001,123.84527831370781,130.2653610878,138.56737952929063
2021-10-20,25.4,147.8000000000001,153.70000000000002,193.5,10,0,1.511974488678125,102.25073536069999,118.08222177280001,126.49474919462831,135.24684204890002,144.34578744097246
2021-10-21,3.2,99.30000000000013,156.90000000000003,193.0,10,0,1.3853441173039451,74.77268999999998,97.65504000000001,110.70084937499999,124.88729000000001,140.268624375
2021-10-22,6.6,35.200000000000095,163.50000000000003,197.2,10,0,1.3287904274189726,58.940882999999985,84.72403200000002,100.69572196874998,118.99856100000002,139.85519315624998
2021-10-23,2.4,12.2000000000001,165.90000000000003,187.2,10,0,1.2315079000915656,43.6586181,70.17922560000002,87.99136367343749,109.49870490000002,135.26243349843747
2021-10-24,1.2,10.2000000000001,161.20000000000002,167.20000000000002,10,0,1.1966188878526844,31.76103266999999,57.34338048000001,75.99265912242187,99.74883441000001,129.6993118235156
2021-10-25,4.8,8.400000000000098,114.30000000000004,171.9,10,0,1.1149009896899968,27.03272286899999,50.674704384000016,69.39376025405858,94.57395096900001,128.01434623233982
2021-10-26,0.5,6.500000000000099,44.10000000000001,172.4,10,0,1.1181438663324925,19.422906008299996,41.039763507200014,59.484696215949796,85.61655587210001,122.11362892072282
2021-10-27,0.7,6.0000000000000995,19.400000000000013,173.10000000000002,10,0,1.0844179492505381,14.129373808899997,32.898303129600016,50.100432797947065,75.69769748830001,113.17539953318024
2021-10-28,0.2,1.4000000000000994,16.400000000000013,173.3,10,0,1.0227099842774778,8.630164628899998,20.967397273600007,32.60696117383964,50.30125238630001,76.76192979789704
2021-10-29,1.9,2.8000000000000993,11.700000000000014,175.20000000000002,10,0,1.033922615380347,5.9440152298,11.082563123200003,15.696896610874607,22.519561432600003,32.49313170384882
2021-10-30,11.1,13.2000000000001,20.400000000000013,186.3,10,0,1.0132677686119036,14.5433235284,17.2387462656,19.44175224898906,22.511172910800003,26.760556862001554
2021-10-31,7.6,20.6000000000001,26.80000000000001,188.0,10,0,0.7364928219147675,17.689934390199998,21.0473996288,23.495491317750385,26.744284611399998,31.106570813338664
2021-11-01,0.3,19.0000000000001,22.30000000000001,136.6,11,0,0.24372719186762737,12.496520408799999,16.4292500992,18.971796551439063,22.0685784456,25.899578473698433
2021-11-02,1.1,9.0000000000001,22.900000000000013,67.0,11,0,0.24549760730492248,9.779770226399998,13.985702041600003,16.753528498305467,20.124892344800003,24.267630895841403
2021-11-03,13.1,14.5000000000001,35.30000000000001,54.7,11,0,0.3027410397774645,19.9119421286,24.159712614400004,27.10424993835078,30.793988982200002,35.43576502396328
2021-11-04,1.6,15.800000000000098,36.70000000000001,53.099999999999994,11,0,0.27243122322700697,15.4027713705,20.412374016,23.693615306762695,27.6409335715,32.39003946442089
2021-11-05,7.8,22.5000000000001,42.60000000000001,54.3,11,0,0.31622806837794276,18.567816196899997,24.0762121216,27.841135808577928,32.50250099430001,38.27116902158066
2021-11-06,7.6,17.0000000000001,39.100000000000016,59.49999999999999,11,0,0.34405073331435054,20.577698070399997,26.785807769600005,31.127153354252734,36.608175986800006,43.53849471303476
2021-11-07,1.6,17.0000000000001,33.100000000000016,59.9,11,0,0.3482849514040304,15.998739144299996,23.007171379200003,28.018705470246676,34.4776227001,42.84182258953534
2021-11-08,0.0,9.2000000000001,32.80000000000002,55.099999999999994,11,0,0.335962020162547,11.145447103699997,18.201726156800007,23.441838281462303,30.3673713939,39.56213127550565
2021-11-09,2.4,4.0000000000000995,34.100000000000016,56.99999999999999,11,0,0.3322479637323831,9.888265446199998,15.769527500800006,20.140256651060934,25.860303569400003,33.33804468618437
2021-11-10,0.7,3.100000000000099,21.700000000000017,57.0,11,0,0.3351986561278749,7.407104623099999,12.499578214400003,16.322972680412303,21.3243170677,27.82074171366347
2021-11-11,0.7,3.8000000000000993,20.800000000000015,57.49999999999999,11,0,0.3222156095877108,5.876498978699999,10.667450316800004,14.51546445704824,19.787281828900003,26.95008354620878
2021-11-12,0.2,1.6000000000000991,13.200000000000014,55.8,11,0,0.2348751146811518,4.282477007699999,8.615848652800002,12.321582943716209,17.625007361900003,25.143968735736124
2021-11-13,0.0,0.9000000000000994,5.600000000000014,44.7,11,0,0.21894137574549577,2.6276913291999993,5.486077132800002,7.894290805295311,11.294819060400002,16.043316394926556
2021-11-14,1.3,1.5000000000000997,5.300000000000015,38.4,11,0,0.2248427605364795,3.0941878905999993,5.5170630144000015,7.695148137555859,10.907451650200002,15.583171472398824
2021-11-15,0.0,1.3000000000000995,5.300000000000015,38.099999999999994,11,0,0.21835123726639738,1.9456008291999995,3.576131788800001,5.005255563064843,7.097014652400001,10.133864772719528
2021-11-16,0.0,1.3000000000000995,2.900000000000014,37.0,11,0,0.14104309650451072,1.1472393911999996,2.0448616448000005,2.7582217556156245,3.7373570424000007,5.076770795871873
2021-11-17,0.0,0.0,2.2000000000000144,23.9,11,0,0.13160088083893678,0.7578715339999998,1.4640906240000007,2.029489445328125,2.8057358340000005,3.864953153296874
2021-11-18,0.0,0.0,1.5000000000000142,22.3,11,0,0.06550537117991918,0.5305100737999998,1.1712724992000005,1.725066028528906,2.5251622506,3.6717054956320303
2021-11-19,0.0,0.0,1.3000000000000145,14.5,11,0,0.0342280317877055,0.3035629918999999,0.6793199616000003,0.9938075538318358,1.4358177693000003,2.0511515666783198
2021-11-20,0.2,0.2000000000000995,1.5000000000000142,7.1,11,0,0.03245761635041039,0.39272082689999993,0.6682940416000002,0.9069243377185546,1.2481610843000002,1.7294781308775387
2021-11-21,0.0,0.2000000000000995,0.2000000000000142,5.5,11,0,0.03245761635041039,0.25513131139999995,0.45947330560000016,0.6330736040222655,0.8792700678000002,1.2238883668667966
2021-11-22,0.0,0.2000000000000995,0.2000000000000142,5.5,11,0,0.018294292852049473,0.17294241299999996,0.3461038080000002,0.4987376825507812,0.7216073730000002,1.042946560675781
2021-11-23,0.0,0.0,0.2000000000000142,3.1,11,0,0.0135731850192625,0.12105968909999995,0.2768830464000001,0.423927030168164,0.6494466357000002,0.9907992326419919
2021-11-24,4.7,4.7000000000001,4.900000000000015,7.1000000000000005,11,0,0.05605552557666926,4.74802,4.78192,4.80440125,4.83122,4.86290125
2021-11-25,2.5,7.2000000000001,7.400000000000015,8.9,11,0,0.08587229450042953,5.823614,6.325536,6.5837410625,6.848098,7.1197561875
2021-11-26,4.9,12.1000000000001,12.300000000000017,13.6,11,0,0.1237814026590347,8.976529800000002,9.960428800000003,10.496179903125,11.0632882,11.663768378125
2021-11-27,0.6,8.0000000000001,12.700000000000015,14.2,11,0,0.1165156972831796,6.883570859999999,8.568343040000002,9.52175291765625,10.55695938,11.680579959218749
2021-11-28,0.0,5.5000000000000995,12.700000000000015,12.9,11,0,0.10707892403693496,4.818499601999999,6.854674432000001,8.093489980007812,9.501263442,11.096550961257812
2021-11-29,0.0,0.6000000000000995,12.700000000000015,12.9,11,0,0.09427456498591255,3.3729497213999995,5.4837395456000015,6.87946648300664,8.551137097800002,10.54172341319492
2021-11-30,0.0,0.0,12.700000000000015,12.9,11,0,0.09427456498591255,2.3554152999999998,4.365516800000001,5.808171629687499,7.626287700000001,9.894889854687499
2021-12-01,0.0,0.0,8.000000000000014,12.9,12,0,0.08236906671938896,1.6487907099999997,3.4924134400000018,4.936945885234374,6.863658930000001,9.400145361953122
2021-12-02,3.3,3.3000000000000993,8.800000000000015,16.2,12,0,0.10377205255986009,4.454153497,6.093930752,7.496404002449218,9.477293037,12.230138093855466
2021-12-03,20.4,23.7000000000001,24.30000000000001,36.599999999999994,12,0,0.2826629693972473,23.517907447899997,25.275144601599997,26.77194340208183,28.9295637333,32.01863118916269
2021-12-04,0.1,23.8000000000001,23.80000000000001,36.49999999999999,12,0,0.24449750517483415,16.429771846499996,19.815457024,21.930842191368164,24.4978186915,27.703636015284175
2021-12-05,0.7,21.2000000000001,24.50000000000001,37.2,12,0,0.22477437664865346,12.130221480299998,16.283930163200004,18.849029851811128,21.876340722100004,25.521611866424017
2021-12-06,3.4,4.200000000000099,27.90000000000001,40.599999999999994,12,0,0.23523637642759732,11.752742164199997,15.901010636800002,18.45699079276992,21.3801822934,24.71172027083476
2021-12-07,0.0,4.100000000000099,27.90000000000001,40.599999999999994,12,0,0.21185971399631534,8.209971,12.656384000000003,15.570317531249998,19.032957,23.116892093749996
2021-12-08,0.0,3.4000000000000994,27.90000000000001,35.9,12,0,0.2071071152052724,5.746979699999998,10.1251072,13.234769901562498,17.129661300000002,21.961047489062494
2021-12-09,0.0,0.0,24.600000000000012,33.4,12,0,0.1826105746971219,4.022885789999998,8.100085760000002,11.249554416328122,15.41669517,20.86299511460937
2021-12-10,0.9,0.9000000000000995,5.100000000000014,29.4,12,0,0.1867896946077482,3.7160200529999985,7.380068608000002,10.462121253878903,14.775025653,20.7198453588789
2021-12-11,0.0,0.9000000000000995,5.000000000000014,28.799999999999997,12,0,0.1867896946077482,2.601214037099999,5.904054886400002,8.892803065797068,13.297523087700002,19.683853090934953
2021-12-12,0.0,0.9000000000000995,4.300000000000014,28.799999999999997,12,0,0.1699598819803309,1.7276329937999995,4.368909107200001,6.909197071603123,10.817131926600002,16.723828536901554
2021-12-13,0.0,0.0,0.9000000000000142,28.799999999999997,12,0,0.1699598819803309,0.6330935876999998,1.3046939648000002,1.8565796623119137,2.6223785559000006,3.6734035495935533
2021-12-14,0.0,0.0,0.9000000000000142,28.799999999999997,12,0,0.1699598819803309,0.44034075889999985,1.0330177536000005,1.5584052725310544,2.3252728563000007,3.429859678190038
2021-12-15,0.1,0.1000000000000994,1.0000000000000142,28.899999999999995,12,0,0.1274699114852482,0.3884652637999999,0.8512522752000002,1.2868323986128904,1.9486706626000003,2.9392508368136707
2021-12-16,0.0,0.1000000000000994,1.0000000000000142,25.6,12,0,0.030687200913115276,0.17588409999999996,0.31592960000000014,0.42443456406249996,0.5682969000000001,0.7565827015624998
2021-12-17,0.0,0.1000000000000994,0.1000000000000142,5.2,12,0,0.030097062434016896,0.12311886999999996,0.2527436800000001,0.3607693794531249,0.5114672100000002,0.7187535664843747
2021-12-18,0.2,0.2000000000000995,0.3000000000000142,5.3,12,0,0.027146370038525047,0.286183209,0.4021949440000001,0.5066539725351562,0.6603204890000001,0.882815888160156
2021-12-19,0.1,0.3000000000000995,0.4000000000000142,4.7,12,0,0.008431479270488632,0.3003282463,0.42175595520000014,0.5306558766548828,0.6942884401000001,0.9386750937521481
2021-12-20,0.0,0.3000000000000995,0.4000000000000142,1.3,12,0,0.007671800228278787,0.184807,0.24076800000000007,0.27387053125,0.311049,0.35287809375
2021-12-21,0.0,0.1000000000000994,0.4000000000000142,1.3,12,0,0.007671800228278787,0.12936489999999998,0.19261440000000007,0.23278995156249999,0.27994410000000003,0.33523418906249997
2021-12-22,0.0,0.0,0.3000000000000142,1.3,12,0,0.007671800228278787,0.09055542999999998,0.15409152000000004,0.19787145882812496,0.25194969,0.31847247960937497
2021-12-23,0.0,0.0,0.3000000000000142,1.3,12,0,0.0025943013139965027,0.06338880099999998,0.12327321600000005,0.16819074000390621,0.22675472100000005,0.3025488556289062
2021-12-24,0.0,0.0,0.3000000000000142,0.4,12,0,0.0025943013139965027,0.04437216069999998,0.09861857280000004,0.14296212900332028,0.20407924890000004,0.2874214128474608
2021-12-25,1.0,1.0000000000000997,1.1000000000000143,1.4,12,0,0.011926707569504065,1.02823576,1.06815744,1.1018303692187499,1.14880348,1.2131766482812498
2021-12-26,3.5,4.5000000000000995,4.500000000000014,4.9,12,0,0.05367018406276844,4.219765032,4.3545259519999995,4.436555813835938,4.533923132,4.652517815867187
2021-12-27,34.9,39.4000000000001,39.40000000000001,39.8,12,0,0.4579855706689576,37.8538355224,38.3836207616,38.67107244176054,38.980530818800005,39.319891925073826
2021-12-28,4.8,43.200000000000095,44.20000000000001,44.599999999999994,12,0,0.473490290509313,31.292035360699998,35.4854217728,37.63103669462832,39.8127420489,42.034149940972455
2021-12-29,14.7,54.4000000000001,58.90000000000001,59.2,12,0,0.5565048185662382,36.6016,43.0776,46.66669374999999,50.4966,54.572568749999995
2021-12-30,12.4,31.900000000000095,71.30000000000001,71.6,12,0,0.6128542187808181,38.021119999999996,46.862080000000006,52.0666896875,57.846940000000004,64.2439403125
2021-12-31,0.9,28.0000000000001,72.20000000000002,72.5,12,0,0.5708065478189369,27.514784,38.38966400000001,45.156686234374995,52.96224600000001,61.93174329687499
2022-01-01,2.2,15.5000000000001,73.40000000000002,74.5,1,0,0.5448624464540139,21.4603488,32.911731200000006,40.583183299218746,49.8660214,61.03515613203123
2022-01-02,0.0,3.1000000000000996,69.90000000000002,74.4,1,0,0.5188812671271876,15.022244159999996,26.329384960000006,34.495705804335934,44.879419260000006,57.983398325429675
2022-01-03,0.0,2.2000000000000997,35.000000000000014,74.4,1,0,0.4825400444033494,10.515570911999998,21.063507968000007,29.32134993368554,40.39147733400001,55.084228409158186
2022-01-04,0.0,0.0,30.200000000000017,74.4,1,0,0.4760542911183582,7.332652113499997,16.743432192000007,24.72627303929199,36.003651160500006,51.731280049461894
2022-01-05,0.9,0.9000000000000995,16.400000000000016,75.3,1,0,0.4591913325773809,5.933990142299998,13.918936115200005,21.228271668205657,32.08291150410001,47.94913675965448
2022-01-06,10.5,11.4000000000001,14.500000000000014,85.8,1,0,0.5063388150664027,13.667954480599999,17.887789926400004,21.673114206483593,27.205742794200003,35.15576074225234
2022-01-07,5.1,16.5000000000001,18.700000000000017,90.9,1,0,0.5234528309602554,14.5319800169,18.8948358656,22.57714993467558,27.9115120023,35.6240353967955
2022-01-08,1.6,17.2000000000001,18.100000000000016,91.5,1,0,0.5016177072336158,11.357147395799998,15.137468211200003,17.896523700665625,21.594787732600004,26.641400620151558
2022-01-09,8.8,15.5000000000001,26.900000000000013,96.8,1,0,0.3534929489799245,16.399733868299997,19.578534707200003,21.570802531740817,23.911696302100005,26.684992542588084
2022-01-10,11.2,21.6000000000001,38.100000000000016,73.1,1,0,0.40070402730779425,22.6543909354,26.7661910016,29.357995188073044,32.406716075800006,36.01187967014413
2022-01-11,0.0,20.0000000000001,38.100000000000016,68.3,1,0,0.2828236949577375,15.795929099999997,21.1767296,24.5211722203125,28.3989519,32.894064420312496
2022-01-12,1.4,12.6000000000001,38.600000000000016,55.0,1,0,0.286535292004427,12.457150369999997,18.341383680000003,22.242996387265624,26.95905671,32.64936119929687
2022-01-13,2.0,3.4000000000000994,30.100000000000016,44.6,1,0,0.2691587613271371,10.720005258999997,16.673106944000004,20.90654692917578,26.263151039000004,33.01689313933202
2022-01-14,0.0,3.4000000000000994,25.000000000000018,43.7,1,0,0.2691587613271371,7.504003681299998,13.338485555200002,17.77056488979941,23.636835935100002,31.36604848236542
2022-01-15,3.9,5.9000000000001,27.30000000000001,45.4,1,0,0.2886160211821109,9.127379804499999,14.474151680000002,18.82779319242285,24.859341745500004,33.1588828129326
2022-01-16,0.0,3.9000000000000994,18.500000000000018,45.4,1,0,0.26792286951066063,6.092566851699999,10.451892428800003,13.936442967981833,18.7122839499,25.214200810283
2022-01-17,0.0,3.9000000000000994,7.300000000000014,45.4,1,0,0.26792286951066063,4.120734419199999,7.813905612800003,10.841917060646873,15.062795510400003,20.89993237965312
2022-01-18,0.0,0.0,7.300000000000014,45.4,1,0,0.23546525316025016,2.8393180535999987,6.079325798400002,8.900630454604686,12.998630455200002,18.896956657889056
2022-01-19,0.0,0.0,5.900000000000015,44.5,1,0,0.19061472874877397,1.7389444183999996,3.918567833600001,5.833041128215623,8.630397136800001,12.683223759696869
2022-01-20,1.0,1.0000000000000997,4.900000000000015,35.0,1,0,0.17645140525041303,1.9008888139999998,2.9322634240000003,3.7530916303671873,4.862158894,6.343208852242185
2022-01-21,5.8,6.800000000000099,10.700000000000014,35.7,1,0,0.20123722137254463,7.1306221698,8.1458107392,8.99012788581211,10.1759430046,11.826048409630078
2022-01-22,8.6,15.400000000000098,15.400000000000013,42.7,1,0,0.2000569444143479,13.551888984,14.966324736,15.965984536863282,17.270198888,18.99651427421484
2022-01-23,11.5,25.900000000000095,26.900000000000013,45.4,1,0,0.2649535808982642,20.929827238999998,23.258311424,24.677338047652345,26.345822119,28.34921468202734
2022-01-24,32.5,52.600000000000094,59.40000000000001,66.69999999999999,1,0,0.5380910561872083,47.1508790673,51.106649139199995,53.47573734050448,56.21123990710001,59.43175394792597
2022-01-25,14.9,58.9000000000001,74.30000000000001,81.6,1,0,0.6192763438279226,47.79545,55.36656000000001,59.586566562499996,64.13027,69.0250921875
2022-01-26,17.1,64.50000000000009,91.4,97.3,1,0,0.7132973994901338,50.556815,61.39324800000001,67.748581578125,74.817243,82.67383757812499
2022-01-27,0.6,32.600000000000094,91.0,95.9,1,0,0.6755106624974833,35.98977049999999,49.71459840000001,58.186294341406246,67.9355187,79.14014569921873
2022-01-28,0.0,17.700000000000095,85.20000000000002,95.9,1,0,0.6324561367558855,25.192839349999996,39.77167872000001,49.458350190195304,61.141966830000015,75.1831384142578
2022-01-29,0.0,0.6000000000000923,76.60000000000002,92.0,1,0,0.5966893022191957,17.634987544999994,31.817342976000006,42.039597661666015,55.02777014700001,71.42398149354491
2022-01-30,1.5,1.5000000000000924,66.60000000000002,93.5,1,0,0.5999321788616913,13.816243756599997,26.84650019840001,37.03678360807538,50.67631469220001,68.75404547962927
2022-01-31,29.9,31.40000000000009,64.00000000000001,123.4,1,0,0.7562388330299803,39.407534985199995,50.754429900800005,60.239394521687885,73.48634827040001,91.7436689580652
2022-02-01,21.2,52.600000000000094,70.30000000000001,144.6,2,0,0.853340240776245,48.542345775499996,60.88012595200001,70.71036546610449,84.33907885850002,103.20734783271189
2022-02-02,1.3,52.40000000000009,54.500000000000014,145.9,2,0,0.846848717506163,34.95479550649999,48.76929766400001,59.1397549962705,73.19536891150001,92.46150563983494
2022-02-03,6.8,29.30000000000009,60.70000000000001,151.7,2,0,0.8191122089885394,30.350312295299993,42.325777203200005,50.67037360575644,61.343782717100005,75.17947983259589
2022-02-04,45.5,53.600000000000094,106.20000000000002,191.4,2,0,1.0787731397918228,66.3243304857,77.7607464448,85.63638894021621,95.51409568790001,107.99932544631426
2022-02-05,25.5,77.8000000000001,131.70000000000002,208.3,2,0,1.1348362953061681,71.4439986642,85.8724986368,94.92437828495741,105.5002847934,117.86095751302226
2022-02-06,0.1,71.1000000000001,130.3,196.9,2,0,0.9672421903672754,50.09385054999999,68.73357440000001,80.66759689960936,94.84104925,111.70866747382811
2022-02-07,0.6,26.20000000000009,101.0,165.0,2,0,0.8657331488373109,35.66569538499999,55.58685952000001,69.16745736466797,85.95694432500001,106.7232341001367
2022-02-08,3.7,4.400000000000093,83.50000000000001,153.79999999999998,2,0,0.88271102208731,28.66598676949999,48.16948761600001,62.492338759967765,81.0612498925,105.08707239512987
2022-02-09,27.3,31.600000000000097,109.50000000000004,164.0,2,0,1.0500434568400843,47.3238194513,65.6745288192,80.12317633946152,99.73210724310002,126.23461336651579
2022-02-10,5.3,36.30000000000009,108.0,168.7,2,0,0.9955636142389526,37.582072621399995,54.62913500160001,67.51815519875468,84.6334111598,107.32064821496246
2022-02-11,28.2,60.8000000000001,90.70000000000002,196.9,2,0,1.1619826653446934,53.908603307099995,69.6269753344,81.41669454691815,96.97808711370001,117.46139269236072
2022-02-12,6.1,39.600000000000094,71.30000000000001,203.0,2,0,1.18853889690412,43.799300532599986,61.661993830400014,75.04825363923749,92.9269964302,116.90996503673279
2022-02-13,0.0,34.3000000000001,71.20000000000002,201.5,2,0,0.9560243361393618,30.467427203499994,48.59945062400001,62.45226964383495,81.26328339450001,106.99305559807516
2022-02-14,0.3,6.400000000000092,70.90000000000002,171.9,2,0,0.8893386880012458,20.341936659499993,34.29403520000001,44.42664379975683,57.5720860305,74.70087208282517
2022-02-15,11.7,12.000000000000092,78.9,162.4,2,0,0.9495328128692797,25.219043776699994,36.397186508800004,44.44234991910487,54.6235772049,67.39803652810527
2022-02-16,6.2,18.20000000000009,57.80000000000001,167.29999999999998,2,0,0.8905189649594423,23.850505891199994,35.307011788800004,43.956309990805075,55.326351640400006,70.16826100777615
2022-02-17,3.9,21.800000000000093,56.40000000000002,164.4,2,0,0.6509227424455036,20.578405608899995,32.08118492160001,41.14473884957988,53.484509412300014,70.20060579384432
2022-02-18,11.3,21.40000000000009,39.500000000000014,130.20000000000002,2,0,0.6505210544846229,25.600368084099998,36.567663462400006,45.544592726082215,58.14594824270001,75.77524882897009
2022-02-19,4.4,19.600000000000097,37.80000000000001,109.1,2,0,0.6432509422172248,21.5491002291,30.722815590400007,37.73823257866816,47.2124320037,60.04096794631385
2022-02-20,18.0,33.700000000000095,55.80000000000001,127.0,2,0,0.7364928219147675,32.9346582784,42.00916930560001,49.034063348862105,58.64319307080001,71.86561377103476
2022-02-21,9.5,31.900000000000095,65.00000000000001,135.9,2,0,0.7801630693680471,31.757680592699998,40.079383500800006,45.62709564412441,52.446141752900004,60.887951395960734
2022-02-22,0.3,27.800000000000093,53.60000000000001,132.5,2,0,0.5984004178057486,22.358066512999994,31.708524288000007,37.88209743102734,45.37458909300001,54.491258496808584
2022-02-23,1.3,11.100000000000092,48.70000000000002,106.5,2,0,0.596039863889355,16.950646559099997,26.666819430400004,33.49978281637324,42.13713018370001,53.066695571968154
2022-02-24,7.8,9.400000000000093,52.60000000000001,109.0,2,0,0.48254004440334936,19.6569783339,29.101243289600006,36.21575307261503,45.61881363330001,58.03373971159822
2022-02-25,14.8,23.90000000000009,56.100000000000016,95.6,2,0,0.5281739387930425,28.229388792399998,36.8247166976,43.27995958093633,51.7773945208,62.92683053692928
2022-02-26,14.3,36.90000000000009,66.00000000000001,103.8,2,0,0.6125637413041095,33.8854375003,43.09405342720001,49.86734433688339,58.737848740100006,70.36831998680486
2022-02-27,11.4,40.5000000000001,59.40000000000002,115.2,2,0,0.676888835525832,35.0096409031,45.456483430400006,53.01943250942206,62.90421794970001,75.91482992443494
2022-02-28,8.7,34.40000000000009,58.600000000000016,123.6,2,0,0.6509227424455035,32.887551600799995,43.851858483200004,51.54183686395859,61.373729781600005,74.05336101481952
2022-03-01,4.5,24.600000000000097,62.80000000000002,116.4,3,0,0.6503326039664052,27.396997010999993,39.109040384000004,47.44431395526561,58.202171667,72.21625043142967
2022-03-02,3.9,17.10000000000009,65.40000000000002,114.1,3,0,0.6503326039664052,22.569442459499996,33.25449702400001,40.68392758384276,50.005742578500005,61.72817300356738
2022-03-03,8.7,17.100000000000094,66.30000000000001,118.9,3,0,0.6255467878442738,24.230258235099996,34.28354288640001,41.41103160502949,50.392723139699996,61.6537634306244
2022-03-04,7.0,19.600000000000097,58.500000000000014,114.6,3,0,0.6503326039664052,23.952706507099997,34.3946220544,42.140314542972845,52.24884729370001,65.39145417732166
2022-03-05,3.6,19.300000000000093,47.80000000000002,113.8,3,0,0.5647625244971414,20.330172772599997,30.976111206400006,39.16333063588398,50.17068059220001,64.94352344744568
2022-03-06,0.0,10.600000000000092,36.40000000000002,95.8,3,0,0.5092895074618945,14.010790246599997,23.94337034240001,31.753210686643747,42.433920700200005,57.02619914901405
2022-03-07,0.0,3.6000000000000925,27.700000000000017,86.3,3,0,0.5075190920245993,9.389489804099998,17.565558374400005,24.07648789940449,33.0300877167,45.313582490835344
2022-03-08,0.0,0.0,23.200000000000017,86.0,3,0,0.49689659940082864,6.168703256799998,12.516995891200004,17.649710732421482,24.7409772516,34.485965135184756
2022-03-09,0.0,0.0,19.300000000000015,84.7,3,0,0.4538164904266476,3.9960704958999984,8.789531033600003,12.757885913074022,18.291945309300004,25.936065771107998
2022-03-10,2.8,2.800000000000092,13.400000000000016,79.69999999999999,3,0,0.382999872934843,5.3514958805,8.897469440000002,11.931395708348632,16.2292483495,22.230251111178703
2022-03-11,2.4,5.200000000000092,8.800000000000015,67.3,3,0,0.3127733939221368,6.018933254299999,9.034791731200002,11.655751532563084,15.437270534100003,20.824422329047067
2022-03-12,0.2,5.400000000000092,5.400000000000015,53.2,3,0,0.23310469924385666,4.303087930899999,7.009074073600003,9.339578625749803,12.733697564300002,17.648127149565035
2022-03-13,0.0,2.6000000000000925,5.400000000000015,41.8,3,0,0.1953358365815609,2.7664080849999992,4.673103872000001,6.225834514123046,8.426825379,11.556709420712888
2022-03-14,0.0,0.2000000000000923,5.400000000000015,33.1,3,0,0.16523877414754395,1.7387529851999997,2.986863820800001,3.9138385066195305,5.1433937604,6.787715375008592
2022-03-15,0.6,0.6000000000000923,6.000000000000014,29.2,3,0,0.14930503521188795,1.715436,2.6029440000000004,3.2180148749999997,3.9738120000000006,4.8928766249999995
2022-03-16,0.0,0.6000000000000923,6.000000000000014,25.3,3,0,0.08911091034385403,1.2008051999999998,2.0823552000000003,2.7353126437499995,3.5764308000000007,4.648232793749999
2022-03-17,0.0,0.6000000000000923,3.2000000000000144,16.6,3,0,0.05311246311885339,0.8405636399999997,1.6658841600000005,2.3250157471874995,3.2187877200000004,4.415821154062499
2022-03-18,0.0,0.0,0.8000000000000143,9.6,3,0,0.03891451970994754,0.5883945479999998,1.3327073280000006,1.9762633851093747,2.896908948000001,4.195030096359374
2022-03-19,0.5,0.5000000000000924,1.1000000000000143,6.5,3,0,0.042157396352443165,0.9118761835999999,1.5661658624000006,2.1798238773429683,3.1072180532000004,4.485278591541404
2022-03-20,4.2,4.7000000000000925,5.300000000000015,10.7,3,0,0.06314481726352571,4.759220258800001,5.1522849792,5.5016019635875,6.020196615600001,6.784551232096875
2022-03-21,0.2,4.900000000000093,5.500000000000014,10.9,3,0,0.06432509422172245,3.4636601214000002,4.0641299456,4.403863098631641,4.7813486978,5.2083550163199215
2022-03-22,0.0,4.400000000000093,4.900000000000015,10.9,3,0,0.06432509422172245,2.4189125799999998,3.2298291200000007,3.7039087529687498,4.233478140000001,4.82818987765625
2022-03-23,5.7,5.900000000000093,10.600000000000016,16.6,3,0,0.09266208996536336,7.393238806,8.283863296000002,8.848322440023438,9.510130326,10.286780383773438
2022-03-24,2.3,8.000000000000092,12.900000000000016,16.1,3,0,0.1045495006344877,7.475267164199999,8.927090636800001,9.82107407401992,10.8591172934,12.072441364584765
2022-03-25,0.0,8.000000000000092,12.900000000000016,13.7,3,0,0.09575920380458833,5.2157385,7.077248000000002,8.2297883203125,9.5639985,11.109577132812499
2022-03-26,0.0,2.300000000000092,12.400000000000016,13.5,3,0,0.09204760675789886,3.6510169499999994,5.661798400000001,6.995320072265624,8.60759865,10.554098276171874
2022-03-27,0.5,0.5000000000000924,8.700000000000014,14.0,3,0,0.08690909401888282,3.0557118649999992,5.029438720000001,6.446022061425779,8.246838785000001,10.52639336236328
2022-03-28,2.7,3.2000000000000925,11.200000000000014,16.7,3,0,0.10442062788835924,4.8389983055,6.723550976000001,8.179118752211913,10.1221549065,12.700073694245116
2022-03-29,7.5,10.700000000000092,18.700000000000017,23.6,3,0,0.14982090088329802,10.8731750514,12.825153689600002,14.353813737209764,16.4356001958,19.26570153991367
2022-03-30,10.0,20.20000000000009,23.000000000000018,33.599999999999994,3,0,0.20871738246632182,17.4925829314,19.8091513856,21.373869178397264,23.3275907278,25.787721318116795
2022-03-31,0.6,18.100000000000097,21.30000000000001,34.199999999999996,3,0,0.201827359851643,12.839158547,16.425846272,18.728413920769533,21.525095967000002,24.978587864363277
2022-04-01,1.0,11.600000000000092,22.30000000000001,35.199999999999996,4,0,0.20477805224713486,9.987410982899998,14.140677017600003,16.9191518326541,20.372586370300006,24.729658471145115
2022-04-02,8.1,9.700000000000092,30.400000000000013,42.8,4,0,0.22933438848855367,14.930176796099998,18.8005087744,21.359094953013866,24.447860624700002,28.1803749939291
2022-04-03,14.6,23.70000000000009,44.500000000000014,53.2,4,0,0.33033213715536275,24.986154449999997,29.393446400000002,32.30241958007812,35.801114150000004,39.99426128398437
2022-04-04,0.6,23.300000000000093,42.400000000000006,53.6,4,0,0.31631422479672705,18.090308115,24.11475712,28.057056643066407,32.821002735,38.59454821978515
2022-04-05,0.4,15.600000000000092,35.30000000000001,54.0,4,0,0.2983446511095978,13.063215680499997,19.691805696000003,24.248498146606444,29.9389024615,37.06482080879589
2022-04-06,0.0,1.0000000000000924,25.30000000000001,48.3,4,0,0.2951017744671021,9.130127213899998,15.699757465600003,20.512786222445115,26.770672995300004,34.912211298736906
2022-04-07,2.3,2.700000000000092,27.00000000000001,48.3,4,0,0.29250747315310566,8.614820732499998,14.569895680000002,19.204307397358395,25.4521739075,33.85001099785644
2022-04-08,0.1,2.4000000000000923,26.10000000000001,48.4,4,0,0.2856270238836118,5.918518075999998,10.950610176000003,14.947103255199217,20.391868216000002,27.76698340367577
2022-04-09,3.0,5.400000000000093,21.00000000000001,51.4,4,0,0.300380485861071,6.860487404199999,10.686746316800003,13.736293723512109,17.8658969934,23.391264841108196
2022-04-10,0.2,3.3000000000000926,6.600000000000012,51.1,4,0,0.2785453621344313,4.9853926679999985,8.684972544000003,11.757725022380857,16.07010023,22.06245943550976
2022-04-11,3.6,6.800000000000093,9.600000000000012,51.99999999999999,4,0,0.25671023840779156,7.061527342699999,10.440603852800002,13.397191864683005,17.714411766900003,23.96059952449589
2022-04-12,2.1,5.900000000000093,11.300000000000011,46.599999999999994,4,0,0.21303999095451207,6.814264188199999,9.582752204800002,11.892930409820703,15.218675225400002,20.01280034044023
2022-04-13,4.9,10.600000000000094,16.200000000000014,41.5,4,0,0.24077649947213547,9.257571068199999,10.998538700800001,12.134624544973045,13.506102477399999,15.170601010537888
2022-04-14,5.4,12.400000000000096,19.30000000000001,46.3,4,0,0.26733273103156224,11.8633512328,14.1344064512,15.596306220622655,17.3462851656,19.45282879646797
2022-04-15,1.0,11.300000000000091,20.200000000000017,46.3,4,0,0.2248427605364795,9.293046852999998,12.264575488000002,14.178110525792967,16.472185273,19.240692580949215
2022-04-16,1.4,7.800000000000093,18.600000000000016,39.6,4,0,0.15565807883979016,7.9051327971,11.211660390400002,13.451393946924021,16.2249667457,19.678657951901755
2022-04-17,0.0,2.4000000000000923,18.400000000000013,25.0,4,0,0.1439937889000026,5.4686236507,8.722367692800002,10.980873724901757,13.800509658900001,17.317630094058394
2022-04-18,0.0,1.4000000000000925,14.800000000000017,24.4,4,0,0.14163323498360908,3.825211802999999,6.9671567360000015,9.314055225732421,12.385590849000002,16.391874895431634
2022-04-19,0.0,0.0,12.700000000000014,24.0,4,0,0.14163323498360908,2.592905687399999,5.251602841600001,7.32632372885039,10.100996443800002,13.776070332944919
2022-04-20,2.7,2.7000000000000925,10.500000000000012,26.7,4,0,0.14399378890000258,4.509384476199999,6.879807436800002,8.888000288654688,11.721161111400002,15.667519428449996
2022-04-21,4.9,7.600000000000093,10.000000000000012,29.300000000000004,4,0,0.17232043589672444,7.9548780437,10.017298892800001,11.746052389729883,14.193802615900001,17.628690475769332
2022-04-22,5.3,12.900000000000093,14.300000000000011,34.5,4,0,0.18589362091598696,10.8090948283,13.088353331200002,14.870708282154883,17.342197630100003,20.789908379580268
2022-04-23,0.3,10.500000000000092,13.200000000000012,31.8,4,0,0.18648375939508532,7.727953507799999,10.244549171200003,11.97541745856211,14.199453510600001,17.1166019583332
2022-04-24,0.0,5.600000000000092,13.200000000000012,31.6,4,0,0.16346835871024884,5.257030820999999,7.615818752000001,9.115983056337889,10.896644583,13.027592388529296
2022-04-25,0.0,0.3000000000000923,13.200000000000012,28.0,4,0,0.15284586608647815,3.6516740497999987,5.9852808192000015,7.551711193546483,9.458301684600002,11.777475829864452
2022-04-26,3.7,3.700000000000093,16.900000000000013,29.6,4,0,0.1457642043372977,6.2166253,8.3379008,9.8433303484375,11.7243217,14.050370323437498
2022-04-27,0.0,3.700000000000093,14.200000000000014,24.7,4,0,0.11389672646598563,4.351637709999999,6.670320640000001,8.366830796171874,10.55188953,13.347851807265622
2022-04-28,0.8,4.500000000000092,10.100000000000012,20.1,4,0,0.11479783314434522,3.846146396999999,6.136256512000002,7.911806176746093,10.296700577000003,13.480459216902341
2022-04-29,0.0,0.8000000000000924,4.800000000000012,19.1,4,0,0.11479783314434522,2.6923024778999993,4.909005209600002,6.725035250234178,9.267030519300002,12.806436256057221
2022-04-30,7.5,8.300000000000093,12.000000000000012,25.2,4,0,0.14871489673278954,9.3083434173,11.137293875200003,12.6847190709791,14.8988956791,18.049524707310738
2022-05-01,11.2,18.70000000000009,23.20000000000001,36.4,5,0,0.22302943154972674,17.5774275201,19.5837016064,21.017326629062694,22.900481754700003,25.413237469677142
2022-05-02,6.0,24.70000000000009,29.20000000000001,42.4,5,0,0.25267773931224424,18.154487382099997,21.0978781184,22.821293291697458,24.762437846700003,26.96926981822988
2022-05-03,1.7,18.90000000000009,27.200000000000017,44.1,5,0,0.2443173303467257,14.399666909999997,18.54609024,21.039036976640624,23.88159053,27.141185245546872
2022-05-04,6.6,14.300000000000091,33.80000000000001,47.99999999999999,5,0,0.2782365742692011,16.679766836999995,21.436872192000003,24.483181430144526,28.093431477000003,32.38412598326953
2022-05-05,7.0,15.300000000000091,40.00000000000001,50.099999999999994,5,1,0.29692776373515745,18.675836785899996,24.149497753600002,27.81070421562285,32.284088329300005,37.76491968410605
2022-05-06,5.8,19.40000000000009,45.80000000000001,50.6,5,0,0.3399822894767553,18.768569907999996,24.722313728000003,28.71066328721875,33.565569268000004,39.46134702471874
2022-05-07,1.4,14.200000000000092,39.70000000000001,51.7,5,0,0.3113161576795803,14.537998935599997,21.177850982400003,25.804063794135935,31.609012341200003,38.8882796734828
2022-05-08,4.9,12.100000000000094,33.40000000000001,56.599999999999994,5,0,0.3379077461480445,15.054001234999998,21.756381440000002,26.675954701542963,33.069168355,41.364876138417955
2022-05-09,0.6,6.900000000000093,28.000000000000018,57.2,5,0,0.3417991981190392,11.137800864499997,18.005105152000006,23.27456149631152,30.362251519500006,39.89663233149706
2022-05-10,1.4,6.900000000000093,27.700000000000017,54.9,5,0,0.32398602502500584,8.984604168399999,14.998777753600004,19.70681923930937,26.110938066800003,34.811273670634364
2022-05-11,1.5,3.5000000000000924,22.600000000000012,56.4,5,0,0.3281169943786944,7.472850638999999,12.296431360000003,16.045803024796875,21.094645731000004,27.864856267632803
2022-05-12,0.6,3.5000000000000924,16.200000000000014,56.2,5,0,0.33165782525328463,5.6615102979,9.792899993600003,13.057686145033006,17.493110517300003,23.479191818820894
2022-05-13,1.7,3.800000000000092,12.100000000000012,57.9,5,0,0.24667788426311923,5.615036416199999,9.351783884800001,12.464346735898827,16.851046117400003,22.987379431174602
2022-05-14,0.0,2.300000000000092,10.700000000000014,50.400000000000006,5,0,0.20595832920533158,3.744091826999999,6.772757504000002,9.295323656865234,12.864663801000003,17.886346660642573
2022-05-15,7.8,9.500000000000092,13.600000000000012,47.0,5,0,0.24195677643033225,10.223131604599997,12.466586726400001,14.32290427795039,16.9374483402,20.600870752941795
2022-05-16,3.5,11.300000000000091,16.500000000000014,44.5,5,0,0.2513989920959062,10.4923564788,12.8504991232,14.53259709108164,16.7213685536,19.598152967712107
2022-05-17,8.9,20.20000000000009,24.000000000000018,51.7,5,0,0.26615245407336546,16.2051030003,19.030075443200005,20.97708336134238,23.461081882100004,26.68001360439277
2022-05-18,5.7,18.10000000000009,28.200000000000017,50.8,5,0,0.24667788426311918,16.9051592282,20.397926860800002,22.565836275871483,25.1064493374,28.112201921905076
2022-05-19,1.5,16.10000000000009,29.100000000000012,45.3,5,0,0.23310469924385666,13.316662944799997,17.753916979200003,20.562836191886326,23.8865973396,27.847349662266794
2022-05-20,0.9,8.10000000000009,28.30000000000001,40.4,5,0,0.22779345293197134,10.182117526499997,14.952809728000002,18.102786597026366,21.909787789500005,26.516750464219722
2022-05-21,3.4,5.80000000000009,31.70000000000001,42.4,5,0,0.23531525276011234,10.485110981199998,15.201186508800003,18.492057000961324,22.595791350400003,27.69280753215117
2022-05-22,0.4,4.700000000000091,24.300000000000015,37.9,5,0,0.22012165270369252,7.722629171899999,12.496524697600002,16.00012380821269,20.527005151300003,26.348924992000583
2022-05-23,0.5,4.30000000000009,21.30000000000001,37.8,5,0,0.21363012943361043,5.857819627999998,10.314683648000003,13.765418749601562,18.381551288000004,24.513625945695306
2022-05-24,6.7,7.60000000000009,19.100000000000012,43.1,5,0,0.25489010410015633,10.8004737396,14.951746918400003,18.400605937161327,23.243396159200003,29.98794464841054
2022-05-25,33.7,40.90000000000009,47.100000000000016,75.30000000000001,5,0,0.4818389858079658,41.0400009235,44.823878912000005,47.8048946927295,51.89936471050001,57.51839928993066
2022-05-26,0.9,41.30000000000009,46.500000000000014,75.6,5,0,0.4361123360536965,29.529134309299998,36.38329349120001,40.84510007362754,46.38905369910001,53.4469000380998
2022-05-27,0.3,34.90000000000009,45.90000000000002,74.2,5,0,0.43788275149099154,20.7189910449,28.45100456960001,33.26615286395098,38.946910212300004,45.74579627697324
2022-05-28,11.6,12.800000000000084,54.10000000000001,85.80000000000001,5,0,0.4579474597803362,25.9422828395,33.74877081600001,38.7540458296162,44.66475208250001,51.64570590946582
2022-05-29,4.4,16.300000000000082,58.10000000000001,82.39999999999999,5,0,0.46561926000861503,22.5172267003,31.237955379200002,37.04562734866269,44.0752592141,52.56531520513495
2022-05-30,25.8,41.80000000000008,83.4,104.70000000000002,5,0,0.6190943873878033,41.5366359178,50.693727539200005,57.11159628245664,65.1539226966,75.19818619956366
2022-05-31,3.8,34.000000000000085,80.50000000000001,99.6,5,0,0.5975671245170044,32.779603557799994,43.98990981120001,51.67548386532968,61.253023730600006,73.202571296175
2022-06-01,17.0,46.600000000000094,63.80000000000001,110.9,6,0,0.6790583689385844,39.934423480499994,52.14897817600001,60.84541152379394,71.9882499815,86.30294795567089
2022-06-02,12.5,33.30000000000008,75.40000000000002,121.9,6,0,0.7568874083584795,40.439972673899995,54.16549544960001,64.12016259305449,77.11508576330002,94.18843208826814
2022-06-03,3.1,32.60000000000009,78.20000000000002,124.1,6,0,0.7335386965325111,31.218722454899996,45.71298933760001,56.28307969501347,70.1674316383,88.5674729909576
2022-06-04,2.3,17.900000000000084,68.9,123.0,6,0,0.7223294984164066,23.201164129299993,35.25188152320001,43.505950314479094,53.700225043100005,66.26166448907635
2022-06-05,9.9,15.300000000000086,74.40000000000002,132.5,6,0,0.7630490534741942,26.115392118099997,38.00486845440001,46.702870803400586,57.9163919427,72.309718019308
2022-06-06,5.8,18.000000000000085,54.40000000000001,137.8,6,0,0.7624589149950959,24.072300225199996,36.17168250880001,45.43837786158828,57.820149216400004,74.31461103657108
2022-06-07,10.6,26.30000000000009,61.20000000000002,141.70000000000002,6,0,0.6367594189471427,27.122938868799995,38.29180549120001,46.93887809199765,58.5934643896,74.25353198957734
2022-06-08,13.1,29.500000000000085,57.30000000000002,121.1,6,0,0.7093464518762423,31.961768098599993,43.26099799040001,52.13179899909882,64.2999328142,81.00641285744959
2022-06-09,5.2,28.900000000000087,50.00000000000001,125.4,6,0,0.7382632373520626,26.844451526599997,37.038544486400006,44.432669517243355,54.0740357782,66.70867918222694
2022-06-10,23.6,41.90000000000009,70.50000000000001,148.70000000000002,6,0,0.807309439406572,42.283775473999995,52.82281369600001,60.6196463531621,70.94165412800001,84.69804485400974
2022-06-11,2.5,31.30000000000009,70.70000000000002,139.60000000000002,6,0,0.7966869467828015,31.618434908499992,42.932889856,50.67983452639551,60.419955233500005,72.78461464425682
2022-06-12,5.5,31.600000000000087,66.30000000000001,140.70000000000002,6,0,0.6780691124840287,27.279810374699995,38.50413460480001,46.11692929317715,55.51947920890001,67.16117217156425
2022-06-13,0.2,8.200000000000085,60.70000000000002,115.1,6,0,0.6556438502782906,19.208299935099998,30.670447718400005,38.78907924574433,49.08662812370001,62.14702905134706
2022-06-14,7.0,12.700000000000085,57.100000000000016,118.3,6,0,0.5854173712655844,20.380840647299998,31.28939755520001,39.51790622889902,50.37600489910001,64.66258263853143
2022-06-15,24.4,31.600000000000083,68.4,125.7,6,0,0.6680367583393565,38.38693795659999,48.3685136384,56.04116369159101,66.28648785220001,79.90195780814491
2022-06-16,30.9,62.30000000000008,94.10000000000002,144.1,6,0,0.8315051170496054,57.60702092519999,68.9720406528,77.39311759267616,88.53550411440001,103.33418567015507
2022-06-17,17.6,72.90000000000009,88.10000000000001,158.6,6,0,0.920025888914361,57.625490883699996,71.6394661888,81.29728126776308,93.5859622379,109.42086483072049
2022-06-18,26.3,74.80000000000008,111.9,182.6,6,0,1.016808599486494,66.2678010424,82.20497116160001,92.82363438073514,105.9596784488,122.4063676851617
2022-06-19,59.0,102.90000000000008,165.4,231.7,6,0,1.3338492742238675,105.2405736002,124.20563118080003,136.87634232105313,152.5505827154,172.17261721686404
2022-06-20,14.8,100.1000000000001,180.00000000000003,240.7,6,0,1.355548086488959,87.80175993249999,111.63047424000001,126.49865503045407,143.8667132575,164.2337945899951
2022-06-21,4.0,77.80000000000008,177.00000000000003,234.1,6,0,1.3139053545280721,65.3906131405,93.03594393600001,111.03167076503416,132.6083458315,158.52526251239937
2022-06-22,3.2,22.00000000000008,155.8,224.2,6,0,1.2794202226852691,48.818067811399985,77.03819714560001,96.49411092640506,120.62977982780002,150.50594622096833
2022-06-23,7.0,14.200000000000076,131.9,226.0,6,0,1.2595332879453018,41.166997962999986,68.60908288000002,88.98061940657615,115.497066157,149.86090152207223
2022-06-24,14.0,24.200000000000077,128.3,216.4,6,0,1.3049335609402408,42.619165899799995,68.13564702720001,88.25540566520468,115.50661046060002,152.17669787129995
2022-06-25,13.2,34.200000000000074,115.20000000000002,227.1,6,1,1.3077468696819912,42.34417652229999,65.08858757120002,83.41335934951033,108.6481954761,143.1586816603185
2022-06-26,5.1,32.300000000000075,61.30000000000001,226.7,6,1,1.3289918549295323,33.8680750462,53.853007820800016,69.91793635295545,92.10921212940002,122.59977615483669
2022-06-27,4.1,22.400000000000077,50.600000000000016,230.6,6,0,1.2935835461836303,27.310496094099992,45.29262064640001,60.06525638361542,80.86155037070002,110.03201721649938
2022-06-28,24.6,33.80000000000008,71.20000000000002,248.2,6,0,1.31895950078486,42.974437361,58.01015552000001,70.4776710919121,88.20515235900001,113.38363485370505
2022-06-29,36.8,65.50000000000009,104.8,260.6,6,0,1.3543678095307623,65.2155021836,76.87304765440001,85.09043057202264,95.6126091572,109.18897369595545
2022-06-30,3.9,65.30000000000008,101.7,233.6,6,0,1.2634864837496134,49.13278815999999,63.80930022400001,73.31312480197656,84.790907328,98.76821831042966
2022-07-01,1.4,42.10000000000007,89.10000000000002,217.4,7,0,1.0893956324155936,35.67996161239999,52.01794344960001,62.92865846431718,76.31710283480001,92.83485963795468
2022-07-02,3.3,8.600000000000078,79.20000000000002,194.4,7,0,0.7553772532459154,28.185581048999993,44.57075737600001,56.159361600779285,70.869621543,89.57715845049412
2022-07-03,1.3,6.000000000000077,75.4,136.7,7,0,0.7170182521045213,20.832174059999996,36.20498662400001,47.657336530277334,62.64191030800001,82.20714195330075
2022-07-04,3.7,8.300000000000079,75.00000000000001,125.6,7,0,0.7152478366672262,17.887056493399996,31.16075074560001,41.45249438996562,55.19622111580001,73.41446770629841
2022-07-05,7.4,12.40000000000008,57.80000000000001,129.0,7,0,0.7400336527893577,19.5480722167,30.911261388800007,40.035878094173235,52.4740435949,69.2404167230369
2022-07-06,3.3,14.400000000000077,24.300000000000015,129.1,7,0,0.7205590829791115,16.839588174699998,27.48140078080001,36.32643691790956,48.7483791909,66.02483749676931
2022-07-07,2.3,13.000000000000078,22.700000000000017,124.4,7,0,0.6367594189471427,13.971896870199997,23.844886476800006,32.37028632242617,44.743959667400006,62.5687741710535
2022-07-08,17.7,23.300000000000075,39.000000000000014,128.1,7,0,0.6674466198602581,26.785438696599996,34.1345042944,40.37163302728047,49.3920740742,62.411406757236705
2022-07-09,27.8,47.80000000000008,63.500000000000014,142.7,7,0,0.7996376391782933,45.5102981713,51.15623352320001,54.8709099934498,59.4215000711,65.05731705540254
2022-07-10,1.0,46.500000000000085,63.20000000000001,138.6,7,0,0.7418040682266529,32.74704337279999,41.50622750720001,46.87246331750352,53.1195041476,60.46937713960273
2022-07-11,0.8,29.60000000000008,60.30000000000001,135.3,7,0,0.5665329399344365,23.6833838261,33.854658150400006,40.365969653800974,48.11940391670001,57.40767656768886
2022-07-12,1.5,3.300000000000078,54.400000000000006,112.2,7,0,0.4396531669282867,17.985151846099996,28.229391718400002,35.16138867140644,43.65682467270001,54.06146083981777
2022-07-13,1.1,3.4000000000000785,52.20000000000001,76.5,7,0,0.43195116878041767,13.652884509899996,23.543926937600006,30.731243645052537,39.9378602333,51.68002977681698
2022-07-14,1.5,4.100000000000079,51.40000000000001,74.1,7,0,0.4201785971180404,10.952503314799998,19.937857075200007,26.89312180223398,36.1539639816,48.38070161279413
2022-07-15,4.0,6.600000000000079,37.70000000000001,76.7,7,0,0.43257150517910625,11.4577206361,19.155716710400007,25.402282939777532,33.958347126700005,45.531013181790414
2022-07-16,5.5,11.000000000000078,15.400000000000013,78.9,7,0,0.4579474597803362,13.4271876131,20.470238566400006,26.442254964486523,34.911873561700006,46.77863062321424
2022-07-17,1.7,11.200000000000076,16.100000000000012,79.3,7,0,0.41486735080615506,11.034062021899997,17.829230233600004,23.723105589829878,32.318725793300004,44.76260413180526
2022-07-18,1.8,9.000000000000078,17.10000000000001,77.4,7,0,0.41309693536886,9.023862224599998,14.162861158400002,18.479962794524607,24.715244824200006,33.72683010069569
2022-07-19,26.6,30.10000000000008,42.20000000000001,96.6,7,0,0.5405668468541082,32.13142236499999,34.945286656,36.83485993467382,39.150459707,41.99560168483398
2022-07-20,48.4,76.80000000000008,89.5,141.7,7,0,0.8945030677128081,70.8637481306,76.2488551424,79.51275654013203,83.28673529619999,87.6970846613539
2022-07-21,23.3,98.30000000000008,111.3,162.7,7,0,1.0055960232548018,72.88202567149999,84.21318476799999,90.72834353563964,97.97911901449999,106.1332408768955
2022-07-22,13.8,85.50000000000007,121.1,158.8,7,0,1.0284574539720017,64.7750466827,81.0094865408,90.6237803987826,101.4581894529,113.72847342419314
2022-07-23,8.9,46.00000000000008,124.5,139.9,7,0,1.020200772320404,54.21146040049999,73.58947763200001,85.71365149419043,99.82882422349999,116.28343911982127
2022-07-24,8.1,30.80000000000008,130.9,147.0,7,0,0.9716961068233028,46.00565099299999,66.81052083200001,80.66129216355077,97.422924141,117.67116175497264
2022-07-25,6.7,23.700000000000077,135.8,152.9,7,0,1.0080697578808595,38.79096559549999,59.718919936000006,74.47460072165526,92.9859179665,116.09265591027048
2022-07-26,14.3,29.10000000000008,123.5,165.70000000000002,7,0,0.9962117045746569,41.29831452989999,61.48457794560001,76.520601389533,96.0695947493,121.29496994894586
2022-07-27,6.3,27.300000000000075,81.4,170.9,7,0,1.026046169685617,35.1607993786,55.305126246400015,71.00782469372382,92.16988192620002,120.51236865479332
2022-07-28,1.3,21.900000000000077,59.40000000000001,170.70000000000002,7,0,1.0228032930431208,25.861714020199994,45.35082746880001,61.302277061851946,83.62527254140001,114.70902373142457
2022-07-29,2.4,10.000000000000076,48.00000000000001,169.10000000000002,7,0,0.9654665518049357,19.751815651799994,35.82450872320001,49.27007634711093,68.38789878060001,95.44716996111246
2022-07-30,4.4,8.100000000000076,43.50000000000001,168.00000000000003,7,0,0.9808101522614932,16.8590907511,27.862696550400006,36.75084372495332,49.0730724017,66.09594360391932
2022-07-31,44.3,51.10000000000007,79.7,210.6,7,0,1.2257176210873175,55.443196195599995,64.0883387904,70.95104354507149,80.34155750720001,93.14057573946911
2022-08-01,11.9,60.60000000000007,84.9,220.7,8,1,1.107689925267643,50.32042149329999,61.6889073152,69.49152023340878,79.39563928310001,92.12097719100603
2022-08-02,31.0,87.20000000000007,101.6,225.1,8,0,1.025070538193871,65.9728920737,79.3954956288,88.31560999976504,99.35283723789999,113.18616957223418
2022-08-03,13.3,56.200000000000074,108.6,189.99999999999997,8,0,0.9530736437438698,59.25221949989999,75.94666562560002,86.77358582464042,99.89325814930001,115.9770918857916
2022-08-04,5.2,49.50000000000008,112.5,171.9,8,0,0.9005513191041148,46.4872952331,65.23792547840002,77.63848944186151,92.76778678570001,111.36669979860487
2022-08-05,3.0,21.50000000000008,113.1,161.1,8,0,0.8669134257955077,35.137167057099994,53.65488957440001,66.17741204350995,81.50490641370001,100.2364265775658
2022-08-06,12.3,20.50000000000008,121.0,164.49999999999997,8,0,0.8982064852988513,36.718057533099994,54.54745431040001,67.31049148963692,83.4577415997,103.75256253148572
2022-08-07,22.0,37.30000000000008,98.70000000000002,178.39999999999998,8,0,0.9873016755315754,47.665918490799996,65.4983770112,78.95798104054842,96.65868546760001,119.78657638390155
2022-08-08,3.7,38.00000000000008,90.5,175.4,8,0,0.9799973213621787,36.99834888379999,55.84100357120002,70.34178531404842,89.8559886646,116.06027891053435
2022-08-09,18.1,43.80000000000008,77.60000000000001,179.2,8,0,1.068852141366559,43.874555109099994,62.30035645440002,77.024270137842,97.43620466170002,125.72282243235875
2022-08-10,6.9,28.70000000000008,71.20000000000002,179.8,8,0,1.046905661920511,36.3608232233,51.98360888320001,63.64909350487167,79.14612929910001,99.81263490248065
2022-08-11,3.4,28.40000000000008,69.4,181.9,8,0,1.0587084315024784,28.516430709999995,43.70913433600001,55.15892406748632,70.482242932,91.09703358041992
2022-08-12,0.8,11.100000000000078,67.2,180.3,8,0,1.0333324769012484,19.885828225099996,32.43870781440001,41.58197892280097,53.42498699570001,68.78133678500916
2022-08-13,0.9,5.100000000000078,55.80000000000001,176.79999999999998,8,0,0.7707208537024731,14.444387676399998,25.422889625600007,33.626252506649216,44.3450650428,58.27906865388827
2022-08-14,3.1,4.800000000000079,36.90000000000001,135.6,8,0,0.7140675597090295,13.064184243999996,22.879965952000006,30.658567728080076,41.19743065000001,55.35168313715428
2022-08-15,1.0,5.000000000000078,34.20000000000001,124.7,8,0,0.5494189240405839,10.060186396099997,18.981850214400005,26.469159355845896,37.03165226470001,51.78788816258143
2022-08-16,5.0,9.100000000000078,21.10000000000001,98.7,8,0,0.49925715331722226,11.694685920999998,18.864777728000004,25.077230279078123,34.039742225000005,46.834029401820295
2022-08-17,4.3,10.30000000000008,18.500000000000007,89.7,8,0,0.49807687635902553,11.8648345969,17.029590169600002,21.284408841720506,27.2648423203,35.62011526848495
2022-08-18,18.5,27.80000000000008,33.60000000000001,103.0,8,0,0.5901384790983715,26.700868375699997,31.7263876608,35.86331221940176,41.748247859900005,50.12378282987871
2022-08-19,10.9,33.70000000000008,43.70000000000001,110.9,8,0,0.46266856761312325,29.0793276623,34.33763742720001,37.82038866792441,42.162343308100006,47.68045508817011
2022-08-20,1.6,31.00000000000008,44.400000000000006,100.2,8,0,0.46148829065492647,21.760621441799998,28.329228083200007,32.38889697778477,37.140227740600004,42.765147453016795
2022-08-21,0.6,13.100000000000078,41.90000000000001,78.8,8,0,0.3835900114139414,15.736393424599997,22.898310246400005,27.46118945635859,32.8406982702,39.191184486955464
2022-08-22,3.5,5.700000000000078,44.40000000000001,78.6,8,0,0.339919763960662,14.492877377299997,21.732748851200004,26.684511514432224,32.777685691100004,40.25263571121699
2022-08-23,2.7,6.800000000000078,42.10000000000001,63.2,8,0,0.3320705681915523,12.819591391699998,19.989562316800004,25.20464782336074,31.886106525900004,40.40114068034159
2022-08-24,0.4,6.600000000000079,38.20000000000001,56.7,8,0,0.31455903432207594,9.286146646999999,16.058789888000003,21.21363999640039,28.016592709,36.924999134685535
2022-08-25,12.1,15.200000000000076,31.800000000000008,65.4,8,0,0.38655089578547885,18.572055128,24.839657728000006,29.934719592599606,36.966254998000004,46.580012238712875
2022-08-26,22.5,35.00000000000008,43.400000000000006,87.10000000000001,8,1,0.5086993689827961,35.3592009651,41.8348552704,46.960139632006054,54.0262372977,63.757326930585336
2022-08-27,20.5,55.10000000000008,62.3,106.7,8,0,0.6113834643459128,45.1299763185,53.506175232000004,59.56955874854003,67.6242962755,78.49489174533105
2022-08-28,63.1,106.10000000000008,124.8,166.7,8,0,1.0853889935639314,94.1684042123,103.91851781119999,110.09194845595565,117.5113155061,126.59351378215447
2022-08-29,6.0,89.60000000000008,127.3,171.7,8,0,1.047181288613175,71.6099849272,87.9644356608,97.43222518024842,107.95958895839999,119.73760545534842
2022-08-30,1.3,70.40000000000008,125.9,168.0,8,0,0.956122046125073,51.381793409199986,71.49974983680002,83.80239235626601,97.90574455840002,114.09274607979961
2022-08-31,7.9,15.200000000000076,133.4,171.6,8,0,0.9902540920567502,43.850306871499996,65.03537536000002,79.01390886022168,95.80596303850001,115.92886661226657
2022-09-01,68.7,77.90000000000008,190.0,221.8,9,0,1.4104068777419978,99.29634847290001,120.35249064960001,135.1727621159959,153.70499219430002,176.73684399431892
2022-09-02,12.7,89.30000000000008,180.2,223.6,9,0,1.3957341069301181,82.1311756138,108.69208222720002,127.06528690687657,150.0930611866,178.98341205865935
2022-09-03,21.1,102.50000000000009,180.8,243.1,9,0,1.529989199929437,78.5805239197,108.01071610880001,129.0267441091088,156.04428369190003,190.89474668003103
2022-09-04,5.4,39.200000000000074,123.10000000000002,247.9,9,0,1.4865346529199956,60.064571692499996,90.50934528000003,112.69055220021971,141.62084619750004,179.50529238124508
2022-09-05,1.7,28.20000000000007,118.80000000000004,246.1,9,0,1.4352167811672392,43.10963087449999,71.69155712000001,93.05729527252049,121.31349667550002,158.7584466293193
2022-09-06,15.3,22.40000000000007,132.8,258.7,9,0,1.523737553031995,44.897667351699994,70.45207495680002,90.3627756926576,117.33423898590001,153.84641704346657
2022-09-07,4.5,21.50000000000007,129.4,262.79999999999995,9,0,1.4175126267942884,34.14594832499999,54.08634905600002,68.88558442485936,88.099205517,112.87379532535155
2022-09-08,0.3,20.10000000000007,61.000000000000014,251.00000000000003,9,0,1.345515732344287,24.032678678099995,42.92483415040002,57.67150033508612,77.49721432470001,103.93768392365368
2022-09-09,0.0,4.800000000000071,48.30000000000001,228.50000000000003,9,0,1.0486760773578059,16.786153292299996,34.20028088320001,48.764838559180276,69.29421092010001,97.9624417064611
2022-09-10,10.1,10.40000000000007,37.30000000000001,218.1,9,0,0.9067083092417776,21.627151857899996,36.61196866560001,49.99480498101151,69.71023015130001,98.43429780115486
2022-09-11,0.1,10.20000000000007,32.000000000000014,155.1,9,0,0.878716195377475,13.298401339899998,22.012968601600008,29.070312655652145,38.88499830130001,52.479355185420495
2022-09-12,11.2,21.40000000000007,41.500000000000014,160.3,9,0,0.9383201817664106,20.150137371699994,27.446722764800004,33.409460822177145,41.76828228190001,53.45142829782206
2022-09-13,1.7,13.00000000000007,27.900000000000016,160.70000000000002,9,0,0.8527501022971468,15.209073384799996,21.3917829632,25.943991767261327,31.934338967600006,39.84550746500117
2022-09-14,13.5,26.40000000000007,36.90000000000001,166.3,9,0,0.5411569853332066,23.9938147349,30.033605785600002,34.48927121873223,40.358041494300004,48.120052619863856
2022-09-15,20.6,35.80000000000007,57.20000000000002,118.2,9,0,0.6166947106577981,37.3476495221,44.444348518400005,49.58119404854316,56.329483996700006,65.29619719216542
2022-09-16,7.6,41.70000000000007,64.80000000000001,113.1,9,0,0.5264035233557472,33.3111675345,41.512653824000004,46.73183655484863,52.9617554635,60.470712162209956
2022-09-17,12.1,40.30000000000007,66.80000000000001,104.1,9,0,0.5806962634327975,35.290703412099994,44.82693923840001,50.93612625208809,58.19652693670001,66.85286032752674
2022-09-18,2.6,22.30000000000007,69.30000000000003,101.3,9,0,0.5877779251819779,27.295018130999996,38.42933913600001,45.83664499297265,54.872270711000006,65.93059622937889
2022-09-19,6.2,20.90000000000007,64.30000000000001,105.8,9,0,0.5558290565237507,25.306512691699993,36.94347130880001,45.16114824402675,55.58504363990001,68.83406641790995
2022-09-20,1.3,10.100000000000072,63.90000000000001,91.8,9,0,0.5140106152946815,18.729258882699995,29.770297804800006,37.69854452358145,47.804887030900005,60.64512001070682
2022-09-21,20.6,28.100000000000072,71.00000000000001,107.9,9,0,0.6349890035098477,33.7076564654,44.40550082560001,52.62407540461015,63.589530483800004,78.15299031624764
2022-09-22,2.8,24.70000000000007,53.20000000000002,110.4,9,0,0.6509227424455036,26.078987246899995,37.12180981760001,45.32547076530254,56.12537890630001,70.33948708096541
2022-09-23,4.8,28.20000000000007,50.40000000000001,115.2,9,0,0.6202355415323884,23.007270280499995,34.31491174400001,42.991963663127926,54.72008766750001,70.6046599302119
2022-09-24,1.0,8.60000000000007,39.30000000000001,106.1,9,0,0.6255467878442738,16.723747610199997,27.00237793280001,34.88536465505898,45.54091995940001,59.99147825398319
2022-09-25,0.5,6.300000000000071,37.20000000000002,106.5,9,0,0.5612216936225511,11.624724314199998,19.889994188800003,26.09694722738125,34.3040520974,45.15792339297342
2022-09-26,9.7,11.20000000000007,40.70000000000002,105.0,9,0,0.6084327719504209,17.6226258307,24.795951564800006,30.386159670284567,37.92369074290001,48.04962648511307
2022-09-27,13.8,24.00000000000007,53.20000000000002,117.1,9,0,0.603711664117634,25.7940430302,32.33753364480001,37.24605542721914,43.7123125434,52.202428196073036
2022-09-28,5.5,29.00000000000007,38.10000000000001,109.1,9,0,0.5110599228991896,23.4823865564,31.090854041600004,36.64727366185039,43.9345173448,53.5355907442496
2022-09-29,1.2,20.50000000000007,36.500000000000014,89.7,9,0,0.47683189111148405,17.4625359351,25.40696330240001,31.129561305660353,38.579259281700004,48.34664218375917
2022-09-30,0.3,7.000000000000071,32.000000000000014,82.4,9,0,0.40247444274508926,12.487053372199998,20.485984204800005,26.504190384168353,34.568051381400004,45.45095205356132
2022-10-01,1.3,2.800000000000071,32.30000000000002,71.6,10,0,0.4071955505778762,9.459038347599998,15.476879206400003,19.77294909712422,25.228470377200004,32.14442350257265
2022-10-02,1.3,2.9000000000000714,33.100000000000016,70.30000000000001,10,0,0.37827876510205605,7.8422337735999985,13.380855654400003,17.555758400401558,23.0293237072,30.160738897576557
2022-10-03,0.0,2.6000000000000716,23.400000000000013,64.10000000000001,10,0,0.30510159369385803,5.353975521999999,10.189288448000003,13.977397499505859,19.052734824,25.778764644353508
2022-10-04,17.3,18.600000000000072,26.900000000000013,80.10000000000001,10,0,0.3487718411471375,21.0195353405,25.344056576000003,28.98391347023926,34.0987829015,41.19108947289745
2022-10-05,80.4,97.70000000000007,101.8,139.9,10,1,1.1652393295405514,95.09955097590002,100.6215581696,104.93788924753302,110.9145653913,119.2321665296334
2022-10-06,39.0,136.70000000000007,139.60000000000002,176.10000000000002,10,0,1.4240488837987906,105.2956846916,118.4557169664,126.28752413829804,135.44092798320003,146.46280989253944
2022-10-07,18.2,137.60000000000008,157.50000000000003,189.5,10,0,1.42112452828067,91.51716344049998,111.48280985600002,122.82752873765136,135.28507271150002,149.07709963642284
2022-10-08,4.3,61.50000000000007,160.5,192.8,10,0,1.3422806855653584,68.2066530214,92.89568988160002,107.62059020312967,124.13883401980002,142.63019148879062
2022-10-09,9.8,32.30000000000007,169.0,202.1,10,0,1.279045100504176,57.51076008509999,83.98770288640002,101.04125238745135,121.1065364897,144.58019758726502
2022-10-10,4.5,18.600000000000072,173.5,196.90000000000003,10,0,1.2879241752012456,44.74905780209999,71.6579500544,90.32600220803143,113.3912793087,141.67156662613024
2022-10-11,4.1,18.40000000000007,160.3,187.2,10,0,1.1899380131686434,35.387618679099994,61.28677360640002,80.62116515118377,105.69886940570001,137.90963027381383
2022-10-12,2.0,10.60000000000007,81.9,183.7,10,0,1.1648412899844294,26.734611292999993,50.889832448000014,70.27205365286326,96.67570049300002,132.23579073911324
2022-10-13,1.0,7.100000000000071,43.9,183.50000000000003,10,0,1.1713270432694207,19.714227905099992,41.71186595840001,60.73124560493378,88.00813044370001,126.62400120215759
2022-10-14,1.2,4.200000000000071,26.9,184.4,10,0,1.0734618934799378,14.511277352799993,32.711919411200014,49.415631569099205,74.37518038560002,111.13465209322574
2022-10-15,0.8,3.000000000000071,23.4,183.9,10,0,1.0775928628336262,8.686793144999996,18.336651264000004,26.974584724740225,39.703915763000005,58.2394695737988
2022-10-16,0.2,2.2000000000000712,13.8,182.8,10,0,1.078773139791823,5.179101730399998,10.681727897600004,15.450295246741012,22.335065022800002,32.176755464812096
2022-10-17,0.0,1.000000000000071,9.3,182.8,10,0,0.9530736437438698,3.111266258099999,6.5911721984000025,9.54963680072871,13.755610910700002,19.670905397433003
2022-10-18,0.0,0.200000000000071,5.2,165.5,10,0,0.4467348286774672,2.0564220235999993,4.811228774400002,7.270631341954295,10.880732527200001,16.11279128883632
2022-10-19,3.5,3.500000000000071,6.7,88.6,10,0,0.2873974393209069,4.6626696725,6.296716032000001,7.750667478122069,9.875610561500002,12.939529719858395
2022-10-20,0.0,3.500000000000071,5.7,49.6,10,0,0.1711401589385277,3.1367549086999995,4.554189004800001,5.702132536870508,7.3189965249,9.59823700729277
2022-10-21,0.0,3.500000000000071,4.5,31.4,10,0,0.15992752783565864,2.079913584,3.203117056000001,4.0396275985429675,5.157515268000001,6.66350370605078
2022-10-22,0.0,0.0,3.7,27.1,10,0,0.08734049490655894,1.3994444589999995,2.3477452800000007,3.039934650080078,3.944406861000001,5.132854642271482
2022-10-23,0.1,0.100000000000071,3.6,17.4,10,0,0.07612786380368988,1.0513635963999999,1.8708220416000005,2.4870700482273436,3.3012877348000003,4.377474970919531
2022-10-24,0.0,0.100000000000071,3.6,12.9,10,0,0.051932186160656674,0.7020574875999998,1.3678086144000006,1.8777602557843749,2.5527448332000002,3.440116895287499
2022-10-25,1.3,1.4000000000000712,4.9,10.1,10,0,0.04780121680696806,1.7688422214,2.3083475456,2.7385966939441406,3.3185275978,4.089121499132421
2022-10-26,1.4,2.7000000000000712,2.8,9.5,10,0,0.05016177072336155,2.6325400500000002,3.2252032,3.6884323089843747,4.3169391500000005,5.164918036328124
2022-10-27,7.3,10.000000000000073,10.1,15.8,10,0,0.10376235585468568,9.142778035,9.880162559999999,10.435167462636718,11.185245235,12.206672134511718
2022-10-28,4.0,12.70000000000007,14.1,18.6,10,0,0.13477179553539637,10.399944624499998,11.904130048,12.86989234324121,14.0667207115,15.596338527786132
2022-10-29,0.0,11.300000000000072,14.1,17.8,10,0,0.11803975878087325,7.1810949,9.147494400000001,10.2503480765625,11.439674100000001,12.7209423140625
2022-10-30,0.0,4.000000000000071,14.0,17.6,10,0,0.10707892403693502,5.026766429999999,7.317995520000002,8.712795865078125,10.295706690000001,12.084895198359375
2022-10-31,0.0,0.0,14.0,17.6,10,0,0.10392471730730517,3.5187365009999994,5.854396416000002,7.405876485316405,9.266136021,11.480650438441405
2022-11-01,0.0,0.0,12.7,17.6,11,0,0.09427456498591255,2.463115550699999,4.6835171328000005,6.294995012518944,8.3395224189,10.906617916519334
2022-11-02,0.0,0.0,11.3,14.1,11,0,0.0908005459898776,1.7213561329999993,3.7360762880000014,5.33105832020703,7.470702333000001,10.301413326769527
2022-11-03,0.0,0.0,4.0,14.1,11,0,0.0908005459898776,1.2049492930999994,2.9888610304000007,4.531399572175975,6.7236320997000005,9.786342660431051
2022-11-04,0.0,0.0,0.0,14.1,11,0,0.08320952555287035,0.8067427227999996,2.251502387200001,3.59575291070664,5.597986917600002,8.518667506399606
2022-11-05,0.0,0.0,0.0,14.1,11,0,0.08261938707377198,0.5251733710999997,1.6508780544000008,2.780765808023632,4.550038409700001,7.254502416145895
2022-11-06,0.0,0.0,0.0,14.0,11,0,0.08261938707377198,0.16141442799999992,0.5368709120000003,0.9264677851328122,1.5496819560000004,2.5209976388984363
2022-11-07,1.5,1.500000000000071,1.5,15.5,11,0,0.0820292485946736,1.5,1.5,1.5,1.5,1.5
2022-11-08,0.0,1.500000000000071,1.5,14.2,11,0,0.07553772532459152,1.0499999999999998,1.2000000000000002,1.275,1.35,1.4249999999999998
2022-11-09,0.9,2.400000000000071,2.4,13.7,11,0,0.034228031787705525,1.635,1.8600000000000003,1.98375,2.115,2.25375
2022-11-10,16.0,16.90000000000007,18.4,22.4,11,0,0.20156135792461935,17.1445,17.488,17.6861875,17.9035,18.1410625
2022-11-11,15.8,32.700000000000074,34.2,34.2,11,0,0.3792693007102306,27.80115,29.7904,30.833259374999997,31.91315,33.034009375
2022-11-12,0.1,31.900000000000073,34.300000000000004,34.3,11,0,0.326332788828364,19.560805,23.932320000000004,26.308270468749996,28.821835,31.482308906249997
2022-11-13,0.0,15.900000000000071,34.300000000000004,34.3,11,0,0.29266541286089987,13.692563499999999,19.145856000000006,22.3620298984375,25.939651500000004,29.9081934609375
2022-11-14,0.0,0.1000000000000728,32.800000000000004,34.3,11,0,0.2689620217935611,9.584794449999997,15.316684800000004,19.00772541367187,23.34568635,28.41278378789062
2022-11-15,13.1,13.100000000000072,45.9,47.4,11,0,0.3407246088860932,19.809356115,25.35334784,29.25656660162109,34.111117715000006,40.09214459849609
2022-11-16,10.7,23.80000000000007,55.7,58.099999999999994,11,0,0.4134719110012068,24.5665492805,30.982678272,35.568081611377934,41.400005943500005,48.78753736857128
2022-11-17,1.5,25.30000000000007,41.2,59.599999999999994,11,0,0.376822265857992,18.654213208999998,26.12508134400001,31.43755776316015,38.236987689,46.95005509128515
2022-11-18,0.0,12.200000000000072,25.4,59.599999999999994,11,0,0.376822265857992,13.057949246299996,20.900065075200004,26.721924098686127,34.4132889201,44.60255233672089
2022-11-19,0.0,1.5000000000000728,25.299999999999997,59.599999999999994,11,0,0.37098508790149987,9.115141699999995,16.623415296000005,22.53644851997656,30.658149432000005,41.8335614745703
2022-11-20,0.0,0.0,25.299999999999997,59.599999999999994,11,0,0.34287045635615376,5.928638791599998,11.580745318400004,16.005990772528513,22.013479447200005,30.162092373027726
2022-11-21,0.0,0.0,25.299999999999997,58.099999999999994,11,0,0.34287045635615376,3.7037362606999986,7.568084172800003,10.494476568065817,14.3030121489,19.193944114409952
2022-11-22,0.0,0.0,12.2,58.099999999999994,11,0,0.3375592100442684,2.5897906299999987,6.043729920000001,8.900617642421873,12.837843090000002,18.17437321476562
2022-11-23,4.3,4.300000000000073,5.800000000000002,61.5,11,0,0.2555299614495948,6.1128534409999995,9.134983936000001,11.865524996058593,15.854058781000003,21.565654554027336
2022-11-24,0.5,4.800000000000073,4.800000000000002,46.0,11,0,0.19522117387823681,4.7789974087,7.807987148800002,10.585696246649803,14.768652902900001,20.98737182632597
2022-11-25,0.0,4.800000000000073,4.800000000000002,30.2,11,0,0.17763168220860978,2.9752556099,4.839787929600002,6.418787112788866,8.724100047300002,12.09454933098691
2022-11-26,0.0,0.5000000000000728,4.800000000000002,30.1,11,0,0.17763168220860978,1.7804304104999997,2.722926592000001,3.349412919424805,4.120830733500001,5.083336614586914
2022-11-27,0.0,0.0,4.800000000000002,30.1,11,0,0.17763168220860978,1.20393,2.017280000000001,2.5516893749999996,3.1857300000000004,3.931064375
2022-11-28,0.0,0.0,4.800000000000002,30.1,11,0,0.10032354144672313,0.8427509999999998,1.6138240000000006,2.16893596875,2.867157000000001,3.7345111562499995
2022-11-29,0.2,0.2000000000000728,5.000000000000002,17.2,11,0,0.037115970466894736,0.7899257,1.4910592000000007,2.0435955734375,2.7804413000000006,3.7477855984374995
2022-11-30,0.0,0.2000000000000728,0.7000000000000017,6.5,11,0,0.0324287664249563,0.5529479899999998,1.1928473600000005,1.7370562374218748,2.502397170000001,3.5603963185156244
2022-12-01,0.0,0.2000000000000728,0.2000000000000018,5.0,12,0,0.0324287664249563,0.38706359299999993,0.9542778880000005,1.476497801808594,2.252157453000001,3.382376502589843
2022-12-02,0.0,0.0,0.2000000000000018,5.0,12,0,0.0324287664249563,0.2709445150999999,0.7634223104000005,1.2550231315373046,2.0269417077000007,3.213257677460351
2022-12-03,0.0,0.0,0.2000000000000018,5.0,12,0,0.02950692395491855,0.06819680349999999,0.14902886400000004,0.22020972314160153,0.3249302445000001,0.47802595486230454
2022-12-04,0.0,0.0,0.2000000000000018,5.0,12,0,0.02950692395491855,0.03361399999999999,0.06553600000000002,0.0887410625,0.11809800000000002,0.15475618749999998
2022-12-05,0.0,0.0,0.2000000000000018,5.0,12,0,0.02950692395491855,0.023529799999999993,0.052428800000000025,0.07542990312499999,0.10628820000000001,0.14701837812499996
2022-12-06,0.0,0.0,0.0,5.0,12,0,0.0023605539163934646,0.016470859999999993,0.041943040000000015,0.06411541765624999,0.09565938000000002,0.13966745921874996
2022-12-07,0.0,0.0,0.0,0.7,12,0,0.0012971506569982685,0.011529601999999995,0.033554432000000016,0.05449810500781249,0.08609344200000002,0.13268408625781244
2022-12-08,0.0,0.0,0.0,0.2,12,0,0.0012971506569982685,0.008070721399999996,0.026843545600000015,0.04632338925664062,0.07748409780000003,0.1260498819449218
2022-12-09,0.0,0.0,0.0,0.2,12,0,0.001180276958196722,0.0,0.0,0.0,0.0,0.0
2022-12-10,0.0,0.0,0.0,0.2,12,0,0.001180276958196722,0.0,0.0,0.0,0.0,0.0
2022-12-11,0.0,0.0,0.0,0.2,12,0,0.001180276958196722,0.0,0.0,0.0,0.0,0.0
2022-12-12,0.0,0.0,0.0,0.2,12,0,0.0,0.0,0.0,0.0,0.0,0.0
2022-12-13,0.0,0.0,0.0,0.0,12,0,0.0,0.0,0.0,0.0,0.0,0.0
2022-12-14,0.0,0.0,0.0,0.0,12,0,0.0,0.0,0.0,0.0,0.0,0.0
2022-12-15,0.2,0.2000000000000728,0.2000000000000018,0.2,12,0,0.002385341513900785,0.2,0.2,0.2,0.2,0.2
2022-12-16,0.1,0.3000000000000729,0.3000000000000018,0.3,12,0,0.0035780122708511954,0.24,0.26,0.27,0.28,0.29000000000000004
2022-12-17,0.7,1.0000000000000728,1.0000000000000018,1.0,12,0,0.010229867988350069,0.868,0.9080000000000001,0.9295,0.9520000000000001,0.9755
2022-12-18,1.1,1.900000000000073,2.100000000000002,2.1,12,0,0.021468073625107355,1.7076,1.8264000000000002,1.890075,1.9568000000000003,2.026725
2022-12-19,1.1,2.900000000000073,3.200000000000002,3.2,12,0,0.029666617166215003,2.2953200000000002,2.5611200000000003,2.70656375,2.8611200000000006,3.0253887500000003
2022-12-20,0.0,2.200000000000073,3.200000000000002,3.2,12,0,0.026605946623718322,1.6067239999999998,2.0488960000000005,2.3005791875,2.5750080000000004,2.8741193125
2022-12-21,0.1,1.200000000000073,3.300000000000002,3.3000000000000003,12,0,0.025294234024472867,1.2247067999999999,1.7391168000000006,2.055492309375,2.4175072,2.830413346875
2022-12-22,0.0,0.1000000000000728,3.100000000000002,3.3000000000000003,12,0,0.023011901689474763,0.8572947599999998,1.3912934400000005,1.7471684629687498,2.1757564800000004,2.6888926795312496
2022-12-23,0.0,0.1000000000000728,3.000000000000002,3.3000000000000003,12,0,0.02226958228013687,0.600106332,1.1130347520000003,1.4850931935234373,1.9581808320000005,2.554448045554687
2022-12-24,2.3,2.3000000000000727,4.600000000000001,5.6,12,0,0.03632021839595106,2.7200744323999997,3.1904278016000003,3.5623292144949215,4.0623627488,4.726725643276953
2022-12-25,0.0,2.3000000000000727,3.5000000000000018,5.6,12,0,0.0350230677389528,1.8984025977,2.5308674048000004,2.9886049514525386,3.5863907859,4.370641973265428
2022-12-26,0.0,2.3000000000000727,2.4000000000000017,5.6,12,0,0.03437449241045368,1.3260570658999997,2.0139565056000004,2.5206267683005854,3.1928838633000005,4.092236180678319
2022-12-27,0.0,0.0,2.4000000000000017,5.6,12,0,0.03304775482950878,0.9084666786999996,1.5360032768000003,2.004720670016992,2.6295205689000003,3.468508514177538
2022-12-28,0.0,0.0,2.3000000000000016,5.6,12,0,0.031867477871312035,0.6048543976999998,1.1106910208000003,1.487450724739648,1.9830222279,2.6364724553064445
2022-12-29,0.5,0.5000000000000728,2.8000000000000016,5.9,12,0,0.03422803178770553,0.8923258009999998,1.270441216,1.547771271253906,1.9011737210000001,2.3460381993789055
2022-12-30,19.2,19.70000000000007,22.0,25.0,12,0,0.23495613911923086,19.824628060699997,20.2163529728,20.515605580565822,20.9110563489,21.42873628940996
2022-12-31,7.3,27.00000000000007,27.0,31.6,12,0,0.3160577505918588,21.17441489,23.46234496,24.718577303046875,26.08508287,27.597425781015623
2023-01-01,0.9,27.40000000000007,27.9,31.4,1,0,0.2802983828807891,15.722090422999997,19.669875968000003,21.910790707589843,24.376574583,27.11755449196484
2023-01-02,0.0,8.20000000000007,27.9,30.299999999999997,1,0,0.2513803232723717,11.005463296099999,15.735900774400001,18.624172101451364,21.9389171247,25.7616767673666
2023-01-03,0.0,0.9000000000000711,27.9,30.299999999999997,1,0,0.2310206707568519,7.638854999999998,12.341760000000003,15.377735156249997,18.943065,23.096497968749993
2023-01-04,0.0,0.0,27.9,30.2,1,0,0.20710711520527234,5.347198499999998,9.873408000000001,13.071074882812498,17.0487585,21.941673070312493
2023-01-05,0.0,0.0,27.4,30.2,1,0,0.2033955181585829,3.7430389499999985,7.898726400000002,11.110413650390623,15.343882650000001,20.844589416796868
2023-01-06,0.0,0.0,8.2,30.2,1,0,0.18095251665125606,2.620127264999999,6.318981120000002,9.443851602832028,13.809494385,19.802359945957022
2023-01-07,0.0,0.0,0.9,27.9,1,0,0.18095251665125606,1.834089085499999,5.055184896000002,8.027273862407224,12.428544946500002,18.81224194865917
2023-01-08,0.0,0.0,0.0,27.9,1,0,0.17770964000876044,1.2697385973999993,3.990460825600002,6.724745580875779,11.011351231800003,17.572261381607024
2023-01-09,0.0,0.0,0.0,27.9,1,0,0.16464863566844562,0.34646454009999983,1.1307843584000006,1.9360451804025385,3.2155900587000006,5.197899079149803
2023-01-10,0.0,0.0,0.0,27.9,1,0,0.16169794327295375,0.03631824629999998,0.12079595520000005,0.20845525165488277,0.3486784401000001,0.5672244687521482
2023-01-11,0.0,0.0,0.0,27.9,1,0,0.16169794327295375,0.0,0.0,0.0,0.0,0.0
2023-01-12,0.0,0.0,0.0,27.4,1,0,0.021835123726639722,0.0,0.0,0.0,0.0,0.0
2023-01-13,0.8,0.8000000000000711,0.8,9.0,1,0,0.010032354144672294,0.8,0.8,0.8,0.8,0.8
2023-01-14,0.0,0.8000000000000711,0.8,1.7000000000000002,1,0,0.009541366055603243,0.5599999999999999,0.6400000000000001,0.68,0.7200000000000001,0.76
2023-01-15,0.2,1.000000000000071,1.0,1.0,1,0,0.010229867988350065,0.592,0.7120000000000002,0.778,0.8480000000000001,0.922
2023-01-16,0.3,0.500000000000071,1.3,1.3,1,0,0.011926803658908308,0.7143999999999999,0.8696000000000002,0.9613,1.0632000000000001,1.1759
2023-01-17,8.1,8.60000000000007,9.4,9.4,1,0,0.10018434358383446,8.600080000000002,8.79568,8.917105000000001,9.05688,9.217105
2023-01-18,1.8,10.200000000000072,11.2,11.2,1,0,0.1180744049380906,7.820055999999999,8.836544000000002,9.37953925,9.951192,10.55624975
2023-01-19,0.2,10.10000000000007,11.4,11.4,1,0,0.10332166668233475,5.674039199999999,7.269235200000002,8.172608362499998,9.1560728,10.2284372625
2023-01-20,4.2,6.200000000000071,14.8,15.6,1,0,0.13119484024798966,8.171827439999998,10.01538816,11.146717108124998,12.44046552,13.917015399375
2023-01-21,0.1,4.500000000000071,14.9,15.7,1,0,0.12141232331746961,5.820279208,8.112310528000002,9.574709541906248,11.296418968000001,13.321164629406248
2023-01-22,0.3,4.600000000000072,15.0,16.0,1,0,0.11134791140068409,4.374195445599999,6.789848422400002,8.43850311062031,10.466777071200001,12.955106397935936
2023-01-23,0.0,0.4000000000000711,14.7,16.0,1,0,0.10912095317267041,3.039338791999999,5.345979392000001,7.015228120554686,9.141156612,11.828361526648434
2023-01-24,0.6,0.9000000000000711,7.2,16.6,1,0,0.10247490190286185,2.7275371543999998,4.876783513600001,6.562943902471483,8.8270409508,11.836943450316012
2023-01-25,1.6,2.2000000000000712,7.0,18.2,1,0,0.11155495650184963,3.5036265030999996,5.479951974400002,7.1391274362326165,9.474601167700001,12.725348889952535
2023-01-26,0.1,2.3000000000000713,6.9,18.3,1,0,0.11025780584485137,2.5440642946999996,4.4517493248000015,6.1091959994955065,8.522537518900002,12.009460363683395
2023-01-27,0.0,1.7000000000000712,2.7,17.5,1,0,0.10327423384221499,1.5520400545999997,2.691668582400001,3.5981339244113273,4.8459884022000015,6.559218137668358
2023-01-28,0.0,0.100000000000071,2.6,17.5,1,0,0.10209395688401825,1.0355824933999997,1.960061337600001,2.7040399079363278,3.733768369800001,5.153530740155858
2023-01-29,0.0,0.0,2.3000000000000003,17.3,1,0,0.10032354144672313,0.7192582403999999,1.5465742336000008,2.259059040877734,3.2906558448000007,4.776106815300389
2023-01-30,0.0,0.0,2.3000000000000003,17.0,1,0,0.044260385932377834,0.3848411636999999,0.7862878208000004,1.093327686515039,1.4971408119000003,2.022606329734179
2023-01-31,0.0,0.0,1.7000000000000002,8.9,1,0,0.04189983201598435,0.26656406209999994,0.6182928384000004,0.9096410931037109,1.3125588867000002,1.8616023193236324
2023-02-01,0.7,0.700000000000071,0.7999999999999999,7.800000000000001,2,0,0.0448505244114762,0.8781205859999999,1.162422016,1.4141326078359375,1.7766994660000002,2.288901121585937
2023-02-02,0.0,0.700000000000071,0.7,7.6,2,0,0.020064708289344604,0.6146844101999999,0.9299376128000001,1.2020127166605468,1.5990295194000002,2.1744560655066403
2023-02-03,0.1,0.800000000000071,0.7999999999999999,3.5,2,0,0.020064708289344608,0.5133305721999999,0.7795255808000002,1.0035861665570311,1.3299195034000002,1.8064910986882805
2023-02-04,0.1,0.200000000000071,0.8999999999999999,3.5,2,0,0.01888443133114786,0.4141353606999999,0.5518217728000001,0.6380491946283202,0.7390420489,0.8581874409724608
2023-02-05,0.0,0.200000000000071,0.8999999999999999,3.2,2,0,0.01888443133114786,0.28706999999999994,0.43072000000000005,0.5226543749999999,0.63027,0.7554043749999999
2023-02-06,11.0,11.10000000000007,11.9,14.2,2,0,0.13119378326454514,11.200949,11.344576,11.44425621875,11.567243,11.71763415625
2023-02-07,7.4,18.40000000000007,19.3,21.0,2,0,0.21945141927887551,15.240664299999999,16.4756608,17.1276177859375,17.810518700000003,18.5317524484375
2023-02-08,0.0,18.40000000000007,18.6,19.4,2,0,0.18822957098563947,10.668465009999998,13.180528640000002,14.558475118046875,16.02946683,17.605164826015624
2023-02-09,1.6,9.000000000000071,20.200000000000003,20.9,2,0,0.18348928706012538,9.067925507,12.144422912000003,13.974703850339843,16.026520147000003,18.32490658471484
2023-02-10,2.5,4.100000000000071,22.6,23.4,2,0,0.18970675518354624,8.847547854899998,12.215538329600003,14.378498272788866,16.9238681323,19.9086612554791
2023-02-11,10.1,14.20000000000007,32.6,33.5,2,0,0.24199612744415339,16.273510231,19.797268736,22.183911448832028,25.087406411,28.59411233523828
2023-02-12,8.2,20.800000000000068,40.8,41.7,2,0,0.3028663190098607,19.5914571617,24.0378149888,27.056324731507225,30.7786657699,35.36440671847636
2023-02-13,0.0,18.300000000000068,29.8,41.7,2,0,0.26526730935614234,13.711195260699997,19.2195145728,22.97818858134707,27.665931348900003,33.536312688628705
2023-02-14,0.1,8.30000000000007,22.5,41.8,2,0,0.26526730935614234,9.695011929999998,15.464874240000004,19.611772853710935,24.96447037,31.89962336027343
2023-02-15,0.0,0.100000000000071,22.5,41.099999999999994,2,0,0.26526730935614234,6.786508350999998,12.371899392000003,16.67000692565429,22.468023333000005,30.304642192259756
2023-02-16,0.0,0.100000000000071,20.9,41.099999999999994,2,0,0.24136663795123392,4.439833071799999,8.716403507200003,12.0038874390582,16.3857581586,22.203303751024603
2023-02-17,0.0,0.0,18.4,40.99999999999999,2,0,0.24136663795123392,2.898851465999999,6.1785538560000015,8.746433731078124,12.166961886000001,16.66248521310937
2023-02-18,0.0,0.0,8.299999999999999,40.9,2,0,0.24136663795123392,2.0291960261999993,4.942843084800002,7.434468671416404,10.950265697400003,15.8293609524539
2023-02-19,0.1,0.100000000000071,0.2,41.0,2,0,0.16877960502213418,1.4752411784999993,3.8824757760000015,6.104299323758788,9.3973536235,14.179913802049798
2023-02-20,0.4,0.500000000000071,0.6000000000000001,30.4,2,0,0.1357318501926254,1.3620500126999997,3.237545164800001,5.096468414343163,7.985922160900001,12.374075763851362
2023-02-21,9.2,9.70000000000007,9.7,32.199999999999996,2,0,0.19002459026967555,9.8681350074,10.7055568896,11.54356666835039,12.865677699799999,14.908128889351168
2023-02-22,0.7,10.30000000000007,10.4,32.9,2,0,0.1847133439577902,7.376064800999999,8.383977216,8.897661552503905,9.419946721,9.953079543128904
2023-02-23,4.1,14.000000000000073,14.5,35.4,2,0,0.19415555962336414,9.2632453607,10.8071817728,11.663012319628319,12.577952048899999,13.55542556597246
2023-02-24,0.2,5.000000000000071,14.7,33.099999999999994,2,0,0.13027739381268905,6.681446999999999,8.835008,10.093873031249997,11.485289000000002,13.017780593749997
2023-02-25,11.9,16.20000000000007,26.6,34.9,2,0,0.22005983601291365,16.5770129,18.9680064,20.479792076562497,22.2367601,24.266891564062497
2023-02-26,8.2,20.30000000000007,34.699999999999996,34.9,2,0,0.25758483504024915,19.80390903,23.374405120000006,25.607823265078125,28.213084090000002,31.253546985859373
2023-02-27,9.7,29.80000000000007,44.0,44.599999999999994,2,0,0.32662054010867325,23.562736320999996,28.399524096000007,31.4666497753164,35.091775681,39.39086963656641
2023-02-28,1.2,19.10000000000007,35.99999999999999,45.7,2,0,0.29639892512410043,17.6939154247,23.919619276800006,27.946652309018944,32.782598112900004,38.62132615473808
2023-03-01,1.6,12.500000000000073,36.9,47.3,3,0,0.3061275550515873,13.982916044799998,20.72495800320001,25.33496702223203,31.0694704576,38.23038615307733
2023-03-02,0.9,3.700000000000073,33.699999999999996,48.2,3,0,0.3093704316940829,10.676742221399998,17.437016729600003,22.355972207160935,28.723052035800006,36.979372069728115
2023-03-03,0.7,3.200000000000073,34.2,48.9,3,0,0.2885777162791036,7.913842325899998,13.661770905600003,17.89133185615215,23.3429051833,30.322023625248626
2023-03-04,8.1,9.700000000000072,30.4,57.0,3,0,0.3351986561278749,13.6199163607,18.9542547968,23.16981999469082,28.8645397569,36.48680658651932
2023-03-05,17.7,26.50000000000007,39.9,74.6,3,0,0.43257150517910625,27.118126600399997,32.4231696896,36.58716193769023,42.2485041768,49.907644806316014
2023-03-06,3.7,29.50000000000007,33.9,77.9,3,0,0.41314248425394295,22.677039115299998,29.617060915200007,34.75971276616855,41.65391807110001,50.99251517815253
2023-03-07,4.3,25.70000000000007,37.0,73.0,3,0,0.4266701203881225,19.837781834399998,26.715895961600005,31.502950439588666,37.6392528268,45.6179198423082
2023-03-08,3.0,11.000000000000076,38.4,75.3,3,0,0.4201785971180405,16.654817579899998,23.492248473600007,28.163137758056443,34.016164335300004,41.42738094843808
2023-03-09,0.3,7.600000000000074,37.8,71.5,3,0,0.41958845863894206,11.684371314399996,18.052269209600006,22.32898537224297,27.532367032800003,33.8482635904039
2023-03-10,0.1,3.4000000000000745,37.2,71.4,3,0,0.35113239506353094,8.245162890199998,14.412966348800005,18.843388281197655,24.460716201400004,31.537366083797647
2023-03-11,0.0,0.4000000000000746,29.09999999999999,59.49999999999999,3,0,0.3027410397774645,5.726417983299998,11.358574387200004,15.70188099207285,21.456759077100003,29.00251867682636
2023-03-12,0.3,0.4000000000000746,11.7,51.6,3,0,0.24775577548666594,4.2830698158999985,9.290222745600003,13.46941187935527,19.297272573300003,27.3135294976705
2023-03-13,8.5,8.800000000000075,16.5,50.400000000000006,3,0,0.2983446511095978,11.478375603699998,15.857016268800002,19.811188014413474,25.6234704079,34.02873716532011
2023-03-14,5.0,13.800000000000075,17.2,54.2,3,0,0.3104128400057434,12.8060579709,16.815882137600003,20.244827137091598,25.2368280023,32.47753109922323
2023-03-15,0.4,13.900000000000077,14.6,53.0,3,0,0.3074621476102515,8.864259388899999,11.9521826816,14.12342610969707,16.9415368123,20.656010719742767
2023-03-16,15.1,20.500000000000075,29.4,67.2,3,0,0.392442088600417,21.2004657301,24.264461670400003,26.37647689718184,29.057272902700007,32.50788350857363
2023-03-17,9.5,25.000000000000075,38.8,76.0,3,0,0.40070402730779414,24.218861654,28.449860352,31.073445423939454,34.152228320000006,37.80792049441992
2023-03-18,3.3,27.900000000000077,42.1,71.2,3,0,0.3157240863176287,20.1684605831,25.737765734400003,29.121805397326362,32.990970167700006,37.42131365198379
2023-03-19,12.1,24.900000000000073,53.900000000000006,65.6,3,0,0.4001101616331247,26.2094481507,32.6580003328,36.79447226642519,41.687269618900004,47.47062688761308
2023-03-20,9.3,24.70000000000007,54.7,71.19999999999999,3,0,0.41566857913550354,27.643788952999998,35.415662848000004,40.55561398602734,46.783674813000005,54.33722184930859
2023-03-21,14.8,36.200000000000074,64.5,81.7,3,0,0.5078344822148154,34.1506522671,43.132530278400004,49.27227188812324,56.90530733170001,66.42036075684315
2023-03-22,7.4,31.50000000000008,71.5,86.1,3,0,0.5538833305382532,31.2969823295,41.87381196800001,49.22236878360253,58.51017306650001,70.31972163722949
2023-03-23,1.2,23.400000000000077,57.6,87.0,3,0,0.5128303383364847,22.867783668999998,33.78636902400001,41.36558102916601,50.89538901900001,62.91447157184179
2023-03-24,8.2,16.800000000000075,56.3,95.1,3,0,0.5612216936225513,24.066210943799994,34.69222430720001,42.37637185308749,52.262457916600006,64.9750632970578
2023-03-25,7.6,17.00000000000007,60.599999999999994,102.7,3,0,0.6043018025967324,24.435048650699997,35.310829772800005,43.541166313388075,54.49674074890001,69.08681535650955
2023-03-26,4.0,19.800000000000075,52.5,106.4,3,0,0.5777455710373056,20.677996429499995,30.627313664000006,38.037187860834955,47.782022228500004,60.59154680618456
2023-03-27,5.5,17.100000000000072,48.7,103.4,3,0,0.5806962634327975,19.706246014099996,28.981796198400005,35.96130284047285,45.191374824700006,57.373968543110735
2023-03-28,1.2,10.700000000000074,35.1,99.6,3,0,0.5854173712655845,14.901155377699997,24.031102156800003,31.117421880077536,40.7215984899,53.72943821646854
2023-03-29,0.9,7.600000000000074,28.6,100.1,3,0,0.49984729179632054,10.989013713099999,18.825654118400003,24.96762830554316,33.330429515700004,44.69824934086073
2023-03-30,0.0,2.1000000000000747,27.4,85.0,3,0,0.444964413240172,7.429607617599998,14.061943398400004,19.391552099342967,26.754677071200007,36.89508333890077
2023-03-31,5.0,5.900000000000075,24.200000000000003,80.5,3,0,0.4555869058639427,9.782661963799999,14.660416819200002,18.569078100198823,23.918768450600002,31.189022471227727
2023-04-01,3.1,8.100000000000074,19.7,80.3,4,0,0.3918519501213187,9.738831690399998,14.0337645056,17.426845793047654,22.0466711488,28.298917997302336
2023-04-02,11.0,19.100000000000072,26.7,79.2,4,0,0.40719555057787626,17.783285153399998,22.0981625856,25.576569638881637,30.423589905800007,37.16548777035116
2023-04-03,2.2,16.300000000000075,23.4,72.10000000000001,4,0,0.3369690715651701,14.416669903199997,18.998061772800003,22.325714077455466,26.7220677064,32.5975704800789
2023-04-04,36.0,49.200000000000074,58.2,93.3,4,0,0.5063388150664027,45.876987743,50.382405632,53.48061149284766,57.399904791000004,62.41729121786328
2023-04-05,3.7,41.90000000000008,61.00000000000001,89.60000000000001,4,0,0.5216824155229604,35.700901320499995,43.57642777600001,48.37102215155762,53.965200551500004,60.601478900016595
2023-04-06,1.1,40.80000000000007,62.1,89.5,4,0,0.47624175263238566,25.9352695374,35.370584217600005,41.13255960494999,47.75094907580001,55.37835178920468
2023-04-07,0.0,4.800000000000072,57.1,81.3,4,0,0.43493205909549965,18.120791646299995,28.167618355200005,34.72642637899863,42.557440040100005,51.89094987265839
2023-04-08,4.1,5.200000000000071,58.1,77.80000000000001,4,0,0.4355221975745981,16.759131379999996,26.537457920000005,33.44027545824218,42.08788544000001,52.85753913371092
2023-04-09,5.6,9.70000000000007,52.7,79.4,4,0,0.4656770858623721,17.331391965999998,26.829966336000005,34.02423413950586,43.479096896,55.814662177025376
2023-04-10,0.1,9.80000000000007,50.6,74.0,4,0,0.43389689476591503,12.090736751699996,21.027102156800005,28.036226996876362,37.4877950059,50.130244371982215
2023-04-11,0.0,5.70000000000007,14.6,72.8,4,0,0.42430956647172907,8.375948398999997,16.488821760000004,23.220482293888665,32.658112341,45.76764764174413
2023-04-12,0.0,0.100000000000071,10.9,71.89999999999999,4,0,0.42430956647172907,5.552441105399998,12.009941401600004,17.57179150205742,25.556838265800007,36.89315892803475
2023-04-13,2.2,2.2000000000000712,12.0,74.1,4,0,0.40601527361967954,6.024564218999998,11.571729920000003,16.702899087199217,24.434061871000004,35.93127971530858
2023-04-14,0.5,2.7000000000000712,12.5,69.6,4,0,0.3564436413754163,3.7002840568999993,5.891913369600001,7.609985667853319,9.938231840300002,13.080185916961518
2023-04-15,0.0,2.7000000000000712,8.4,66.5,4,0,0.3275268558995961,2.4856829976999992,4.316246220800002,5.740052521614647,7.654298427900001,10.210849945931443
2023-04-16,0.0,0.500000000000071,2.8000000000000003,55.5,4,0,0.30923256304754665,1.7089058209999992,3.334885376000001,4.662482798597655,6.505322301000001,9.041696815472653
2023-04-17,0.0,0.0,2.7,53.3,4,0,0.10209395688401825,1.1962340746999995,2.6679083008000006,3.963110378808007,5.854790070900001,8.58961197469902
2023-04-18,1.1,1.1000000000000711,3.8,18.4,4,0,0.08675035642746058,1.8215490001999999,2.794092492800001,3.661458764189843,4.9397294594000005,6.805309925086717
2023-04-19,1.5,2.600000000000071,5.300000000000001,16.200000000000003,4,0,0.08911091034385407,2.6168981607,3.1339785728000003,3.50974328525332,3.9931572489000002,4.61211756909746
2023-04-20,5.0,7.600000000000071,8.100000000000001,20.1,4,0,0.11861783429877265,6.82900396,7.4964454400000005,7.963594352031249,8.558973680000001,9.32163799671875
2023-04-21,6.1,12.60000000000007,13.7,26.2,4,0,0.13238645402149554,10.880302772,12.097156352,12.869055199226562,13.803076312,14.955556096882813
2023-04-22,6.4,17.50000000000007,20.1,28.5,4,0,0.17902268979612448,14.016211940399998,16.0777250816,17.338696919342578,18.822768680800003,20.60777829203867
2023-04-23,0.2,12.70000000000007,20.3,23.1,4,0,0.16238801904821093,9.9492038035,12.825956864000002,14.5047686918916,16.373399244500003,18.460168111112306
2023-04-24,5.4,12.000000000000073,25.700000000000003,28.4,4,0,0.1947656019884408,12.350318899999998,15.607078400000002,17.6306161859375,19.9617201,22.6377912359375
2023-04-25,0.8,6.400000000000071,25.4,29.2,4,0,0.18854912997182505,9.445223229999998,13.285662720000003,15.786023758046873,18.765548090000003,22.30590167414062
2023-04-26,11.8,18.00000000000007,35.7,41.0,4,0,0.2650080291336281,18.411656260999997,22.428530176000002,25.218120194339846,28.688993281000005,32.99060659043359
2023-04-27,11.3,23.90000000000007,42.0,50.10000000000001,4,0,0.3216933629355663,24.1881593827,29.242824140800007,32.735402165188866,37.1200939529,42.64107626091191
2023-04-28,4.5,27.600000000000072,40.400000000000006,54.10000000000001,4,0,0.34374492410453655,21.4006392905,27.776147712000004,32.10852999563574,37.524538273500006,44.350411814704096
2023-04-29,5.4,21.20000000000007,39.400000000000006,59.50000000000001,4,0,0.3690393619160025,20.338076215999997,27.459856896000005,32.39693888977929,38.649066786000006,46.63478581511132
2023-04-30,6.7,16.60000000000007,45.900000000000006,66.2,4,0,0.3906716731631219,20.7954157267,28.131014604800004,33.25302603460879,39.740767906900004,48.00936182816386
2023-05-01,9.2,21.300000000000068,49.7,75.4,5,0,0.43847288997008993,23.5844811068,31.049829171200006,36.26413826293906,42.83975263160001,51.15659840740156
2023-05-02,8.1,24.000000000000068,57.0,82.39999999999999,5,0,0.47742202959058255,24.428352615399998,32.252668569600004,37.66452133571758,44.42423535180001,52.866852075905854
2023-05-03,6.1,23.40000000000007,51.3,87.0,5,0,0.48273327590246784,23.194197325799998,31.880660019200004,38.075468254491796,46.0120761286,56.203762084262884
2023-05-04,3.2,17.40000000000007,43.2,85.2,5,0,0.46679953696681176,19.283401493599996,28.124707430400004,34.50102623287812,42.728004939200005,53.360394508162486
2023-05-05,4.3,13.600000000000067,43.0,83.4,5,0,0.45789418192038267,17.7757830256,26.713866598400006,33.46837277447382,42.4762616932,54.51338523136366
2023-05-06,0.2,7.700000000000069,37.8,77.2,5,0,0.454406628905746,12.309727324099997,20.304077926400005,26.324998887082224,34.31422993070001,44.922620086782615
2023-05-07,7.0,11.50000000000007,38.1,84.00000000000001,5,0,0.46384884457132,15.297612095499998,22.029934080000004,27.151568284969724,33.9427405645,42.9107616690498
2023-05-08,2.9,10.100000000000067,31.8,81.5,5,0,0.470340367841402,13.481214604799998,20.040763443200007,25.092898222691012,31.8794135276,40.9709073590246
2023-05-09,0.3,10.20000000000007,24.0,81.0,5,0,0.40837582753607304,9.584313588899999,15.752790169600004,20.565841705847458,27.108608598300002,35.98918251918612
2023-05-10,1.2,4.40000000000007,19.1,70.39999999999999,5,0,0.3487718411471375,7.719761095399997,13.082825113600002,17.361906940887497,23.261602189800005,31.378185900329676
2023-05-11,0.0,1.5000000000000693,15.9,59.099999999999994,5,0,0.3216254711086124,5.143955537699999,9.478417612800003,12.946376379819725,17.7276003219,24.30089676432011
2023-05-12,0.0,1.2000000000000692,11.6,54.599999999999994,5,0,0.2879875778000053,3.3719639246999993,6.713003212800002,9.409737247686913,13.1305449249,18.236082718273238
2023-05-13,1.1,1.1000000000000694,12.5,50.3,5,0,0.25493982297049644,3.2880648453999997,5.815420057600002,7.897342794055469,10.790551947800001,14.771983253005466
2023-05-14,4.5,5.600000000000069,10.0,48.1,5,0,0.2283835914110697,6.711253312099999,8.808738662400001,10.582743281056835,13.095725744700001,16.61742588479238
2023-05-15,5.4,11.00000000000007,12.5,44.3,5,0,0.21363012943361043,9.9764129614,11.9852819456,13.548771850233202,15.6868358778,18.61198575182773
2023-05-16,1.2,11.100000000000067,13.4,37.4,5,0,0.1746809898131179,8.177839568,10.766750720000001,12.677081191830077,15.248416602000002,18.76163907638867
2023-05-17,5.1,11.70000000000007,17.3,36.4,5,0,0.19592597506065929,10.6267550233,12.961781299200002,14.497398182670509,16.382825861100002,18.732398547900583
2023-05-18,0.7,7.000000000000069,18.0,33.9,5,0,0.17409085133401955,8.0568106941,10.7580399104,12.451852682681835,14.4333757987,16.759441496714256
2023-05-19,2.0,7.800000000000069,20.0,31.6,5,0,0.1853034824368886,7.6312932284,10.574219673600002,12.525012458977343,14.8854346868,17.741848340107026
2023-05-20,0.4,3.10000000000007,19.299999999999997,31.8,5,0,0.1463543428163961,5.708008229999999,8.730526720000002,10.810011304921874,13.378477090000002,16.536271596015624
2023-05-21,0.0,2.4000000000000696,14.8,24.8,5,0,0.1323093670138216,3.9956057609999993,6.984421376000002,9.188509609183594,12.040629381000002,15.70945801621484
2023-05-22,7.2,7.60000000000007,16.6,29.1,5,0,0.17900679066575867,9.996924032699997,12.787537100800002,15.010233167806051,18.036566442900003,22.123985115404096
2023-05-23,0.5,7.700000000000069,15.9,29.3,5,0,0.17511533869476392,7.466774545499998,10.611918080000002,13.04213634786035,16.349363514500002,20.859175226471674
2023-05-24,1.7,9.40000000000007,12.5,29.799999999999997,5,0,0.17586126677131467,6.799628319799998,9.706350643200002,11.899881076148045,14.845374182600002,18.821900238575385
2023-05-25,14.9,17.10000000000007,26.7,44.7,5,0,0.263791900156972,19.5072031894,22.085259929600003,23.951777131285937,26.377973187800002,29.547625754759373
2023-05-26,12.3,28.90000000000007,37.0,57.0,5,0,0.3298874098159896,25.9211452027,29.839358924800003,32.42276127638418,35.6217617409,39.65176013993535
2023-05-27,12.1,39.30000000000007,48.7,68.0,5,0,0.40203381194215376,30.1007392649,35.423878809600005,38.65528762278887,42.3813255223,46.715613742822846
2023-05-28,0.8,25.20000000000007,49.5,64.3,5,0,0.36789602055555115,21.850744217999996,29.063941120000003,33.51918239633203,38.699118062000004,44.760717198214834
2023-05-29,2.0,14.900000000000071,44.3,60.9,5,0,0.35496241747676877,17.239025902799998,25.036404531200006,30.097556228200776,36.1318493756,43.32520745982734
2023-05-30,1.8,4.600000000000071,45.6,61.50000000000001,5,0,0.34569065009003397,13.856019121999998,21.786173952000006,27.304173032234374,34.179193062,42.71945231114062
2023-05-31,6.0,9.800000000000072,49.900000000000006,62.400000000000006,5,0,0.3846051697999815,15.699213385399997,23.428939161600006,29.208547077399217,36.761273755800005,46.583479695583584
2023-06-01,0.0,7.800000000000071,35.0,61.7,6,0,0.3523126720217277,10.786067190499997,17.970057216000004,23.40976930453613,30.574661611500005,39.94339974828808
2023-06-02,1.4,7.400000000000071,24.1,61.1,6,0,0.35821405681271146,8.936123270899998,15.722358681600003,21.19986670668535,28.742856230300003,39.04686129125448
2023-06-03,0.1,1.500000000000071,12.1,60.8,6,0,0.3588041952918098,6.307265497299999,12.495350835200004,17.785200213303316,25.375817259100003,36.176665429986514
2023-06-04,0.0,1.500000000000071,11.3,60.8,6,0,0.31631422479672705,3.9941977270999987,8.396405350400004,12.183991556631053,17.642926775700005,25.446651763835344
2023-06-05,1.1,1.2000000000000712,10.4,54.7,6,0,0.3198550556713173,3.548493852699999,6.4964218368000015,9.034837649745505,12.689889284900001,17.909854823011518
2023-06-06,0.6,1.7000000000000712,9.2,54.8,6,0,0.2968396549864808,2.7421506455999998,4.497909862400001,5.897431709760937,7.801891231200001,10.36964511707656
2023-06-07,0.3,2.000000000000071,3.5,53.400000000000006,6,0,0.2207117911827909,2.1969074319999997,3.812428544000001,5.155317429824218,7.042759356000001,9.67217330983203
2023-06-08,0.0,0.900000000000071,3.5,38.5,6,0,0.1339614347553303,1.4813401525999996,2.835194470400001,3.98827100666914,5.641126540200001,7.99109076586367
2023-06-09,0.1,0.4000000000000711,2.2,26.3,6,0,0.08320952555287037,1.0860925619999997,2.1748820480000006,3.135656427855468,4.549392694000002,6.613809736941405
2023-06-10,3.7,3.8000000000000713,5.800000000000001,17.9,6,0,0.1009136799258215,4.290779644,4.795660544,5.184061537632813,5.702382784000001,6.390697614664062
2023-06-11,5.0,8.800000000000072,10.8,22.1,6,0,0.11861783429877265,8.0035457508,8.8365284352,9.406452306987891,10.1321445056,11.071162733930858
2023-06-12,8.4,17.100000000000072,18.1,28.5,6,0,0.1749307426007845,13.962935490700001,15.3188988928,16.119860294862693,17.0307802389,18.079372882300586
2023-06-13,2.8,16.20000000000007,20.3,29.5,6,0,0.1825718406248247,12.571230090999999,15.044381696000002,16.482193810199217,18.092834371000002,19.91553054426172
2023-06-14,16.4,27.60000000000007,36.4,39.9,6,0,0.3060602316961213,25.1998610637,28.4355053568,30.409864738669334,32.6835509339,35.31975401704863
2023-06-15,1.6,20.800000000000068,38.0,41.5,6,0,0.2883542678789903,19.2088304672,24.2302926848,27.231823183094136,30.6316495564,34.495155683033985
2023-06-16,2.2,20.20000000000007,40.099999999999994,42.3,6,0,0.29767008314449533,15.629232812099998,21.5198096384,25.228925063025578,29.5592775367,34.61115573533925
2023-06-17,2.7,6.500000000000071,39.1,44.9,6,0,0.2902468890511165,13.631988710999996,19.883635456000004,24.085523982269525,29.198746251000003,35.400976866800775
2023-06-18,8.5,13.400000000000071,42.6,53.4,6,1,0.3333677188485506,18.042392097699995,24.406908364800003,28.972695384929096,34.7788716259,42.13092802346073
2023-06-19,13.3,24.50000000000007,47.5,65.6,6,1,0.4189796622104352,25.926849715899998,32.8147892736,37.907103636755664,44.566116619300004,53.264507928363855
2023-06-20,7.7,29.50000000000007,52.4,72.7,6,0,0.44492267535040014,25.744278959,33.55454694400001,39.192602795181635,46.519394729000005,56.08595585676366
2023-06-21,6.5,27.50000000000007,42.5,78.9,6,0,0.46561926000861514,24.3797576468,32.80676664320001,38.82934035420078,46.624063055600004,56.787973367733585
2023-06-22,2.7,16.90000000000007,43.6,81.60000000000001,6,0,0.4809628604651727,19.528551143599998,28.043470182400007,34.051194304608586,41.732757853200006,51.61918440974452
2023-06-23,10.4,19.600000000000072,51.8,91.9,6,1,0.5205021385647636,23.9908927308,32.5341284352,38.79226682676328,46.98318243560001,57.761761759389834
2023-06-24,8.6,21.70000000000007,57.7,96.8,6,1,0.5405668468541083,24.930365503199997,32.866366156800005,38.344686571560935,45.16653777440001,53.65438786791093
2023-06-25,21.9,40.90000000000007,71.1,113.7,6,0,0.6202355415323884,39.306059812399994,48.02129423360001,54.17798453888163,61.99199849280001,71.91368937173398
2023-06-26,2.1,32.60000000000007,59.900000000000006,107.4,6,1,0.6161045721786997,29.5520973139,40.280812185600006,47.71816316849981,57.1257060753,69.10078363682284
2023-06-27,7.3,31.300000000000068,59.5,111.9,6,0,0.5772320423642218,27.9101998025,39.23473945600001,47.32887780150487,57.77170367950001,71.32915471903807
2023-06-28,9.8,19.20000000000007,62.8,105.3,6,1,0.6113834643459128,29.097035900099996,40.27511101440001,48.356113694383,58.83076657070001,72.47343299955995
2023-06-29,19.8,36.90000000000007,79.9,123.5,6,0,0.7140675597090295,39.792233048899995,50.592012185600005,58.28426706249394,68.1102666603,80.6865600577115
2023-06-30,40.7,70.30000000000007,110.2,162.0,6,0,0.9371399048082139,68.3370571925,80.346828544,88.72569408969629,99.3144160055,112.74195762269042
2023-07-01,44.5,105.00000000000009,146.1,203.8,7,1,1.1519503112000211,92.1523311229,108.0795306496,118.63715634802713,131.61656454430002,147.71306963650645
2023-07-02,10.6,95.80000000000008,134.79999999999998,205.9,7,0,1.1395468521729637,75.03036346879999,96.77371422720002,110.91002200410311,128.11347630160003,149.31082641873746
2023-07-03,2.5,57.60000000000007,135.2,195.1,7,0,1.1035589559139545,54.72748016919999,78.80227988480001,94.72602489834412,114.17587289440002,138.11842092972148
2023-07-04,35.3,48.40000000000007,163.2,222.7,7,1,1.275879391810679,73.36630740429999,97.41840593920001,114.12400128626228,135.0596510201,161.36336220578534
2023-07-05,2.2,40.00000000000007,155.6,218.4,7,1,1.2422414985020718,52.93779438769999,77.78323015680002,94.89385163826111,116.11762807990002,142.38285512617557
2023-07-06,4.0,41.50000000000007,139.8,219.7,7,0,1.2192260978172353,40.99713626909999,66.00109834240001,84.24633764340643,107.77364054770001,138.00636479746618
2023-07-07,3.3,9.500000000000073,102.4,212.6,7,0,1.1507700342418241,31.791788456599992,55.317047142400014,73.47220384520818,97.75092388020002,130.03526690115268
2023-07-08,9.5,16.80000000000007,67.4,213.5,7,0,1.1295250489942827,31.477426175599994,52.701370726400015,70.02200410588787,94.05878277920002,127.16588155155895
2023-07-09,5.8,18.600000000000072,62.599999999999994,197.4,7,0,1.1484094803254308,27.274897329899993,45.835087769600015,61.42059028405839,83.5490713873,114.7525960770611
2023-07-10,1.8,17.100000000000072,61.9,197.1,7,0,1.0911660478528888,19.742753867499996,34.097940992000005,45.99471348478221,62.802951736500006,86.44637284620603
2023-07-11,5.1,12.70000000000007,31.7,194.9,7,0,1.0351028923385435,17.662912849199998,27.60020167680001,35.43459546890273,46.10646597840001,60.580260407787875
2023-07-12,1.2,8.10000000000007,30.7,186.3,7,0,0.940680735682804,13.264615230499999,22.14199500800001,29.23253746255566,38.999827915500006,52.404635831471666
2023-07-13,7.2,13.500000000000073,33.9,173.7,7,0,0.7583279456414073,16.414611849099998,24.645160550400004,31.555470832320502,41.4281490237,55.48756169180213
2023-07-14,33.7,42.10000000000007,64.3,166.70000000000002,7,1,0.7140675597090295,44.19309066540001,49.62581980160001,53.57248373424492,58.67698518580001,65.27776965209728
2023-07-15,22.8,63.700000000000074,77.6,145.0,7,0,0.7931461159082113,53.673018911,62.26443264000001,67.9034874845586,74.84219409900001,83.49665990316797
2023-07-16,9.4,65.90000000000008,81.2,143.8,7,0,0.805539023969277,46.8581231381,58.78204938240001,66.33046674451191,75.36326092870002,86.32687915105606
2023-07-17,23.7,55.90000000000007,103.1,165.0,7,0,0.822032006029361,56.407469364499995,70.37130470400001,79.43121119851074,90.3762959835,103.73470329401661
2023-07-18,23.6,56.70000000000007,121.6,153.3,7,1,0.9544357638567748,62.81687706859999,78.87698903040001,89.24622267749726,101.6262212042,116.45996720655116
2023-07-19,4.1,51.40000000000007,124.5,155.20000000000002,7,0,0.9241876646256776,47.9079783036,66.5788209664,78.81741773069649,93.54126413120002,111.264294598641
2023-07-20,1.4,29.100000000000072,118.7,152.60000000000002,7,0,0.8811331388840797,34.88473926769999,54.46978324480001,68.04043114327871,84.9595165259,106.02335337807988
2023-07-21,4.2,9.70000000000007,89.2,153.5,7,0,0.8515794063193519,28.475255110399992,47.22821826560001,61.030307009649206,78.88530482880002,101.86862731906014
2023-07-22,1.7,7.300000000000071,68.1,145.70000000000002,7,0,0.8548222829618474,21.598781547399994,39.35372559360002,53.33951167299296,72.27836021780001,97.75671162602107
2023-07-23,3.4,9.300000000000072,62.09999999999999,143.29999999999998,7,0,0.8344558094450972,18.315764903899996,34.10988636160001,47.32108921079082,65.94003942730001,91.95797008220369
2023-07-24,8.1,13.200000000000069,46.49999999999999,149.60000000000002,7,0,0.8503895483807532,19.969093843599996,31.76939914240001,41.688258402889836,55.69557205320001,75.28263672576014
2023-07-25,51.1,62.60000000000007,74.0,195.6,7,0,1.1271644950778894,64.4343221228,74.0673879552,82.04628322348788,93.2761464136,108.9673026748371
2023-07-26,5.2,64.40000000000008,75.1,199.6,7,0,1.0982477096020693,50.03849875189999,63.44459304960001,73.0887213391619,85.8709544353,103.09081031225449
2023-07-27,11.7,68.00000000000007,85.39999999999999,204.1,7,0,0.9371399048082139,46.05748278619999,59.91090631680001,69.1594897554125,80.7201799614,95.44620433669218
2023-07-28,13.0,29.90000000000007,94.2,183.4,7,0,0.945401843515591,44.573596362699995,58.3946943488,67.13933034965956,77.41935077890001,89.54370235383183
2023-07-29,7.6,32.30000000000007,100.09999999999998,168.20000000000002,7,0,0.9324187969754268,38.685702601799996,53.87552133120001,63.86124573941366,75.84783409660001,90.21169578526288
2023-07-30,5.7,26.30000000000007,102.4,164.5,7,1,0.7783926539307517,32.740445286399996,48.650093209600016,59.70643471242461,73.47490087080001,90.56287928106599
2023-07-31,3.9,17.20000000000007,98.2,144.70000000000002,7,0,0.7289576599698115,26.699672095899995,42.36910300160001,53.82359700732987,68.5629613353,87.42004017221151
2023-08-01,4.4,14.000000000000073,51.49999999999999,125.5,8,0,0.7400244498175023,23.041749674799995,38.11274629120001,49.81537096885117,65.5139118536,86.43118536689568
2023-08-02,0.9,9.200000000000072,47.19999999999999,122.3,8,0,0.7238100666050241,16.933183187699996,31.02512481280001,42.573692348765036,58.67701397190001,80.9739205051404
2023-08-03,4.0,9.300000000000072,39.49999999999999,124.9,8,0,0.7058056210016521,15.624423279699997,27.950368972800007,38.59295582129042,53.98501720990001,76.07545527205252
2023-08-04,14.7,19.600000000000072,41.19999999999999,135.4,8,0,0.7890151465545225,24.193647773399995,31.573474457600007,37.443730386285935,45.4690471998,56.37622491336874
2023-08-05,3.4,22.100000000000072,36.99999999999999,137.1,8,0,0.7890151465545225,20.1886663119,28.100433817600006,34.20342392577129,42.5090145913,53.843981583660735
2023-08-06,28.9,47.00000000000007,60.19999999999999,162.6,8,1,0.8415374711942776,42.70157037699999,50.12406912000001,55.669479806119135,63.07857538300001,73.04656031538866
2023-08-07,40.7,73.00000000000007,97.0,195.2,8,0,0.8438980251106711,70.22388144019999,79.40339092480001,85.45969057877187,92.9378981234,102.31065208952032
2023-08-08,19.6,89.20000000000007,112.2,163.7,8,1,0.912504224560817,68.54203581889999,82.30666895360001,90.74449151896658,100.5941521663,112.2447187468326
2023-08-09,1.4,61.700000000000074,112.7,159.9,8,0,0.872224672107393,49.21841418129999,66.63330232320001,77.4106336863795,89.94726984110002,104.61968225583223
2023-08-10,3.4,24.400000000000073,112.1,151.6,8,0,0.8321400578677788,37.7427245798,56.28788254720001,68.43122845649374,82.99269694060001,100.45362408001091
2023-08-11,7.5,12.300000000000072,104.9,146.10000000000002,8,0,0.8074762839814114,33.7956180963,52.05785963520001,64.8002968089205,80.6592421101,100.29650034336152
2023-08-12,25.2,36.10000000000007,126.7,163.7,8,0,0.9650800888066988,48.831509894999996,66.74965094400002,80.10306532367578,97.479507303,119.94281208087888
2023-08-13,177.8,210.50000000000009,275.6,335.8,8,0,2.421121636609334,211.8690668269,230.77022402560004,245.1001079077615,264.13684281229996,289.35072371988144
2023-08-14,12.8,215.8000000000001,247.70000000000005,344.70000000000005,8,0,2.273230462747483,160.6931081628,195.83777873920005,218.24103797778866,245.3975854616,278.8817545270831
2023-08-15,4.1,194.7000000000001,232.2,344.4,8,0,2.0845211057961897,116.48913412929998,160.40515077120006,188.9355093063619,223.77232021910004,267.0019612073185
2023-08-16,5.8,22.700000000000085,236.6,349.3,8,1,2.0359777528893814,86.52604042089999,131.02100674560003,160.70551262496073,197.1182812783,242.14836560296345
2023-08-17,2.7,12.600000000000083,235.90000000000003,348.0,8,0,1.9598498890856915,62.118554031199984,103.14667617280003,131.2868974745492,165.9152406384,208.37235389581326
2023-08-18,1.1,9.600000000000083,229.50000000000003,334.40000000000003,8,0,1.9521780888574127,44.02933633379999,81.51280696320002,108.83512452828866,143.58961914860004,187.31849219195036
2023-08-19,8.1,11.900000000000084,212.4,339.1,8,0,1.7119917278643757,38.88098889879999,73.15992171520003,100.33423168296835,136.84250741760002,185.2143358674191
2023-08-20,6.3,15.500000000000083,40.9,316.5,8,0,1.6305183758468018,33.420650644499986,64.46286515200002,90.91472395576464,128.27274997950002,180.21791348063763
2023-08-21,18.1,32.500000000000085,46.2,293.9,8,0,1.699267360667709,41.28259901439999,68.86498575360002,93.90095732984452,130.9303866808,184.81649076231793
2023-08-22,8.8,33.20000000000009,50.9,283.1,8,0,1.6618299571410138,36.9859816826,61.18615920640002,83.65457874098163,117.85065132220002,169.28749535539487
2023-08-23,9.2,36.10000000000009,54.3,290.9,8,0,1.6954678504496208,30.067777250599995,39.05779773440001,45.302122838053904,53.27055954020001,63.567692791041395
2023-08-24,3.9,21.900000000000084,55.5,291.4,8,0,1.6553384338709318,24.5858757567,33.77184865280002,39.88681203678457,47.38041955290001,56.625475329238085
2023-08-25,29.0,42.10000000000008,83.39999999999999,312.9,8,0,1.5898330626910129,46.0942981776,55.577244774400015,62.09660517346991,70.2127959932,80.33938011189882
2023-08-26,30.0,62.90000000000008,105.3,317.7,8,0,0.7819334848053421,62.1021730799,73.83902556160001,81.64024285227323,91.1691814413,102.84973685872129
2023-08-27,8.9,67.90000000000008,107.9,148.8,8,0,0.8009626426755873,52.295252838699994,67.68131015680001,77.7626455327123,90.01083150890001,104.99066027984159
2023-08-28,5.3,44.20000000000008,95.1,141.29999999999998,8,0,0.8275821191648841,41.87560470969999,59.32693652480002,71.18168685803066,85.92620207390001,104.3825166326873
2023-08-29,3.4,17.600000000000087,89.7,140.6,8,0,0.7970990787254253,32.48411834509999,49.99181834240001,62.3097511541662,77.90928650170001,97.71362159322206
2023-08-30,3.6,12.300000000000086,84.1,138.4,8,0,0.8008179161364901,26.160923434699995,42.91699732480001,55.322979733694716,71.52168367890002,92.65589779635917
2023-08-31,4.4,11.400000000000086,84.60000000000001,140.1,8,0,0.8179319320303428,22.201366203599996,36.790125158400016,47.861106055073435,62.45843554520001,81.58596430632655
2023-09-01,1.9,9.900000000000086,57.50000000000001,140.9,9,0,0.7807532078471453,17.192378123399997,30.387207321600005,40.84944538861406,55.04422171780001,74.13778102571248
2023-09-02,4.1,10.400000000000086,31.6,136.9,9,0,0.7270506062491935,15.874787457299997,27.421923379200006,37.0107840603873,50.431957897100006,69.02251213343376
2023-09-03,0.9,6.900000000000086,23.6,131.5,9,0,0.6556438502782906,11.902185872999997,22.41877939200001,31.591356274400386,44.92891619100001,64.1363124637324
2023-09-04,0.9,5.900000000000085,19.2,114.3,9,0,0.6102031873877161,8.412351888999996,15.721172224000004,22.04329510735937,31.224349809000003,44.4661256026328
2023-09-05,2.6,4.400000000000086,18.4,108.1,9,0,0.5789258479955024,7.641220575299998,11.955712307200002,15.430568711033787,20.2415616251,26.8807111453498
2023-09-06,0.5,4.000000000000085,15.3,99.4,9,0,0.5240429694393538,5.597451431099999,9.108939622400001,11.863801205746288,15.614167345700002,20.707916828860736
2023-09-07,2.6,5.700000000000085,13.499999999999998,98.1,9,0,0.40719555057787626,6.368504119799999,9.318068531200002,11.640796681878514,14.8047548786,19.099215209454293
2023-09-08,7.8,10.900000000000086,19.4,76.89999999999999,9,0,0.2732341158225459,12.161911299199998,14.889382604800002,17.025304204838278,19.9387726944,23.90854885557109
2023-09-09,10.6,21.000000000000085,25.9,57.5,9,0,0.2856270238836118,19.0116468198,22.1249590272,24.362760718485937,27.2896530406,31.15766843153437
2023-09-10,5.4,23.80000000000008,30.4,54.0,9,0,0.27795522365533293,18.583863664299997,22.627520819200004,25.242099231613864,28.4265026001,32.365342477308786
2023-09-11,4.3,20.30000000000009,33.8,53.0,9,0,0.2921185471536939,17.255034267699997,22.198005708800004,25.381722978624413,29.2213633039,33.909475168890424
2023-09-12,1.6,11.300000000000086,32.8,51.2,9,0,0.2755946697389395,13.562709135299997,18.918170419200003,22.367279474033786,26.4696453691,31.359179959568554
2023-09-13,1.4,7.300000000000085,33.699999999999996,49.0,9,0,0.2632017616778736,10.868473622299998,16.437899571200003,20.235000589022064,24.9088702361,30.65235771627558
2023-09-14,0.5,3.5000000000000853,31.6,45.1,9,0,0.2543496844913981,8.082508763199998,13.553682892800003,17.522563536762107,22.604172616400003,29.08087658514726
2023-09-15,6.5,8.400000000000086,30.3,49.7,9,0,0.26910314646885736,12.084312569499996,17.063773440000002,20.88230555496191,25.937191410500002,32.57011671387011
2023-09-16,2.7,9.700000000000085,22.4,48.3,9,0,0.2814816925686205,11.144895036199998,16.2973316608,20.351522519547263,25.869133049400006,33.34224240855741
2023-09-17,0.2,9.400000000000086,17.2,47.6,9,0,0.2755946697389394,7.927982960599998,12.958692454400005,16.986920690329292,22.575655800200003,30.31841424610976
2023-09-18,0.0,2.9000000000000856,12.9,46.7,9,0,0.2578905153659883,5.329257378199999,9.529435340800003,12.903262232922264,17.598398387400003,24.132345407744914
2023-09-19,0.3,0.5000000000000853,11.6,44.4,9,0,0.259070792324185,3.731056400799999,6.785381939200002,9.180904211972265,12.442567083600002,16.879116581430857
2023-09-20,5.3,5.600000000000085,15.5,49.2,9,0,0.2750045312598411,7.759202846099999,10.148484966400002,12.040646796736523,14.6154467987,18.101981280472067
2023-09-21,1.1,6.7000000000000846,16.099999999999998,47.7,9,0,0.21363012943361048,6.409977635199999,8.757078988800002,10.487989838560935,12.754584826400002,15.722313377723435
2023-09-22,5.9,12.300000000000086,15.5,45.8,9,0,0.201827359851643,10.341788304800001,12.7338644992,14.49979231583164,16.8212408396,19.878218606055853
2023-09-23,5.9,12.900000000000086,18.700000000000003,41.1,9,0,0.21067943703811856,13.099705278499998,15.936767744,17.94919930237988,20.5509669395,23.946075960819332
2023-09-24,1.4,13.200000000000086,19.9,37.1,9,0,0.19297528266516742,10.555669932499999,14.095727104000002,16.558382204852535,19.7215310255,23.849403693159175
2023-09-25,0.7,8.000000000000085,20.6,33.5,9,0,0.18648375939508535,7.905360040899998,11.278649497600002,13.49494124590996,16.182968062300002,19.465143403451755
2023-09-26,0.7,2.800000000000085,21.0,32.6,9,0,0.18412320547869188,6.157483711399998,9.433009305600002,11.639139167303513,14.3232394678,17.575296497335543
2023-09-27,5.8,7.2000000000000846,21.5,37.0,9,0,0.21244985247541368,10.104589092999998,13.324932608000001,15.653893411339842,18.621179833,22.37678428462109
2023-09-28,0.6,7.100000000000085,21.000000000000004,37.1,9,0,0.1796553659942578,7.673212365099998,11.259946086400003,13.905809399638866,17.3590618497,21.857945070390034
2023-09-29,0.6,7.000000000000086,15.7,31.200000000000003,9,0,0.18160109197975516,5.9627743981,9.575744614400001,12.360875668390818,16.1185521327,21.185426735099018
2023-09-30,1.2,2.400000000000085,11.0,29.7,9,0,0.17409085133401955,5.224230196699999,8.291512524800002,10.663309975126367,13.858701186900003,18.15284962038066
2023-10-01,1.6,3.400000000000085,11.2,31.1,10,0,0.1835330669995935,5.2258888602999995,8.115098419200002,10.447251634082615,13.689284784100002,18.186596506199407
2023-10-02,9.5,12.300000000000086,20.0,40.6,10,0,0.2372356685975453,12.991461805299998,15.358571059200003,17.21860490335996,19.7631535091,23.244718739383003
2023-10-03,7.7,18.80000000000009,27.0,48.0,10,0,0.24962857665861107,16.6273628668,19.3533491712,21.1742551822457,23.4296353616,26.249934860907423
2023-10-04,34.2,51.40000000000009,55.400000000000006,76.9,10,0,0.5258152146011883,45.799607471899996,49.53235548159999,51.92249273883183,54.798522009299994,58.299206402928306
2023-10-05,10.6,52.50000000000009,65.4,86.4,10,0,0.5688167898863882,42.639951962899985,50.15072245760001,54.596306744968544,59.67459490030001,65.56513022531503
2023-10-06,3.9,48.70000000000009,68.7,84.39999999999999,10,0,0.5556300074042532,33.72819310659999,43.945416038400005,50.16904865018475,57.3630605022,65.7677578565824
2023-10-07,14.3,28.80000000000009,81.80000000000001,92.8,10,0,0.607217276838397,37.74589953019999,48.833562572800005,55.80181980748085,63.9044194994,73.30669571617068
2023-10-08,5.3,23.50000000000009,85.50000000000001,96.7,10,0,0.6346830949838992,31.705181156199995,44.3024255488,52.61342219375429,62.604770485399996,74.58211876681912
2023-10-09,1.4,21.000000000000085,77.4,97.4,10,0,0.5817720696637156,23.57667829439999,36.7775159296,46.003284222086705,57.5350863728,71.89377066493513
2023-10-10,22.0,28.700000000000085,91.70000000000002,118.7,10,0,0.7166757379915336,38.4697777762,51.2931637248,60.866542303564835,73.3631636074,89.58059780460232
2023-10-11,6.0,29.400000000000084,63.5,118.9,10,0,0.7452130524454952,32.88364840349999,46.862732288000004,57.42156191108495,71.4689617425,90.1435888115908
2023-10-12,0.0,28.000000000000085,52.9,118.3,10,0,0.6945929898987832,22.750202395899997,36.4701310976,46.93802078318534,61.009620387300004,79.94840844824665
2023-10-13,3.4,9.400000000000086,52.4,121.1,10,0,0.7075760364389473,19.107635735399995,31.74932367360001,41.78138475228398,55.6238343598,74.7407135936988
2023-10-14,4.5,7.900000000000086,42.599999999999994,124.4,10,0,0.7246900523328,16.909279663199996,26.22726190080001,33.28107241098867,42.63664827240001,55.02687459206131
2023-10-15,2.1,10.000000000000083,39.4,124.9,10,0,0.6668564813811596,13.637072000299998,21.943643187200006,28.302042863328708,36.77699198010001,48.028919306531435
2023-10-16,1.9,8.500000000000085,39.9,117.3,10,0,0.5535498933942724,11.335785053099997,19.036155238400006,25.188926256900583,33.6394468657,45.19239927817518
2023-10-17,3.3,7.300000000000085,21.2,112.9,10,0,0.46443898305041825,10.831109931099999,16.993473382400005,21.89528333629316,28.589400485700004,37.67084108315761
2023-10-18,7.9,13.100000000000083,23.1,86.6,10,0,0.44555455171927044,15.332065069799999,20.925695539200007,25.467556492843357,31.782464704600002,40.51399325103632
2023-10-19,6.2,17.400000000000084,29.3,82.2,10,0,0.4573573213012379,16.892899014,22.790232576000005,27.57179885283984,34.316068418,43.85006187355077
2023-10-20,2.1,16.200000000000085,28.000000000000004,80.4,10,0,0.3835900114139414,13.303583761999999,17.969954048000005,21.204792129417967,25.313535894000005,30.5853461166289
2023-10-21,0.8,9.100000000000083,24.299999999999997,66.89999999999999,10,0,0.3593943337709082,9.943023484,14.531718144000003,17.642826883960936,21.490111664000004,26.263657175367186
2023-10-22,0.0,2.9000000000000856,22.2,61.6,10,0,0.3552633644172196,6.960116438799998,11.625374515200004,14.996402851366796,19.341100497600003,24.95047431659882
2023-10-23,0.0,0.8000000000000853,20.299999999999997,60.2,10,0,0.22543289901557792,4.776039922499999,8.935227392000003,12.077569448903319,16.221483751500003,21.667245007358396
2023-10-24,0.4,0.4000000000000853,17.400000000000002,38.6,10,0,0.1923851441860691,3.6161140836999994,7.0649980928000025,9.779999212034568,13.430282395900003,18.28956653041777
2023-10-25,0.2,0.6000000000000854,9.7,32.800000000000004,10,0,0.1935654211442658,2.671960056299999,5.626512691200002,8.099563081113866,11.555029432100003,16.317740631496285
2023-10-26,0.6,1.2000000000000852,4.1,33.4,10,0,0.17704154372951142,2.416701742099999,4.897199206400002,7.110567250699413,10.337037452700002,14.96425341536855
2023-10-27,6.3,7.100000000000085,8.3,36.3,10,0,0.18648375939508535,7.8984743872999985,9.863424563200002,11.694296628770118,14.452694855100003,18.540208845113476
2023-10-28,1.6,8.500000000000085,9.1,33.400000000000006,10,0,0.18471334395779024,6.9057766244,8.642483609600001,9.98484434016289,11.852865692800002,14.483176582874606
2023-10-29,0.7,8.600000000000085,9.8,32.0,10,0,0.17763168220860978,5.358908982699999,6.948266956800001,7.9664963822259764,9.2057727949,10.746848730452928
2023-10-30,0.0,2.300000000000085,9.8,30.1,10,0,0.15815711239836353,3.691916485599999,5.333127782400001,6.358085675776562,7.552970791200001,8.952158721529687
2023-10-31,2.2,2.900000000000085,11.6,29.0,10,0,0.12451921908975634,4.76174352,6.380602880000001,7.446873300937499,8.71873096,10.2255612340625
2023-11-01,0.0,2.2000000000000854,11.400000000000002,21.1,11,0,0.08793063338565732,3.3332204639999996,5.104482304000001,6.329842305796875,7.846857864,9.714283172359371
2023-11-02,0.0,2.2000000000000854,10.8,14.9,11,0,0.08017049620849258,2.3332543247999995,4.083585843200002,5.380365959927343,7.0621720776000005,9.228569013741403
2023-11-03,0.0,0.0,4.500000000000001,12.8,11,0,0.07523473810589858,1.6219790173999993,3.2239190016000006,4.4945613042019525,6.216483493800001,8.527645787358981
2023-11-04,5.6,5.600000000000085,8.5,17.6,11,0,0.11025780584485134,6.729735807199998,8.157660364800002,9.381002227703515,11.125099456400001,13.581516110143356
2023-11-05,0.0,5.600000000000085,7.8,17.6,11,0,0.10636635387385661,4.693866550099999,6.4617037824,7.855727250943553,9.803382446700002,12.54319814109316
2023-11-06,0.3,5.900000000000085,8.1,17.9,11,0,0.10327423384221499,3.4077471781999993,4.792905676800001,5.737059415955468,6.9263700294,8.443995516836717
2023-11-07,6.9,7.200000000000085,12.8,24.4,11,0,0.14281351194180586,9.2402269849,10.5625258496,11.461501456616991,12.575847522300002,13.963816638213475
2023-11-08,9.2,16.400000000000084,22.0,33.4,11,0,0.1935654211442658,15.648385622,17.574858752,18.804464155085938,20.274187862,22.046509948835933
2023-11-09,0.0,16.100000000000083,22.0,32.8,11,0,0.16470087461243452,10.953869935399998,14.0598870016,15.983794531823044,18.246769075800003,20.944184451394136
2023-11-10,5.0,14.200000000000085,27.0,31.5,11,0,0.2004262405212313,12.605564399999999,16.011686400000002,18.1531016625,20.654999600000004,23.579753962499996
2023-11-11,0.8,5.800000000000085,22.2,30.7,11,0,0.1846479083786517,9.623895079999999,13.609349120000003,16.230136413124995,19.389499640000004,23.200766264374998
2023-11-12,0.0,5.800000000000085,22.200000000000003,30.0,11,0,0.1803039413227569,6.736726555999999,10.887479296000002,13.795615951156247,17.450549676,22.040727951156246
2023-11-13,0.0,0.8000000000000853,21.9,30.0,11,0,0.1803039413227569,4.715708589199998,8.709983436800002,11.726273558482811,15.705494708400003,20.93869155359843
2023-11-14,0.0,0.0,15.0,27.8,11,0,0.16405849718934723,3.142809872999999,6.366691328000002,8.864835860402343,12.182345973,16.53883011618359
2023-11-15,0.0,0.0,5.8,27.8,11,0,0.16405849718934723,2.199966911099999,5.093353062400002,7.535110481341991,10.964111375700002,15.711888610374409
2023-11-16,0.0,0.0,5.8,27.8,11,0,0.16405849718934723,1.5315025802999993,4.042470195200002,6.345781587838475,9.763096706100002,14.746673098084173
2023-11-17,0.0,0.0,0.8,27.8,11,0,0.13101074235983842,0.8771438843999996,2.4930942976000012,4.035480959711718,6.3809057988000015,9.878054562435151
2023-11-18,0.4,0.4000000000000853,0.4,22.6,11,0,0.13337129627623193,0.7541234899999999,1.4066329600000005,2.018914295820312,2.9349735700000004,4.275771993320311
2023-11-19,0.9,1.3000000000000853,1.3,23.500000000000004,11,0,0.13691212715082215,1.4278864429999998,2.0253063680000003,2.616077151447265,3.5414762130000006,4.961983393654295
2023-11-20,0.0,1.3000000000000853,1.3,23.200000000000003,11,0,0.09619257209303453,0.8582828856,1.0833741824000003,1.2392935570265624,1.4439363912000003,1.7201995277796873
2023-11-21,0.4,1.3000000000000853,1.7000000000000002,16.7,11,0,0.044260385932377834,0.9782,1.1808000000000003,1.2958999999999998,1.4206,1.5552000000000001
2023-11-22,0.0,0.4000000000000853,1.7000000000000002,7.5,11,0,0.044260385932377834,0.6847399999999999,0.9446400000000001,1.101515,1.2785400000000002,1.4774399999999999
2023-11-23,0.0,0.4000000000000853,1.7000000000000002,7.5,11,0,0.014753461977459265,0.4793179999999999,0.7557120000000002,0.93628775,1.150686,1.4035679999999997
2023-11-24,11.6,11.600000000000083,13.3,14.1,11,0,0.1383498078062476,11.9355226,12.204569600000001,12.395844587500001,12.6356174,12.933389599999998
2023-11-25,3.6,15.200000000000085,16.5,16.9,11,0,0.1812859550564624,11.954865819999998,13.363655679999999,14.136467899374999,14.972055659999999,15.88672012
2023-11-26,0.0,15.200000000000085,15.599999999999998,16.9,11,0,0.15549399342291956,8.368406074,10.690924544000001,12.01599771446875,13.474850094,15.092384113999998
2023-11-27,0.0,3.600000000000086,15.599999999999998,16.9,11,0,0.13945185816569533,5.857884251799998,8.552739635200002,10.213598057298437,12.127365084600001,14.337764908299999
2023-11-28,0.2,0.2000000000000852,15.4,17.099999999999998,11,0,0.12984373465896054,4.289219966299999,6.999242035200002,8.80280858696738,10.9751572001,13.581381887189645
2023-11-29,0.0,0.2000000000000852,15.4,17.099999999999998,11,0,0.11431718903803567,2.9770312039999993,5.502756864000001,7.305200335015624,9.563830884000001,12.363449547515621
2023-11-30,4.0,4.200000000000085,19.4,21.1,11,0,0.14400996541155145,6.0839218428,8.402205491200002,10.20942028476328,12.6074477956,15.74527707013984
2023-12-01,1.1,5.100000000000085,8.9,22.2,12,0,0.13295794234232075,5.34744628,7.7788147200000015,9.6992574803125,12.307231640000001,15.818518440937495
2023-12-02,0.0,5.100000000000085,5.300000000000001,21.8,12,0,0.13295794234232075,3.743212395999999,6.223051776000002,8.244368858265624,11.076508476000003,15.027592518890621
2023-12-03,0.0,1.1000000000000854,5.300000000000001,20.9,12,0,0.13295794234232075,2.6202486771999993,4.978441420800002,7.00771352952578,9.968857628400002,14.27621289294609
2023-12-04,8.6,8.600000000000085,13.9,29.5,12,0,0.17173029741762608,10.1065027852,11.3372126208,12.272813409744531,13.527301960399999,15.217053753133593
2023-12-05,3.7,12.300000000000086,17.4,32.8,12,0,0.1935654211442658,10.67286086,12.38322304,13.423143542656248,14.61932938,16.00074808421875
2023-12-06,0.0,12.300000000000086,17.4,32.8,12,0,0.1935654211442658,7.4710026019999995,9.906578432000002,11.409672011257811,13.157396442,15.200710680007811
2023-12-07,1.0,4.700000000000085,14.4,33.8,12,0,0.12202037589498345,6.229701821399999,8.925262745600001,10.698221209569141,12.841656797800002,15.440675146007418
2023-12-08,0.0,1.0000000000000853,13.3,22.2,12,0,0.1193378604438391,4.3551417699999995,7.118735360000002,9.054113147265625,11.487755430000002,14.548894000859372
2023-12-09,0.4,1.4000000000000852,13.7,19.0,12,0,0.12193216175783561,3.448599238999999,6.0949882880000015,8.095996175175781,10.738979887000001,14.221449300816401
2023-12-10,0.4,0.8000000000000853,14.1,19.4,12,0,0.11448686494508405,2.7010293676999995,4.846493900800001,6.494099131536522,8.6703681379,11.515429078822066
2023-12-11,0.1,0.9000000000000853,5.6000000000000005,19.5,12,0,0.11389672646598567,1.9596482799999995,3.8590835200000013,5.4034224170312495,7.519785040000001,10.381046991718746
2023-12-12,16.0,16.500000000000085,17.9,35.3,12,0,0.2083188831217251,17.371753796000004,19.087266816000003,20.592909054476564,22.767806536000002,25.86199464213281
2023-12-13,7.6,23.700000000000088,25.5,42.9,12,0,0.2814702986402968,19.760227657199998,22.869813452800003,25.103972696305078,28.0910258824,32.16889491002617
2023-12-14,0.5,24.100000000000087,25.0,39.4,12,0,0.24653981851923426,14.089230645899999,17.8724327936,20.1452569145291,22.783288709300002,25.911312487074802
2023-12-15,0.0,8.100000000000085,25.0,38.3,12,0,0.22602303749467623,9.757945609999997,13.900661760000002,16.39503308128906,19.21484961,22.40042018753906
2023-12-16,0.0,0.5000000000000853,24.6,38.3,12,0,0.22602303749467623,6.830561927,11.120529408000003,13.935778119095701,17.293364649,21.280399178162106
2023-12-17,0.0,0.0,24.2,38.3,12,0,0.1796412970597703,4.753145823999999,8.789049344000002,11.648536996890623,15.215349744000001,19.61764228001562
2023-12-18,0.0,0.0,24.1,29.699999999999996,12,0,0.1788989776504324,3.327202076799999,7.031239475200002,9.90125644735703,13.693814769600001,18.636760166014838
2023-12-19,0.1,0.1000000000000852,8.200000000000001,26.1,12,0,0.16019810613928404,2.417742443799999,5.682041907200002,8.437318218517186,12.284961916600002,17.565427382018743
2023-12-20,0.0,0.1000000000000852,0.6000000000000018,26.1,12,0,0.15760380482528752,1.6811207006999993,4.502683852800002,7.092970724003319,10.916994348900003,16.447661237222455
2023-12-21,0.0,0.1000000000000852,0.1000000000000017,25.1,12,0,0.15695522949678842,1.1739597379999993,3.5914096640000013,6.009337674968748,9.790427070000002,15.565404481437493
2023-12-22,0.0,0.0,0.1000000000000017,25.1,12,0,0.14576420433729773,0.3698114181999998,1.1551408128000005,1.9579465542718744,3.232529321400001,5.207343229551559
2023-12-23,0.0,0.0,0.1000000000000017,24.7,12,0,0.14340365042090422,0.04418680349999998,0.10806886400000004,0.16800909814160153,0.2593202445,0.39657532986230454
2023-12-24,0.0,0.0,0.1000000000000017,24.299999999999997,12,0,0.14281351194180586,0.016806999999999996,0.03276800000000001,0.04437053125,0.05904900000000001,0.07737809374999999
2023-12-25,0.0,0.0,0.1000000000000017,24.2,12,0,0.04839135528606644,0.011764899999999997,0.026214400000000013,0.037714951562499995,0.05314410000000001,0.07350918906249998
2023-12-26,0.0,0.0,0.0,8.2,12,0,0.003540830874590208,0.008235429999999997,0.020971520000000007,0.032057708828124996,0.04782969000000001,0.06983372960937498
2023-12-27,0.1,0.1000000000000852,0.1000000000000017,0.7,12,0,0.0012971506569982513,0.105764801,0.11677721600000002,0.12724905250390625,0.14304672100000002,0.16634204312890621
2023-12-28,0.0,0.1000000000000852,0.1000000000000017,0.2,12,0,0.0012971506569982513,0.0740353607,0.09342177280000002,0.10816169462832032,0.12874204890000002,0.1580249409724609
2023-12-29,0.0,0.1000000000000852,0.1000000000000017,0.2,12,0,0.001180276958196722,0.048999999999999995,0.06400000000000002,0.07225,0.08100000000000002,0.09025
2023-12-30,0.0,0.0,0.1000000000000017,0.2,12,0,0.001180276958196722,0.03429999999999999,0.051200000000000016,0.061412499999999995,0.0729,0.0857375
2023-12-31,0.0,0.0,0.1000000000000017,0.2,12,0,0.001180276958196722,0.024009999999999997,0.04096000000000001,0.052200624999999994,0.06561,0.081450625
2024-01-01,0.9,0.9000000000000853,1.0000000000000018,1.1,1,0,0.010734036812553653,0.916807,0.932768,0.94437053125,0.959049,0.9773780937500001
2024-01-02,0.0,0.9000000000000853,1.0000000000000018,1.0,1,0,0.010734036812553653,0.6417649,0.7462144,0.8027149515625001,0.8631441000000001,0.9285091890624999
2024-01-03,0.0,0.9000000000000853,0.9000000000000018,1.0,1,0,0.00920688118951506,0.44923542999999994,0.5969715200000002,0.682307708828125,0.7768296900000001,0.882083729609375
2024-01-04,0.2,0.2000000000000852,1.100000000000002,1.2,1,0,0.010091910788307082,0.5144648009999999,0.6775772160000001,0.7799615525039062,0.8991467210000001,1.037979543128906
2024-01-05,0.1,0.3000000000000853,1.2000000000000015,1.3,1,0,0.010117693609789155,0.4601253607,0.6420617728000001,0.7629673196283202,0.9092320489000001,1.0860805659724608
2024-01-06,0.0,0.3000000000000853,1.2000000000000015,1.3,1,0,0.008907832912054776,0.3192629999999999,0.5029120000000001,0.6288347812499999,0.783441,0.9719028437499998
2024-01-07,0.0,0.1000000000000852,1.2000000000000015,1.3,1,0,0.008907832912054776,0.22348409999999996,0.4023296000000002,0.5345095640624999,0.7050969000000001,0.9233077015624997
2024-01-08,0.0,0.0,0.3000000000000018,1.3,1,0,0.007782903941989507,0.15643886999999995,0.3218636800000001,0.45433312945312493,0.6345872100000001,0.8771423164843748
2024-01-09,0.0,0.0,0.3000000000000018,1.3,1,0,0.007782903941989507,0.10950720899999997,0.2574909440000001,0.3861831600351562,0.5711284890000001,0.833285200660156
2024-01-10,0.0,0.0,0.3000000000000018,1.2,1,0,0.007782903941989507,0.07665504629999997,0.2059927552000001,0.32825568602988275,0.5140156401000001,0.791620940627148
2024-01-11,0.0,0.0,0.1000000000000017,1.2,1,0,0.007081661749180436,0.02823575999999999,0.06815744000000003,0.10183036921875,0.14880348000000002,0.21317664828124994
2024-01-12,0.0,0.0,0.0,1.2,1,0,0.007081661749180436,0.01976503199999999,0.05452595200000002,0.0865558138359375,0.13392313200000003,0.20251781586718742
2024-01-13,0.0,0.0,0.0,1.2,1,0,0.007081661749180436,0.013835522399999994,0.04362076160000002,0.07357244176054686,0.12053081880000004,0.19239192507382802
2024-01-14,0.0,0.0,0.0,1.2,1,0,0.0017704154372950936,0.004035360699999998,0.013421772800000007,0.02316169462832031,0.03874204890000001,0.0630249409724609
2024-01-15,0.0,0.0,0.0,0.3,1,0,0.0017704154372950936,0.0,0.0,0.0,0.0,0.0
2024-01-16,0.2,0.2000000000000852,0.2000000000000018,0.5,1,0,0.002950692395491836,0.2,0.2,0.2,0.2,0.2
2024-01-17,3.5,3.7000000000000854,3.700000000000002,4.0,1,0,0.04412881800716515,3.64,3.66,3.67,3.68,3.69
2024-01-18,0.0,3.7000000000000854,3.700000000000002,3.8,1,0,0.04174347649326433,2.5479999999999996,2.9280000000000004,3.1195,3.312,3.5054999999999996
2024-01-19,0.0,3.5000000000000853,3.700000000000002,3.7,1,0,0.03580453795922497,1.7835999999999999,2.3424,2.651575,2.9808,3.330225
2024-01-20,0.0,0.0,3.700000000000002,3.7,1,0,0.0321106252355221,1.2485199999999996,1.8739200000000005,2.25383875,2.68272,3.1637137499999994
2024-01-21,0.0,0.0,3.700000000000002,3.7,1,0,0.02950993969521832,0.8739639999999999,1.4991360000000002,1.9157629374999996,2.4144479999999997,3.0055280624999994
2024-01-22,0.0,0.0,3.700000000000002,3.7,1,0,0.027465818145502113,0.6117747999999998,1.1993088000000003,1.6283984968749998,2.1730032,2.855251659374999
2024-01-23,0.1,0.1000000000000852,3.600000000000002,3.8,1,0,0.02672349873616422,0.5282423599999998,1.0594470400000005,1.4841387223437497,2.05570288,2.812489076406249
2024-01-24,0.0,0.1000000000000852,0.1000000000000017,3.8,1,0,0.02464586248296677,0.36976965199999984,0.8475576320000002,1.2615179139921873,1.8501325920000005,2.6718646225859364
2024-01-25,0.3,0.4000000000000853,0.4000000000000018,4.1000000000000005,1,0,0.026591588468464145,0.5588387563999999,0.9780461056000003,1.3722902268933592,1.9651193328000003,2.8382713914566393
2024-01-26,0.0,0.3000000000000852,0.4000000000000017,4.1000000000000005,1,0,0.025294437811465897,0.38553762449999995,0.7609620480000002,1.1270718119912106,1.6988717115000003,2.576610434036132
2024-01-27,0.0,0.3000000000000852,0.4000000000000017,4.1000000000000005,1,0,0.024195677643033205,0.17100999999999997,0.23296000000000006,0.26895062499999994,0.30861,0.352200625
2024-01-28,0.0,0.0,0.4000000000000017,4.1000000000000005,1,0,0.024195677643033205,0.11970699999999998,0.18636800000000006,0.22860803124999995,0.277749,0.33459059374999994
2024-01-29,0.0,0.0,0.4000000000000017,4.1000000000000005,1,0,0.023015400684836464,0.08379489999999998,0.14909440000000002,0.19431682656249996,0.2499741,0.3178610640624999
2024-01-30,1.4,1.4000000000000852,1.7000000000000015,5.3,1,0,0.016697390597305708,1.45865643,1.51927552,1.565169302578125,1.6249766900000002,1.701968010859375
2024-01-31,5.1,6.500000000000085,6.800000000000001,6.8999999999999995,1,0,0.07752359920177666,6.1210595009999995,6.315420416,6.430393907191406,6.562479021,6.716869610316406
2024-02-01,7.8,14.300000000000086,14.3,14.7,2,0,0.15385452764660293,12.0847416507,12.8523363328,13.265834821112696,13.7062311189,14.181026129800586
2024-02-02,0.8,13.700000000000085,15.1,15.5,2,0,0.1401491914403946,9.256494403,11.071131648000001,12.056272157511717,13.100740163,14.212101129386717
2024-02-03,0.2,8.800000000000086,15.3,15.7,2,0,0.12900059352481147,6.679546082099999,9.056905318400002,10.44783133388496,11.9906661467,13.70149607291738
2024-02-04,9.2,10.200000000000085,24.5,24.9,2,0,0.19476560198844078,13.867207999999998,16.413312,18.0215943125,19.886996,22.036800187499995
2024-02-05,15.8,25.200000000000085,40.3,40.7,2,0,0.29915472196317117,25.507045599999998,28.930649600000002,31.118355165624997,33.698296400000004,36.73496017812499
2024-02-06,1.1,26.100000000000087,40.0,41.7,2,0,0.2969277637351575,18.95493192,24.244519680000003,27.550601890781245,31.42846676,35.998212169218746
2024-02-07,2.6,19.500000000000085,37.5,44.3,2,0,0.2853731445396152,15.868452343999998,21.995615744000006,26.018011607164063,30.885620084000003,36.79830156075781
2024-02-08,3.4,7.100000000000085,33.1,47.4,2,0,0.3074247057085855,14.507916640799998,20.996492595200003,25.515309866089453,31.197058075600005,38.358386482719915
2024-02-09,0.0,6.000000000000085,32.300000000000004,47.4,2,0,0.2983446511095978,10.115995113699999,16.646870220800004,21.41238922009902,27.589202451900004,35.60223544365019
2024-02-10,0.0,3.400000000000085,32.1,47.4,2,0,0.27972563909262804,6.9371342025999985,12.769887846400003,17.196471374946483,23.052022162200004,30.768565281351947
2024-02-11,0.0,0.0,22.9,47.4,2,0,0.27972563909262804,4.635663247599998,9.378391654400003,13.081380314846873,18.027128113200003,24.559988891224993
2024-02-12,0.0,0.0,7.1,47.4,2,0,0.26910314646885736,3.2223662533999993,7.416813977600003,10.961673744147262,15.945472549800002,22.85299989527304
2024-02-13,0.0,0.0,6.0,46.0,2,0,0.23841594555574203,2.2500068723999993,5.911976345600003,9.27804780165703,14.281189606800003,21.59060251266171
2024-02-14,0.0,0.0,3.4,40.9,2,0,0.1953358365815609,1.3151275815999994,3.741738598400002,6.075096111473827,9.645228997200002,15.002692546035544
2024-02-15,0.0,0.0,0.0,33.099999999999994,2,0,0.1894344517905772,0.4742784136999999,1.2968787968000006,2.0532161061693355,3.171586743900001,4.792514278767381
2024-02-16,0.1,0.1000000000000852,0.1,32.4,2,0,0.19002459026967555,0.4009226121999999,1.0193914368000005,1.6286718454691407,2.570881785400001,3.9942779316667956
2024-02-17,6.5,6.600000000000085,6.6,38.7,2,0,0.16464863566844562,6.7072022638,7.036340275200001,7.372497617362891,7.907229662600001,8.73784799306367
2024-02-18,0.9,7.500000000000085,7.5,30.4,2,0,0.08825763601433034,5.499,6.164000000000001,6.497249999999999,6.831,7.16525
2024-02-19,10.2,17.600000000000087,17.7,24.799999999999997,2,0,0.1800456765949595,14.049299999999999,15.1312,15.722662499999998,16.3479,17.0069875
2024-02-20,33.6,44.70000000000009,51.3,57.3,2,0,0.5223897915442799,43.43451,45.70496,46.964263125,48.31311,49.756638125
2024-02-21,38.2,82.00000000000009,89.5,92.9,2,0,0.8563376034903949,68.604157,74.763968,78.11962365625,81.68179900000001,85.46880621875
2024-02-22,32.1,103.90000000000008,121.6,121.6,2,0,1.0628832839895614,80.12290990000001,91.91117440000001,98.50168010781249,105.61361910000001,113.29536590781248
2024-02-23,4.6,74.90000000000009,126.1,126.2,2,0,1.0008085262349748,60.68603693,78.12893952000002,88.32642809164062,99.65225719,112.23059761242187
2024-02-24,2.7,39.40000000000008,122.3,128.9,2,0,0.9375729411737929,45.18022585099999,65.20315161600001,77.77746387789452,92.38703147100001,109.31906773180077
2024-02-25,0.0,7.300000000000085,121.4,128.9,2,0,0.9011757629362028,31.626158095699992,52.16252129280002,66.11084429621035,83.1483283239,103.85311434521073
2024-02-26,0.0,2.7000000000000854,111.2,128.9,2,0,0.8353650231068739,22.135485914499995,41.71927961600001,56.17453021134472,74.79862764750001,98.60058493402634
2024-02-27,0.0,0.0,77.60000000000001,128.9,2,0,0.7932076267544307,15.311231228299995,32.67749150720001,46.46866705142831,65.05235502210002,89.77876558227557
2024-02-28,0.0,0.0,39.400000000000006,128.9,2,0,0.7873704487979385,10.692439087399997,26.045356441600013,39.321180029807415,58.23330892380001,84.75096405784724
2024-02-29,5.0,5.000000000000085,12.300000000000008,133.9,2,0,0.7600983610787024,12.196582607199996,24.741068492800007,36.414884101060935,53.85345794240001,79.4062990747234
2024-03-01,0.0,5.000000000000085,7.700000000000007,133.8,3,1,0.7488857299758334,7.5884909883999985,16.185082265600006,24.337671500053514,36.75251656080001,55.31842296257771
2024-03-02,24.2,29.200000000000085,29.200000000000006,151.5,3,0,0.8887485495221473,28.4328882407,33.0463720448,37.36641852922988,43.95774849290001,53.88075073554276
2024-03-03,9.5,33.70000000000009,38.7,160.1,3,0,0.8497994099016548,28.4962762192,32.490386380800004,34.9417873705082,37.8693957164,41.46725744921367
2024-03-04,16.0,49.70000000000009,54.7,165.9,3,0,0.7801630693680469,35.8174547389,41.4983878656,44.79489700496464,48.47853532030001,52.63970465625644
2024-03-05,0.2,25.700000000000085,54.900000000000006,132.5,3,0,0.5441076777286985,25.19595,33.1088,37.74410156249999,42.889250000000004,48.59112968749999
2024-03-06,2.1,18.30000000000009,57.00000000000001,96.4,3,0,0.4384333897575291,19.737164999999997,28.587040000000002,34.182486328124995,40.700325,48.261573203124996
2024-03-07,33.4,35.70000000000009,85.4,97.7,3,0,0.6339407755745613,47.21601549999999,56.269632,62.45511337890624,70.0302925,79.24849454296873
2024-03-08,3.8,39.300000000000075,89.2,96.9,3,0,0.6621489131294012,36.851210849999994,48.8157056,56.88684637207031,66.82726325,79.0860698158203
2024-03-09,0.3,37.500000000000085,65.3,94.5,3,0,0.6129036854316736,26.095847594999995,39.352564480000005,48.65381941625975,60.444536925,75.43176632502927
2024-03-10,0.0,4.100000000000085,55.8,94.5,3,0,0.5804749190067174,18.125855691999995,30.945180672000014,40.371374482117176,52.656691032,68.66649331258591
2024-03-11,5.7,6.000000000000085,45.50000000000001,100.2,3,0,0.6174437127311675,18.3880989844,30.456144537600007,40.0156683097996,53.091021928800004,70.93316864695662
2024-03-12,0.9,6.600000000000086,46.20000000000001,101.1,3,0,0.5966300023684534,13.088079186499996,22.666460416000003,30.148957478284174,40.243901485500004,53.79707628504002
2024-03-13,0.1,6.700000000000085,44.2,101.2,3,0,0.5677132168926332,8.993303943999997,17.213113600000007,23.856307015304683,33.00706615600001,45.519221548023424
2024-03-14,0.0,1.0000000000000853,10.800000000000008,96.2,3,0,0.5677132168926332,5.843352362399999,12.052503961600005,17.127870493557417,24.127504498800004,33.663469442808186
2024-03-15,0.0,0.1000000000000852,7.000000000000007,96.2,3,0,0.4207687355971388,4.084697148699998,9.620528332800003,14.51931503865566,21.645018360900004,31.86054858282011
2024-03-16,0.0,0.0,6.700000000000007,72.0,3,0,0.3688365494364821,2.7999682017999987,7.470936883200002,11.927981533741795,18.748291800600004,29.0101735812785
2024-03-17,0.0,0.0,6.700000000000007,62.49999999999999,3,0,0.2744143927807427,1.0165104095999995,2.390451814400001,3.5631791987003893,5.227602721200001,7.561851131652731
2024-03-18,0.0,0.0,1.000000000000007,46.49999999999999,3,0,0.2732341158225459,0.6042166920999997,1.5043395584000008,2.2805795824005854,3.379864376700001,4.9085582059642565
2024-03-19,0.0,0.0,0.1000000000000071,46.29999999999999,3,0,0.2608412077614802,0.4144774269999999,1.1712593920000005,1.8794303237382808,2.9372744070000008,4.48350921389453
2024-03-20,0.4,0.4000000000000853,0.4000000000000071,44.6,3,0,0.06609550965901757,0.6901341988999998,1.3370075136000006,1.997515775177539,3.0435469663000005,4.659333753199803
2024-03-21,0.0,0.4000000000000853,0.4000000000000071,11.2,3,0,0.04367024745327946,0.3220830472999999,0.45757317120000013,0.575704304158789,0.7517251611000002,1.0135665118810544
2024-03-22,1.2,1.6000000000000854,1.6000000000000072,8.6,3,0,0.0489814937651648,1.4000353607,1.4694217727999999,1.5121616946283203,1.5627420489000001,1.6240249409724608
2024-03-23,9.3,10.500000000000083,10.900000000000007,17.6,3,0,0.12523042947979307,10.2772,10.4648,10.565650000000002,10.671600000000002,10.78295
2024-03-24,5.0,15.500000000000083,15.900000000000007,22.6,3,0,0.1705519182439087,12.194040000000001,13.371840000000002,13.9808025,14.60444,15.243802500000001
2024-03-25,2.9,17.200000000000085,18.800000000000008,19.8,3,0,0.17595372939961945,11.435828,13.597472000000002,14.783682124999999,16.043996,17.381612375
2024-03-26,7.1,15.000000000000083,25.90000000000001,26.0,3,0,0.22293948377805228,15.1050796,17.977977600000003,19.666129806249998,21.5395964,23.61253175625
2024-03-27,8.1,18.100000000000087,33.60000000000001,34.0,3,0,0.2731777274643065,18.67355572,22.48238208,24.816210335312498,27.485636760000002,30.5319051684375
2024-03-28,1.7,16.900000000000084,35.30000000000001,35.7,3,0,0.26203875149627653,14.771489003999996,19.685905664000003,22.793778785015622,26.437073084,30.70530991001562
2024-03-29,0.9,10.700000000000085,35.00000000000001,36.6,3,0,0.2598117932682628,11.240042302799997,16.648724531200003,20.27471196726328,24.6933657756,30.07004441451484
2024-03-30,10.1,12.700000000000085,35.80000000000001,46.7,3,0,0.30029037709509515,17.956730602,23.376029952000003,27.254755410437497,32.18455782200001,38.42704741809374
2024-03-31,2.3,13.300000000000086,33.10000000000001,49.0,3,0,0.31520760965057504,14.869711421399998,21.000823961600005,25.46654209887187,31.266102039800003,38.805695047189054
2024-04-01,0.6,13.000000000000083,30.800000000000004,49.6,4,0,0.3113161576795803,10.974900965099998,17.271810150400007,22.010311498832223,28.321077707700006,36.74692596774354
2024-04-02,0.1,3.0000000000000853,23.800000000000004,49.7,4,0,0.29093827019549706,7.5197286939999985,12.918868224000004,16.97783281363867,22.346260444000002,29.441326134439443
2024-04-03,1.2,1.9000000000000852,16.900000000000006,50.5,4,0,0.2980199319446775,6.322572461299998,10.998223667200001,14.646785869889253,19.568242199100002,26.175575131525576
2024-04-04,0.2,1.500000000000085,15.400000000000007,50.7,4,0,0.2850368854045134,4.543882900699999,8.687193804800001,12.078832216817773,16.800250502900003,23.330459251158
2024-04-05,5.5,6.900000000000086,20.000000000000007,55.0,4,0,0.2696932849479557,8.4801606037,11.687398348800002,14.369199113475975,18.1446085279,23.41290402000761
2024-04-06,7.5,13.200000000000085,17.400000000000006,53.2,4,0,0.28444674692541505,13.207307470899998,15.980187801600003,18.119136571294725,21.0058523103,24.892489611176366
2024-04-07,4.0,17.000000000000085,19.100000000000005,52.2,4,0,0.26733273103156224,13.197094437299999,16.6016141312,19.06657959822129,22.312513731100005,26.6300123339123
2024-04-08,0.0,11.500000000000083,18.500000000000007,49.3,4,0,0.24844829970041432,9.2125433337,13.1846545408,16.029405694581442,19.767451761900002,24.759648471902146
2024-04-09,4.7,8.700000000000085,23.10000000000001,46.9,4,0,0.2289737298901681,10.8634803321,14.163244390400003,16.33656335655293,18.9690543407,22.17442296199941
2024-04-10,0.0,4.700000000000085,21.90000000000001,38.8,4,0,0.21717096030820066,7.539466925199999,11.083634892800001,13.433267723086328,16.270188494400003,19.68860685365117
2024-04-11,4.8,9.500000000000083,26.500000000000007,41.9,4,0,0.24195677643033225,10.060678332699998,13.602483404800001,16.100152922018943,19.233962580900002,23.144934347425583
2024-04-12,1.2,6.000000000000085,22.200000000000006,42.2,4,0,0.1894344517905772,8.239650080399999,12.071249305600002,14.86544254328203,18.4756984788,23.127813936130465
2024-04-13,0.1,6.100000000000085,14.800000000000008,32.199999999999996,4,0,0.18160109197975516,5.833858026399999,9.628150425600003,12.499376876580857,16.309714502800002,21.352938912237885
2024-04-14,0.0,1.3000000000000853,10.800000000000008,29.9,4,0,0.1803039413227569,4.078051113499999,7.681045504000002,10.585095464225585,14.609007364500002,20.165544578778313
2024-04-15,0.7,0.8000000000000852,11.500000000000009,30.0,4,0,0.17645140525041303,3.3992743924999997,6.254278400000002,8.614521920717772,11.930375207500003,16.564214184028316
2024-04-16,4.5,5.200000000000085,11.300000000000008,34.4,4,0,0.19592597506065929,6.667635638,8.698116352000001,10.345785600054686,12.622249386,15.745476430539059
2024-04-17,1.1,6.300000000000086,12.400000000000007,34.3,4,0,0.20123722137254463,5.654354847,7.6289963520000015,9.106420142683593,11.065310687,13.663254852058591
2024-04-18,0.0,5.600000000000085,7.600000000000007,34.1,4,0,0.16877960502213418,3.9580483928999994,6.103197081600001,7.740457121281054,9.958779618300001,12.980092109455661
2024-04-19,1.1,2.2000000000000854,7.500000000000007,29.700000000000003,4,0,0.13101074235983842,3.7378705079999994,5.477899008000001,6.754078852687499,8.424112988000001,10.617023889562498
2024-04-20,0.1,1.2000000000000854,7.500000000000007,22.3,4,0,0.10799534167500195,2.7165093555999995,4.4823192064000015,5.840967024784375,7.6817016892000005,10.186172695084373
2024-04-21,0.0,1.2000000000000854,7.500000000000007,18.3,4,0,0.10799534167500195,1.7659684293999995,3.070459289600001,4.01982483023125,5.2398750078,6.802926751985935
2024-04-22,0.1,0.2000000000000852,6.9000000000000075,18.4,4,0,0.08084897163647686,1.3022808706999998,2.4275184128000005,3.2806018204876946,4.397473378900001,5.8442960873005845
2024-04-23,4.8,4.900000000000085,7.200000000000007,18.5,4,0,0.10917561863319869,5.7087718569999995,6.7312773120000005,7.568824106980468,8.722858197,10.292207589011717
2024-04-24,1.5,6.400000000000085,7.600000000000007,20.0,4,0,0.09015197066137845,5.4961402998999995,6.885021849600001,7.933500490933398,9.3505723773,11.27759720956113
2024-04-25,0.0,6.300000000000085,7.600000000000007,15.2,4,0,0.08561194336188459,3.8275249424999993,5.432855552000001,6.605663334254881,8.1714402315,10.29460149161621
2024-04-26,0.0,1.5000000000000853,6.500000000000007,14.0,4,0,0.0820292485946736,2.5521535976999994,3.863100620800001,4.728879014583398,5.785243227900001,7.085555190462694
2024-04-27,0.6,0.6000000000000852,7.000000000000007,14.5,4,0,0.08557007946926383,2.355435241,3.572368896000001,4.402985317621093,5.423172621,6.672666797777342
2024-04-28,0.0,0.6000000000000852,7.000000000000007,14.5,4,0,0.08143911011557524,1.6488046686999995,2.8578951168000004,3.7425375199779296,4.8808553589,6.339033457888475
2024-04-29,0.0,0.6000000000000852,6.900000000000007,13.8,4,0,0.05122003924431471,1.1230909906999995,2.1682044928000006,2.9645950472064446,4.009223538900001,5.363471151831835
2024-04-30,0.0,0.0,2.100000000000007,9.3,4,0,0.04839135528606643,0.7833389409999997,1.7238261760000007,2.500218349691406,3.5734333410000003,5.035423900316404
2024-05-01,0.0,0.0,0.6000000000000071,8.2,5,0,0.04839135528606643,0.5483372586999997,1.3790609408000005,2.125185597237695,3.216090006900001,4.783652705300584
2024-05-02,0.0,0.0,0.6000000000000071,8.2,5,0,0.04475169766643967,0.3810113285999998,1.0925113344000006,1.7867203172179684,2.8596131622000005,4.484596376111718
2024-05-03,0.0,0.0,0.6000000000000071,7.1,5,0,0.041309693536885975,0.13111981049999993,0.35861299200000013,0.5737151287998046,0.8999953335000002,1.3864292489619134
2024-05-04,0.0,0.0,0.0,7.0,5,0,0.041309693536885975,0.04941257999999998,0.12582912000000004,0.19234625296874994,0.28697814000000005,0.4190023776562498
2024-05-05,0.0,0.0,0.0,7.0,5,0,0.0407195550577876,0.03458880599999998,0.10066329600000005,0.16349431502343748,0.25828032600000006,0.39805225877343736
2024-05-06,3.5,3.5000000000000853,3.500000000000007,10.4,5,0,0.04174347649326433,3.5242121642,3.5805306368,3.638970167769922,3.7324522934,3.8781496458347653
2024-05-07,8.2,11.700000000000085,11.700000000000006,13.8,5,0,0.139542478563198,10.65,11.000000000000002,11.175,11.350000000000001,11.525
2024-05-08,8.1,19.80000000000008,19.800000000000004,20.4,5,0,0.2025513861693294,15.555,16.900000000000002,17.598750000000003,18.315,19.04875
2024-05-09,9.4,25.700000000000085,29.200000000000006,29.8,5,0,0.2678943591077829,20.2885,22.92,24.3589375,25.8835,27.4963125
2024-05-10,1.1,18.600000000000087,30.300000000000008,30.9,5,0,0.2554717636471756,15.301949999999998,19.436000000000003,21.805096875,24.39515,27.221496875
2024-05-11,6.0,16.500000000000085,36.3,36.3,5,0,0.276550292000903,16.711364999999997,21.548800000000004,24.534332343749995,27.955635000000004,31.860422031249996
2024-05-12,2.9,10.000000000000083,39.2,39.2,5,0,0.2909892084604544,14.597955499999998,20.13904,23.754182492187496,28.060071500000003,33.167400929687496
2024-05-13,9.4,18.30000000000009,45.10000000000001,48.6,5,0,0.3347860536113901,19.61856885,25.511232000000007,29.591055118359375,34.654064350000006,40.909030883203116
2024-05-14,0.0,12.300000000000086,36.900000000000006,48.6,5,0,0.31520760965057504,13.732998194999999,20.4089856,25.152396850605466,31.188657915000004,38.863579339042964
2024-05-15,1.7,11.100000000000083,30.50000000000001,50.3,5,0,0.3262333902350602,11.313098736499999,18.027188480000007,23.079537323014648,29.7697921235,38.62040037209081
2024-05-16,1.6,3.300000000000085,22.700000000000006,51.9,5,0,0.3139104589935768,9.420302778399998,15.645941145600005,20.528546309369922,27.172438370800005,36.19380106615195
2024-05-17,0.4,3.7000000000000854,22.000000000000007,52.3,5,0,0.30864242456844826,6.762582240699999,12.036284620800004,16.234894247370505,21.996031324900002,29.87446811108964
2024-05-18,1.2,3.200000000000085,17.200000000000006,53.5,5,0,0.3157240863176287,5.705002616799998,9.959296819200002,13.404977435105076,18.172132827600002,24.73097549770429
2024-05-19,6.1,7.7000000000000846,20.40000000000001,59.6,5,0,0.33106768677418635,9.8279750977,13.058120140800003,15.643611419036523,19.1773422079,23.966299493978312
2024-05-20,1.0,8.300000000000084,12.000000000000009,57.1,5,0,0.2649721771151688,7.848510290999999,11.328384512000001,14.080507861406247,17.876061703000005,23.109373886117183
2024-05-21,2.2,9.300000000000086,14.200000000000006,51.1,5,0,0.2342849762020534,7.5244720542999985,10.618462515200001,12.987185256150976,16.1963848921,20.56148355638105
2024-05-22,2.4,5.600000000000085,14.900000000000007,45.400000000000006,5,0,0.21126957551721698,7.585212615799998,10.5833848832,12.868171695140234,15.965578926600003,20.1970722547707
2024-05-23,1.3,5.900000000000086,14.600000000000009,37.3,5,0,0.21363012943361043,6.344122096999999,8.757390592,10.387326540066406,12.391443697,14.859091413191402
2024-05-24,0.0,3.7000000000000854,14.200000000000008,36.2,5,0,0.1735007128549212,4.440885467899999,7.0059124736000005,8.829227559056443,11.1522993273,14.116136842531832
2024-05-25,0.8,2.100000000000086,13.800000000000008,31.000000000000004,5,0,0.13868254258811727,3.8605990351999995,6.222193868800002,7.97015693781875,10.244316046400002,13.192477203699998
2024-05-26,1.7,2.5000000000000853,9.400000000000007,29.800000000000004,5,0,0.12038824973606774,4.3572232848,6.505956403200001,8.15963435020078,10.3619989376,13.27487424073359
2024-05-27,7.7,10.200000000000085,16.10000000000001,28.1,5,0,0.16582891262664232,10.7387572894,12.8618154496,14.556939435934375,16.886327667800003,20.07163575300156
2024-05-28,9.0,18.400000000000084,22.90000000000001,37.1,5,0,0.20890902160082342,16.4832330727,19.1606033408,21.13714923533535,23.7792807729,27.349569638265425
2024-05-29,0.3,17.000000000000085,20.800000000000008,35.699999999999996,5,0,0.20123722137254463,11.665953249,14.973500160000004,17.065642983556643,19.574414211,22.629795826998045
2024-05-30,1.3,10.600000000000083,20.80000000000001,35.400000000000006,5,0,0.20654846768442997,9.437919749399999,13.171425945600003,15.608922131682421,18.568294349800002,22.19956909640976
2024-05-31,7.3,8.900000000000086,28.10000000000001,42.3,5,0,0.24254691490943062,13.8443992698,17.600917555200002,20.134460122380467,23.244372346600002,27.07236937526484
2024-06-01,1.2,9.800000000000084,28.50000000000001,42.3,6,0,0.21363012943361043,10.8232854291,15.023036006400003,17.841792533605663,21.283106855700005,25.481782252329488
2024-06-02,9.8,18.30000000000009,36.60000000000001,46.0,6,0,0.2716889038176691,17.339578017999997,21.678842368000005,24.709586927921876,28.501514198,33.22933511870312
2024-06-03,1.5,12.500000000000083,30.40000000000001,46.5,6,0,0.26332158337064493,13.637704612599997,18.8430738944,22.50314888873359,27.1513627782,33.06786836276797
2024-06-04,9.1,20.400000000000084,30.500000000000007,53.4,6,0,0.3171533356360724,18.6237952089,24.088559769600003,28.070177031950976,33.257283748300004,40.03548539323886
2024-06-05,0.1,10.700000000000085,30.300000000000008,51.1,6,0,0.3067761303800864,13.088635853899996,19.188311705600004,23.624963989779097,29.4388020253,37.115858326871674
2024-06-06,1.6,10.800000000000086,30.600000000000005,51.400000000000006,6,0,0.2997903473819727,10.544539155999997,16.123868160000004,20.165286477888667,25.410097834,32.24979097839257
2024-06-07,1.5,3.2000000000000854,24.800000000000004,52.900000000000006,6,0,0.3074621476102515,8.626949685099998,13.432726886400003,16.868623867138865,21.230982089700003,26.748668976327533
2024-06-08,3.4,6.500000000000085,27.000000000000007,55.5,6,0,0.3157240863176287,9.430390522099998,14.113969254400002,17.679267965765817,22.4032803487,28.63161444573964
2024-06-09,1.8,6.700000000000085,19.000000000000007,55.6,6,0,0.2826763314881199,8.364551583099999,12.951588966400003,16.571441045258005,21.509670341700005,28.221675702442763
2024-06-10,0.2,5.400000000000085,17.70000000000001,48.1,6,1,0.23074414532746318,5.8489791763999985,9.777439641600003,12.84854173678203,17.0133506948,22.639812260880465
2024-06-11,1.2,3.2000000000000854,9.800000000000008,40.3,6,0,0.23605539163934855,5.2603883935999995,8.893102694400003,11.885011191055856,16.0936014972,21.989337320750383
2024-06-12,4.5,5.900000000000086,14.200000000000006,44.5,6,0,0.25493982297049644,7.9054461315,10.562215168000002,12.672890349858397,15.567192634500001,19.522248450176754
2024-06-13,4.1,9.800000000000086,16.700000000000006,47.3,6,0,0.23605539163934855,9.591441004699998,12.388710860800002,14.576645190868552,17.587455710900002,21.748030618810347
2024-06-14,3.9,12.500000000000083,19.100000000000005,43.9,6,0,0.25198913057500455,10.3569562267,12.833863628800001,14.498591332737693,16.5557363349,19.11212294080058
2024-06-15,2.0,10.000000000000083,17.700000000000006,44.7,6,0,0.19946680593524954,9.2470446062,12.256353484800002,14.304115192392967,16.865294857400002,20.096643099836715
2024-06-16,5.8,11.700000000000086,21.700000000000006,40.7,6,0,0.22071179118279086,12.227735184499998,15.433284096000001,17.643498866588864,20.4208798675,23.933831842063473
2024-06-17,3.6,11.400000000000086,25.10000000000001,42.8,6,0,0.19887666745615112,12.117043341799999,15.785566003200001,18.30166243008945,21.455774220600002,25.439034841102732
2024-06-18,12.2,21.600000000000087,36.10000000000001,45.9,6,0,0.270283423427054,20.5858887546,24.463380582400003,27.087040090817577,30.3246901022,34.33137750563711
2024-06-19,42.6,58.40000000000009,74.20000000000002,88.4,6,0,0.6535835748088249,56.959276583400005,61.977430937600005,65.26961014938163,69.2645998998,74.13708213972618
2024-06-20,5.1,59.90000000000009,75.20000000000002,91.9,6,0,0.6127690925021629,44.965844103399995,54.66046991360001,60.53979374610625,67.3684042218,75.41048064489217
2024-06-21,17.0,64.7000000000001,88.30000000000001,107.4,6,0,0.7055163087461814,48.44219384249999,60.599526912,68.22257539898145,77.2131496715,87.92147228556152
2024-06-22,4.2,26.300000000000093,90.5,108.2,6,0,0.6837874597949154,37.982421827699994,52.19643770880001,61.30325426960098,72.1227817239,85.03108244471073
2024-06-23,3.5,24.700000000000095,88.20000000000002,109.9,6,0,0.6547257190360222,29.971880427299993,44.81691601920001,54.80058107136386,66.9809219471,81.82470687159784
2024-06-24,13.3,21.000000000000096,97.9,123.0,6,0,0.7267307017417979,34.170150952,48.73477350400002,59.112683733730464,72.222983836,88.69839746498826
2024-06-25,3.7,20.500000000000096,89.40000000000002,125.5,6,1,0.7199186146340294,27.562610616599997,42.473070438400015,53.552032364989444,68.00332857220002,86.7660037132621
2024-06-26,50.1,67.1000000000001,96.9,171.1,6,1,1.0072374851591421,69.22999178719999,83.4556860928,94.47735596506485,109.2806607624,129.05502928001638
2024-06-27,0.9,54.7000000000001,92.70000000000002,167.9,6,0,0.9897259512896659,49.2593031614,67.27800181760001,80.49700471467852,97.99735230180002,121.3468248347574
2024-06-28,15.6,66.60000000000011,91.3,179.6,6,0,1.046905661920511,49.736892409199996,68.11243642880001,81.62058627451991,99.54374010240001,123.57489293431131
2024-06-29,151.9,168.40000000000012,239.0,329.5,6,1,2.004620461131868,185.5124801257,201.81580897280003,212.89064870842714,226.63566454390002,243.7899546760408
2024-06-30,50.8,218.30000000000013,286.3,374.5,6,0,2.4175436243384825,180.514673711,211.70503884800004,230.75299194002537,252.99383804500002,279.3468985521231
2024-07-01,26.9,229.6000000000001,299.90000000000003,397.8,7,0,2.3487776901251523,152.78006367439997,194.4386699776,219.6931782752293,248.66692075880002,282.1010256574644
2024-07-02,36.1,113.80000000000013,332.3,421.7000000000001,7,0,2.4667273972298207,142.92740496749997,191.19996441600003,222.01232903571383,258.43577923450005,301.58127922979
2024-07-03,21.5,84.50000000000011,303.7,400.6,7,1,2.4215013372761987,121.4503171401,174.08416189440004,209.52141926516424,252.8718267707,305.90663598096614
2024-07-04,20.0,77.60000000000011,322.8,415.5,7,1,2.4483718650841992,104.63952991689999,157.83925288960003,195.47477679765797,242.94722084030002,302.6481028900474
2024-07-05,49.4,90.90000000000012,356.6,447.9,7,1,2.7447707902082996,122.54315509969999,175.27411783680003,214.8251249819486,266.76238852790004,334.7003710703631
2024-07-06,133.8,203.20000000000013,338.5,577.5,7,1,3.3661498847771103,218.1650075723,268.63984773120006,306.5379485771861,356.4173598261,421.7686318610021
2024-07-07,14.5,197.70000000000013,302.20000000000005,588.5,7,0,3.3932962548156356,167.19008252819998,229.31524142080005,274.8800693267016,334.9618132474001,414.64133702263746
2024-07-08,5.9,154.20000000000013,281.20000000000005,581.1,7,0,3.403918747439406,122.49239638129998,187.67715589120007,236.47681821998103,301.92624825710004,390.4689739193868
2024-07-09,36.1,56.500000000000114,281.20000000000005,613.5,7,0,3.3248401912402246,117.5538784346,169.93158640640004,207.2000734676281,254.86936838020003,316.0973841531078
2024-07-10,55.3,97.30000000000013,315.0,618.6999999999999,7,1,3.644105108432443,136.1527406393,185.79066065920003,221.41884270697514,266.9695667851,325.17667843214275
2024-07-11,93.0,184.4000000000001,388.0,710.8,7,1,3.4971606271369486,187.54706002769998,238.74416302080004,275.9100948241635,323.8931600679,385.81182084502325
2024-07-12,94.3,242.6000000000001,432.9,789.5,7,1,3.6818739710947392,224.56320637049998,281.41912243200005,321.71641460383887,373.2165523735,439.2068262962665
2024-07-13,104.7,292.0000000000001,403.8,742.3,7,1,4.038907750949254,261.286922674,327.5267530240001,373.9261527199375,433.098310674,509.073640787828
2024-07-14,19.8,218.80000000000013,409.1,711.3000000000001,7,0,3.956288363875482,202.13589537379994,279.6739187712,333.6997417251324,402.6149108046001,491.44521996366905
2024-07-15,29.5,154.0000000000001,432.7000000000001,713.9,7,0,3.9857952878304004,169.59969903159998,247.93485040640007,303.41918489193085,374.6287047832,466.7953541671097
2024-07-16,1.1,50.40000000000011,397.7000000000001,678.9000000000001,7,0,3.875439392239005,116.04027049049998,185.08121472000005,232.66451185735252,291.61265901950003,364.4445839886591
2024-07-17,17.4,48.000000000000114,359.8,674.8000000000001,7,0,3.8429817758885947,98.21860023229999,163.90804613120005,212.31015621580914,274.7955557361,354.94066917026964
2024-07-18,11.1,29.600000000000115,277.90000000000003,665.9000000000001,7,0,3.415131378542275,79.68635976569998,141.59292922880002,190.4020737978275,256.35879736590005,344.7610877702497
2024-07-19,2.2,30.700000000000113,185.80000000000004,618.6999999999999,7,0,2.8515491310033303,56.96071618709998,111.59813539840003,156.9345967314533,220.33562594170002,308.1086298752317
2024-07-20,1.2,14.500000000000114,82.30000000000003,486.1,7,0,2.7819127904697227,39.51041320399999,84.54071603200003,123.70725266169333,180.22014561000003,260.7930456415878
2024-07-21,2.4,5.8000000000001135,64.90000000000003,474.0,7,0,2.7016539573123444,27.43026942709999,60.046773862400016,89.24184515875213,132.17103611970003,194.4708580103392
2024-07-22,2.1,5.700000000000113,37.50000000000003,470.2000000000001,7,0,2.535825044685702,18.637447000899993,40.01203368960002,59.390312055609165,88.17355560630001,130.3864217396431
2024-07-23,17.5,22.000000000000114,53.900000000000034,451.6,7,0,2.171709603082007,27.588697043599996,38.26755005440001,47.36901511279413,60.34956736720001,78.67934311440271
2024-07-24,25.0,44.600000000000115,61.50000000000003,421.3,7,0,1.6340934486233905,43.7527869375,53.488031232000004,61.3655496399287,72.4107775165,87.89038456176267
2024-07-25,2.9,45.40000000000011,53.30000000000003,331.2,7,0,1.0604788469397735,32.69364887169999,42.5228866048,49.25292226588809,57.783685781900004,68.73312562614237
2024-07-26,0.9,28.80000000000011,52.00000000000003,237.8,7,0,0.7854743156799323,23.754481932799997,34.80019768320001,42.54842208123007,52.5217709196,65.53785871167304
2024-07-27,3.1,6.900000000000114,53.900000000000034,136.20000000000002,7,0,0.5523696164360756,19.2366304197,29.071847372800008,35.840544133516985,44.30258896990001,54.94294303334159
2024-07-28,16.7,20.700000000000113,68.20000000000002,133.1,7,0,0.6084327719504209,29.852093767399992,38.7656244736,44.97915662530742,52.7019993878,62.24981585612851
2024-07-29,4.3,24.100000000000115,70.40000000000003,107.9,7,0,0.6102031873877161,25.134321082399996,35.07627637760001,42.09915944196172,50.96470688080001,62.12010379699764
2024-07-30,2.6,23.60000000000011,55.50000000000003,109.4,7,0,0.5027979841918124,20.160127727799996,30.53217208320001,38.14803624045859,48.04982206460001,60.8956142800617
2024-07-31,16.7,23.60000000000011,47.200000000000024,108.7,7,0,0.5953921515621973,30.744295349699996,40.868039628800005,48.653332233972066,59.1080116019,73.11386491188651
2024-08-01,2.1,21.400000000000112,46.40000000000003,99.7,8,1,0.5953921515621973,23.561686942499996,34.568945920000004,43.04189614976073,54.56498571750001,70.30082409389158
2024-08-02,5.2,24.000000000000114,50.70000000000003,102.7,8,0,0.5978102793266502,21.198849173999996,30.976108544000006,38.34030965133398,48.20661444400001,61.507886452525376
2024-08-03,6.3,13.600000000000117,53.90000000000003,107.8,8,0,0.6137440182623062,20.433006299299997,28.396532275200006,33.96740309511581,40.968991997100005,49.76406864893964
2024-08-04,6.4,17.900000000000116,43.60000000000003,111.8,8,0,0.6438410806963232,20.6211865873,28.805840691200004,34.70135685826035,42.260925321100004,51.93952809270136
2024-08-05,6.6,19.30000000000011,45.90000000000003,116.3,8,0,0.5529597549151739,21.0094078387,29.548035788800007,35.91896636561465,44.3210221929,55.40368844275174
2024-08-06,75.3,88.30000000000011,118.60000000000002,174.1,8,0,0.9767973499423863,89.91901815989999,98.60556866560002,105.2208107573162,114.1080168093,126.07741950897518
2024-08-07,6.7,88.60000000000011,108.60000000000004,155.79999999999998,8,0,0.9779900206993367,69.17157904609999,83.79130608640001,92.84988659122871,103.57428517870001,116.4746416482455
2024-08-08,8.3,90.30000000000013,114.80000000000004,161.2,8,0,0.9424511511200991,56.59864097519999,74.87133588480002,86.3758436638793,100.01753936840001,116.37634072710819
2024-08-09,4.5,19.500000000000114,114.10000000000002,164.79999999999998,8,0,0.9359596278500171,44.045605117899996,64.11789583360002,77.40759366301151,93.60922148730002,113.500807648733
2024-08-10,2.7,15.500000000000114,110.50000000000004,164.39999999999998,8,0,0.8680937027537043,33.0601899167,52.20116782080001,65.20865206106971,81.12536938890001,100.52686038101541
2024-08-11,6.8,14.000000000000114,110.90000000000002,154.5,8,0,0.8863879956057539,29.882813139399993,48.33544847360001,61.81391800279374,79.08060772580001,101.04316978956403
2024-08-12,8.2,17.700000000000113,112.50000000000004,158.39999999999998,8,0,0.8828471647311636,28.971082068099996,46.31001303040001,59.71808339980292,77.55941906470001,101.07757921604627
2024-08-13,9.2,24.200000000000113,46.40000000000003,165.0,8,0,0.8751753645028847,29.301798040799994,45.57155307520001,58.72006214248592,76.8068029856,101.45165753804216
2024-08-14,10.8,28.200000000000113,50.50000000000003,159.1,8,0,0.9241568582680497,31.130474469199996,46.57004769280001,59.45205663333241,77.69458067040001,103.34715825001443
2024-08-15,3.1,23.100000000000115,45.300000000000026,160.1,8,0,0.9141245041233774,24.704898464099994,39.64736855040001,52.33487706968378,70.72384489870001,97.32813653854039
2024-08-16,6.4,20.30000000000011,47.20000000000003,161.29999999999998,8,0,0.9082231193323937,21.5663902999,30.032618905600007,36.0600028623748,43.795973869300006,53.77683818696347
2024-08-17,20.9,30.400000000000112,65.40000000000002,175.89999999999998,8,0,0.9979241681553458,35.80721479309999,44.20668810240001,50.23194392393574,57.9802309337,67.97645878471815
2024-08-18,13.8,41.10000000000011,72.40000000000003,183.3,8,0,1.0067762453418216,38.63059589849999,48.274144768,54.86309477931738,63.088176787500004,73.40811924980369
2024-08-19,16.7,51.40000000000011,80.90000000000002,193.4,8,0,0.6768888355258319,43.614303266899995,54.836131993600006,62.447695742886516,71.91030612830001,83.74339706074082
2024-08-20,53.2,83.70000000000012,124.90000000000002,171.3,8,0,0.9670258147921962,83.6537439696,96.7789953024,105.7489804897336,116.9778437272,131.13963747176012
2024-08-21,9.2,79.10000000000012,123.30000000000004,173.8,8,0,0.9825916226761752,67.5655376094,85.89305180160001,97.74788746675662,112.1090459618,129.71124441135115
2024-08-22,3.7,66.10000000000012,123.90000000000003,169.2,8,0,0.9619257209303455,50.764246622399995,71.53397314560002,85.17133423114922,101.73897815680002,122.01603928902888
2024-08-23,2.7,15.600000000000112,120.20000000000002,167.4,8,0,0.971958075075018,37.97509540659999,58.939336038400015,73.28438957654217,91.0572386922,113.10685748358435
2024-08-24,1.6,8.000000000000114,100.90000000000003,166.3,8,0,0.9389103202455089,27.877493515699996,47.591827660800014,61.76548757318105,79.7857876699,102.58515566563065
2024-08-25,1.5,5.800000000000114,88.60000000000002,161.0,8,0,0.9017315960623117,20.926678133799996,39.24060216320001,53.39035378374765,72.22630573860002,97.09981337071014
2024-08-26,1.8,4.900000000000114,73.70000000000003,154.6,8,0,0.8503895483807532,16.267890534299994,32.505286963200014,45.92180452840488,64.57213314810001,90.212906291049
2024-08-27,4.7,8.000000000000114,25.200000000000028,150.1,8,0,0.8191122089885396,15.497150103599996,28.46010915840001,39.61885879842304,55.52754043520001,77.88865894641442
2024-08-28,7.7,14.200000000000117,23.70000000000003,147.0,8,0,0.8433078866315726,18.158189228899996,28.986323609600007,38.65916319875762,52.8630239183,73.43165623760407
2024-08-29,3.0,15.400000000000114,23.00000000000003,146.89999999999998,8,0,0.748295591496735,15.238998794399997,24.395910041600004,32.5724861664539,44.753791576800005,62.76116654044295
2024-08-30,0.5,11.200000000000117,20.800000000000026,141.0,8,0,0.6969535438151766,9.664530831399999,14.304421529600003,17.712894930559372,22.228719405800003,28.270303045939055
2024-08-31,0.5,4.000000000000115,19.70000000000003,120.6,8,0,0.6302678956770605,7.005294352899998,10.955694745600002,13.744716171040817,17.2980058163,21.84840805264902
2024-09-01,7.7,8.700000000000115,25.90000000000003,114.5,9,0,0.5146007537737799,12.4991902049,16.067271321600003,18.65457344932402,21.978095006300002,26.240660974834565
2024-09-02,0.9,9.100000000000117,25.00000000000003,98.7,9,0,0.25021871513770944,9.5731648262,13.463906764800003,16.224826540205466,19.738853717400005,24.212038190149215
2024-09-03,1.7,10.300000000000114,22.00000000000003,47.2,9,0,0.2154005448709055,8.3560193385,12.299326720000002,15.17610351222949,18.9070828415,23.743457177860346
2024-09-04,7.0,9.600000000000117,21.30000000000003,45.0,9,0,0.24254691490943062,12.806842249599999,16.6784001024,19.60437637888398,23.4933568972,28.65817891010976
2024-09-05,68.1,76.80000000000011,86.40000000000002,109.4,9,0,0.8956957384697584,77.01394402989999,81.2494465536,84.4093459942381,88.6164000153,94.24754347397518
2024-09-06,57.6,132.7000000000001,143.50000000000003,164.3,9,1,1.4991871414866662,111.3769974539,122.09489858560002,128.422634394701,135.7159713453,144.32110268585603
2024-09-07,0.7,126.4000000000001,143.70000000000002,163.4,9,0,1.2930553137274357,78.446392276,97.54913766400001,108.34330632207227,120.15955022200001,133.1947731194277
2024-09-08,0.2,58.500000000000114,136.20000000000005,162.10000000000002,9,0,1.1614871870905927,55.02773201849999,77.91718758400002,91.70118716073924,107.2975598795,124.9388236457412
2024-09-09,4.0,4.900000000000114,139.30000000000004,164.3,9,0,1.1011423211987172,42.50528865049999,66.28006297600001,81.847571884458,100.39346467150001,122.39251399383494
2024-09-10,1.5,5.700000000000114,139.10000000000002,161.10000000000002,9,0,1.03256629838901,31.239578292899992,54.470363289600016,70.97199889961894,91.67977898430001,117.47351982452399
2024-09-11,1.8,7.3000000000001135,133.9,155.2,9,0,0.9939656891034396,23.450198863299995,44.54950942720001,60.61026615125253,81.62697709710001,108.78956940116228
2024-09-12,1.6,4.900000000000114,67.40000000000003,153.79999999999998,9,0,0.935245623695739,17.989716431899993,37.14297077760001,52.941539264658,74.75046879130001,104.41122768578961
2024-09-13,0.4,3.8000000000001144,10.200000000000028,153.7,9,0,0.9268141444252505,12.944780709999996,29.931840512000015,45.065621887580065,67.08266856400002,98.57281350479488
2024-09-14,1.6,3.6000000000001147,11.10000000000003,154.79999999999998,9,0,0.8917910766862976,10.463613822699998,24.79385313280001,38.527657774058,59.53365262690001,91.05301425488648
2024-09-15,5.3,7.300000000000114,16.200000000000028,152.4,9,0,0.8934696573549344,10.700873230199997,17.822900684800004,24.64136217234609,35.135285593400006,51.026377980008576
2024-09-16,0.2,7.100000000000114,12.400000000000029,151.7,9,0,0.8834373032102619,6.063553826899998,8.2735676416,9.805192156468554,11.7378788843,14.187811380877537
2024-09-17,4.1,9.600000000000112,15.000000000000028,154.10000000000002,9,0,0.8557007946926386,8.324714411399999,10.643692185600003,12.296601249959764,14.4200160878,17.159304954366792
2024-09-18,0.5,4.800000000000114,13.700000000000028,147.60000000000002,9,0,0.3145438093594319,6.3216505829999985,8.993478912,10.912736181597655,13.408278791,16.681592318800778
2024-09-19,0.0,4.600000000000114,12.100000000000026,79.50000000000001,9,0,0.1292403269225433,4.312165308499999,6.765286400000001,8.488328136995117,10.672737151500002,13.452564945907223
2024-09-20,0.1,0.6000000000001146,11.80000000000003,22.000000000000018,9,0,0.12569949604795305,3.0761444285999993,5.351167846400001,7.019767309934764,9.182445776200002,11.981831289754293
2024-09-21,4.2,4.300000000000114,14.400000000000029,25.500000000000018,9,0,0.14871489673278956,6.302455555199999,8.287660748800002,9.812428285631249,11.836580006400002,14.505013234637497
2024-09-22,1.4,5.700000000000115,10.500000000000028,26.700000000000017,9,0,0.13396143475533026,5.766522848799999,7.858329907200001,9.425564995841405,11.4950365016,14.221783470124215
2024-09-23,0.0,5.600000000000115,10.30000000000003,22.70000000000001,9,0,0.12333894213155958,4.025266984199999,6.243714252800001,7.932980484728906,10.206061475400002,13.271199520922654
2024-09-24,1.1,2.5000000000001146,7.300000000000028,22.30000000000001,9,0,0.12038824973606774,3.872490849099999,5.923172710400001,7.528034365074413,9.727569823700001,12.749660442095113
2024-09-25,18.7,19.80000000000011,25.50000000000003,39.20000000000002,9,0,0.23614880987618125,21.261031712399998,22.8694550016,24.05539486730742,25.606817108799998,27.638871642026952
2024-09-26,19.7,39.500000000000114,45.20000000000003,57.30000000000001,9,0,0.4579855706689576,34.577072693699996,37.974089164800006,40.10771075634317,42.6763997099,45.83718067207792
2024-09-27,101.0,139.40000000000012,146.10000000000002,157.9,9,0,1.4395536036391454,125.0881360335,130.939037184,134.2843690850947,137.9791781345,142.0905001875967
2024-09-28,89.3,210.0000000000001,231.20000000000005,245.6,9,0,2.2696524504766313,176.84757146099997,193.997542656,203.34327652016015,213.306921101,223.98660670859763
2024-09-29,1.7,192.0000000000001,231.50000000000003,242.0,9,0,1.9641346537631932,125.49330002269997,156.8980341248,174.54178504213613,193.67622899090003,214.48727637316776
2024-09-30,3.9,94.90000000000012,235.40000000000003,245.7,9,0,1.8178122852254475,91.74248526339998,129.40768988160002,152.2408298453816,178.1737382478,207.6030388605855
2024-10-01,7.4,13.000000000000128,241.70000000000005,249.0,10,0,1.7941860123696889,71.50110007979998,110.47518033920002,135.97783287034332,166.29191497460002,202.10819177275505
2024-10-02,8.8,20.10000000000013,231.8,257.3,10,0,1.7206963908452373,58.81122352099999,97.02982041600002,124.10553377371482,157.97457366100002,199.96455046918356
2024-10-03,27.5,43.70000000000013,239.6,284.8,10,0,1.8101737418410597,68.66785646469998,105.12385633280002,132.9897037076576,169.67711629490003,217.46632294572436
2024-10-04,4.1,40.40000000000013,142.70000000000002,288.8,10,0,1.829631001696033,52.13642724789999,88.08097346560001,116.92468630673416,156.42585838130003,210.0343961652759
2024-10-05,1.5,33.10000000000013,54.90000000000003,286.1,10,0,1.7180760451941837,37.46727035789999,69.95688156160003,97.20443199955253,135.7629857133,189.83629559325442
2024-10-06,0.9,6.500000000000128,54.10000000000002,285.6,10,0,1.685435496304949,26.570613009999988,54.75023385600002,79.6453414341074,116.21772187200003,169.44936311059564
2024-10-07,1.9,4.300000000000128,52.10000000000003,287.5,10,0,1.666551064973801,17.646429092099996,34.85539466240001,49.71422538057831,71.27942723470001,102.40446409198961
2024-10-08,0.5,3.3000000000001277,45.20000000000003,286.9,10,0,1.5679979389643728,10.329996390899998,18.795801241600003,25.176207265865038,33.5144998103,44.31703221340291
2024-10-09,0.8,3.200000000000128,37.20000000000003,269.0,10,0,1.3708916869455168,7.9829766812999985,15.654104883200006,21.86508968860605,30.370296481100006,41.88332780602752
2024-10-10,13.7,15.000000000000128,23.400000000000027,263.0,10,0,0.7164281136254229,19.1779183298,25.804524595200004,31.517516058386324,39.67342091660001,51.15408735269647
2024-10-11,1.2,15.700000000000127,20.500000000000025,163.2,10,0,0.4361123360536965,14.415511146599998,21.049050726400004,26.533018057507032,34.32585836820001,45.365729634697644
2024-10-12,0.2,15.100000000000128,19.200000000000028,74.1,10,0,0.42726025886722085,10.042279583499997,16.094347776000006,21.020570590682617,28.024902258500006,38.02855808766503
2024-10-13,3.9,5.300000000000128,22.200000000000028,76.3,10,0,0.4201785971180405,10.1527887737,13.822688204800004,16.35343888271035,19.533754929900002,23.561864354226365
2024-10-14,11.7,15.800000000000129,32.00000000000003,84.10000000000001,10,0,0.4526362134684508,18.6911372895,22.317916416000003,24.793237992506835,27.850797832500003,31.628949685637693
2024-10-15,1.8,17.400000000000126,33.300000000000026,78.5,10,0,0.4089659660151714,14.841424815299998,19.493271859200004,22.578940687119726,26.342700389100003,30.949396792498238
2024-10-16,5.7,19.200000000000127,38.200000000000024,75.4,10,0,0.2835660143670754,16.0635745983,21.1979807232,24.714912620145117,29.094619754100002,34.56306370755878
2024-10-17,38.1,45.60000000000013,62.60000000000003,86.0,10,0,0.5256968074272589,49.2908319215,54.854373632000005,58.73361435887597,63.622668742500004,69.79731033762792
2024-10-18,1.9,45.70000000000013,63.300000000000026,83.8,10,0,0.5123745095143092,36.3894585826,45.72981181440001,51.72513500287421,58.98606264819999,67.90807635112733
2024-10-19,1.8,41.80000000000013,64.90000000000003,84.1,10,0,0.5188602627993004,27.250022987899996,38.29795010560001,45.60886522897051,54.6085136313,65.83368298218028
2024-10-20,3.3,7.000000000000128,64.30000000000004,86.5,10,0,0.49925715331722226,21.988025000399993,32.467333785600005,39.37035610515703,47.6707676388,57.639302765505455
2024-10-21,0.0,5.1000000000001275,52.60000000000003,84.6,10,0,0.49630646092173036,15.357720470399997,25.845018009600008,33.228553404174605,42.485276746800004,54.03885330014413
2024-10-22,0.0,3.3000000000001277,50.80000000000003,84.1,10,0,0.4915853530889434,10.744754824299998,20.654539571200004,28.204895512680267,38.1670133841,51.21716324728924
2024-10-23,0.0,0.0,45.10000000000003,83.3,10,0,0.4170339362249377,7.411163029899997,16.104872345600008,23.20635100884941,32.9904661293,46.3212310218951
2024-10-24,0.4,0.4000000000001279,7.400000000000029,70.0,10,0,0.40601527361967943,5.257318079599998,12.027619942400005,17.821967826735545,26.011881767200002,37.39994728171131
2024-10-25,0.6,1.000000000000128,6.100000000000028,69.39999999999999,10,0,0.40837582753607304,4.229277110899998,10.028822425600005,15.394298724911913,23.38307239830001,35.05222342699667
2024-10-26,0.0,1.000000000000128,4.300000000000028,69.2,10,0,0.38536042685123656,2.799483085699999,7.411025100800003,11.962969811433005,19.0572980499,29.886811701988073
2024-10-27,0.0,0.6000000000001279,1.0000000000000284,65.3,10,0,0.31631422479672705,0.8834074612999998,1.8378637312000006,2.6676095343365227,3.8669196771000003,5.580593731906443
2024-10-28,1.6,1.600000000000128,2.6000000000000285,55.2,10,0,0.31513394783853027,2.1647149256,2.8662800384000007,3.4934067359386716,4.417738673200001,5.763963860758202
2024-10-29,0.6,2.200000000000128,3.2000000000000286,54.0,10,0,0.2803157775717264,2.0644549030999997,2.6997505024000006,3.21502179773457,3.9483436137000005,4.99803917709121
2024-10-30,1.1,3.300000000000128,4.300000000000029,49.39999999999999,10,0,0.06609550965901756,2.4519016000000002,2.9054656000000003,3.1830829937500003,3.502870400000001,3.87230531875
2024-10-31,5.2,6.900000000000128,9.100000000000028,16.5,10,0,0.08616021794836218,6.91633112,7.524372480000001,7.905620544687499,8.35258336,8.8786900528125
2024-11-01,2.5,8.800000000000129,11.000000000000028,17.1,11,0,0.09274552475640037,7.341431783999999,8.519497984000001,9.219777462984375,10.017325024000002,10.934755550171875
2024-11-02,0.4,8.100000000000128,11.400000000000029,15.7,11,0,0.08462441266451992,5.539002248799999,7.215598387200002,8.236810843536718,9.4155925216,10.78801777266328
2024-11-03,0.7,3.600000000000128,12.100000000000028,13.1,11,0,0.08982064852988517,4.5660025642,6.429529036800002,7.622539455269921,9.0345618934,10.709122108334764
2024-11-04,20.4,21.500000000000128,30.900000000000027,33.5,11,0,0.25165352971653654,23.57925328,25.479198720000003,26.761033894375,28.32189864,30.214423839374994
2024-11-05,0.8,21.90000000000013,31.100000000000023,34.3,11,0,0.25284620047348694,17.305477295999996,21.183358975999997,23.54687881021875,26.289708775999998,29.503702647406243
2024-11-06,0.0,21.200000000000127,30.00000000000003,34.3,11,0,0.22269582280136813,12.113834107199999,16.946687180800005,20.01484698868593,23.6607378984,28.028517515035933
2024-11-07,0.0,0.8000000000001279,24.800000000000026,33.9,11,0,0.2055983791342228,8.434487835199997,13.385551052800004,16.697620893437886,20.736778604400005,25.669112536502727
2024-11-08,4.3,4.300000000000128,26.600000000000023,37.6,11,0,0.22959566628869044,10.187192969699998,14.944016332800002,18.374853116817768,22.7538936799,28.326414746134564
2024-11-09,4.5,8.800000000000129,30.700000000000024,42.1,11,0,0.2516472274576607,11.599962801399997,16.337101465600004,19.90206330452031,24.594958027800004,30.751483375665615
2024-11-10,0.6,9.400000000000128,30.600000000000023,42.7,11,0,0.24254691490943062,8.5730868315,13.111335424000004,16.493006906270505,20.9223343365,26.700477122842766
2024-11-11,0.1,5.200000000000128,10.300000000000027,41.2,11,0,0.23959622251393872,6.030541969799999,10.320632883200002,13.626869859478122,18.058404802600002,23.968610918604682
2024-11-12,3.1,3.800000000000128,12.600000000000028,43.7,11,0,0.24077649947213547,7.3100803689,11.313556633600003,14.604089618820115,19.2130929463,25.63068559697909
2024-11-13,0.4,3.600000000000128,13.000000000000028,43.0,11,0,0.22181276234670091,5.497282990799999,9.375683379200002,12.67566409295859,17.447708743600003,24.33003545966327
2024-11-14,2.0,5.500000000000128,15.000000000000028,39.8,11,0,0.2195315142245941,5.271848585599999,7.310113382400001,8.75807663046406,10.589897691200001,12.899300126217186
2024-11-15,0.0,2.400000000000128,10.700000000000028,37.3,11,0,0.217761098787299,3.6676959899999995,5.762191360000002,7.286865612421874,9.251965170000002,11.775345568515622
2024-11-16,0.3,2.3000000000001277,6.500000000000028,37.2,11,0,0.2154005448709055,2.8673871929999994,4.909753088000001,6.493835770558594,8.626768653000003,11.486578290089842
2024-11-17,0.0,0.3000000000001279,5.900000000000029,36.5,11,0,0.09923202526036622,2.0071710350999994,3.9278024704000014,5.519760404974804,7.764091787700001,10.912249375585347
2024-11-18,0.5,0.8000000000001279,6.300000000000028,16.6,11,0,0.09324187969754263,1.7835553674999995,3.1805329920000007,4.345236405563476,5.988365316500001,8.292068068081052
2024-11-19,0.2,0.7000000000001279,3.4000000000000283,16.0,11,0,0.09442215665573939,1.3213748951999997,2.2612425728000005,3.0075161251957025,4.020475804400001,5.383148438104295
2024-11-20,0.0,0.7000000000001279,3.0000000000000284,16.0,11,0,0.09442215665573939,0.9080139116999998,1.7445695488000006,2.438264063811914,3.4092211599000004,4.7547488526560535
2024-11-21,0.0,0.2000000000001279,1.0000000000000284,16.0,11,0,0.06904620205450941,0.6327849856999999,1.3849182208000006,2.0528370138060543,3.0334311999000008,4.457137716099412
2024-11-22,0.3,0.3000000000001279,1.3000000000000285,12.0,11,0,0.04189983201598434,0.6553821628,1.0750746112000003,1.4346008082789061,1.9491849156000003,2.6781963186554685
2024-11-23,0.0,0.3000000000001279,1.0000000000000284,7.5,11,0,0.04071955505778759,0.447468504,0.8171100160000002,1.1406609253007811,1.6147950480000004,2.304791727027343
2024-11-24,0.3,0.600000000000128,1.3000000000000285,7.2,11,0,0.04189983201598433,0.556732903,0.7389396480000002,0.8758129778242189,1.0559586630000002,1.2920782621992184
2024-11-25,4.5,4.800000000000128,5.300000000000028,11.6,11,0,0.057248196333619626,4.8897130321,5.091151718400001,5.244441031150586,5.4503627967,5.727474349089258
2024-11-26,5.6,10.400000000000126,10.700000000000028,14.1,11,0,0.12045974645199138,9.014324865,9.64070912,9.99871255517578,10.400722985,10.86147954986328
2024-11-27,1.6,11.700000000000127,12.300000000000027,15.3,11,0,0.11968945546369465,7.910027405499999,9.312567296000001,10.098905671899413,10.9606506865,11.918405572370116
2024-11-28,0.0,7.200000000000127,12.300000000000027,13.3,11,0,0.10734123293017342,5.5228954213999994,7.396366745600002,8.485632618944138,9.6902463978,11.023116824132419
2024-11-29,0.0,1.600000000000128,12.000000000000028,13.3,11,0,0.09864751269544403,3.860377289999999,5.895618560000001,7.173412845234373,8.65148607,10.352213595078123
2024-11-30,0.0,0.0,12.000000000000028,12.999999999999998,11,0,0.08907832912054728,2.702264102999999,4.716494848000002,6.0974009184492175,7.786337463000001,9.834602915324218
2024-12-01,0.0,0.0,11.700000000000028,12.999999999999998,12,0,0.08685137089253361,1.8915848720999993,3.773195878400001,5.1827907806818345,7.007703716700001,9.342872769558005
2024-12-02,0.0,0.0,7.200000000000028,12.499999999999998,12,0,0.07782903941989508,1.3156351529999994,2.986344448000001,4.346309842277343,6.202329813,8.696108049308592
2024-12-03,0.0,0.0,1.6000000000000285,12.3,12,0,0.07782903941989508,0.9209446070999996,2.389075558400001,3.6943633659357413,5.582096831700001,8.261302646843161
2024-12-04,0.0,0.0,0.0,12.3,12,0,0.07588331343439768,0.6361869674999996,1.8790481920000008,3.0811465397431634,4.919283616500001,7.668616432729489
2024-12-05,0.0,0.0,0.0,12.3,12,0,0.07081661749180453,0.31821701519999984,1.0200547328000005,1.733039739248437,2.8583022744000006,4.59086938452031
2024-12-06,12.7,12.700000000000127,12.700000000000028,24.699999999999996,12,0,0.15146918613270208,12.7645657712,12.9147483648,13.070587114053124,13.3198727824,13.708399055559374
2024-12-07,1.8,14.500000000000128,14.500000000000028,26.499999999999996,12,0,0.17293725975780946,10.69,11.96,12.595,13.23,13.865
2024-12-08,0.1,14.600000000000128,14.600000000000028,26.299999999999997,12,0,0.14935607262990955,7.582999999999998,9.668000000000001,10.805749999999998,12.007000000000001,13.271749999999997
2024-12-09,0.6,2.500000000000128,15.200000000000028,22.4,12,0,0.13945185816569533,5.908099999999999,8.334400000000002,9.7848875,11.4063,13.208162499999997
2024-12-10,0.0,0.7000000000001279,15.200000000000028,16.799999999999997,12,0,0.1281574523906623,4.135669999999999,6.667520000000001,8.317154374999998,10.265669999999998,12.547754374999997
2024-12-11,0.0,0.6000000000001279,15.200000000000028,15.2,12,0,0.11283255021935988,2.894968999999999,5.334016000000001,7.06958121875,9.239103,11.920366656249996
2024-12-12,0.0,0.0,15.200000000000028,15.2,12,0,0.11283255021935988,2.026478299999999,4.267212800000001,6.009144035937499,8.3151927,11.324348323437498
2024-12-13,0.0,0.0,2.5000000000000284,15.2,12,0,0.09858344993186707,1.4185348099999995,3.4137702400000007,5.1077724305468735,7.4836734300000005,10.75813090726562
2024-12-14,0.0,0.0,0.7000000000000284,15.2,12,0,0.09858344993186707,0.9929743669999995,2.7310161920000016,4.3416065659648435,6.735306087000001,10.220224361902341
2024-12-15,0.0,0.0,0.6000000000000284,15.2,12,0,0.09858344993186707,0.6950820568999996,2.1848129536000007,3.6903655810701164,6.061775478300001,9.709213143807222
2024-12-16,0.0,0.0,0.0,15.2,12,0,0.08970104882295242,0.12781387359999993,0.38419824640000017,0.6365058087824218,1.0273817412000004,1.6197933582894524
2024-12-17,0.0,0.0,0.0,15.2,12,0,0.08970104882295242,0.03862416669999998,0.11408506880000008,0.18665600965175783,0.2970223749000001,0.46107719974589834
2024-12-18,0.0,0.0,0.0,15.2,12,0,0.08970104882295242,0.02421216419999999,0.08053063680000005,0.13897016776992185,0.2324522934000001,0.3781496458347655
2024-12-19,0.0,0.0,0.0,15.2,12,0,0.011802769581967389,0.0,0.0,0.0,0.0,0.0
2024-12-20,0.0,0.0,0.0,2.5,12,0,0.0041309693536885584,0.0,0.0,0.0,0.0,0.0
2024-12-21,0.5,0.5000000000001279,0.5000000000000284,1.2,12,0,0.006491523270082044,0.5,0.5,0.5,0.5,0.5
2024-12-22,2.7,3.200000000000128,3.2000000000000286,3.8,12,0,0.03816546422241306,3.0500000000000003,3.1,3.125,3.1500000000000004,3.1750000000000003
2024-12-23,0.0,3.200000000000128,3.2000000000000286,3.2,12,0,0.03273557756271996,2.135,2.4800000000000004,2.65625,2.835,3.01625
2024-12-24,0.0,2.700000000000128,3.2000000000000286,3.2,12,0,0.029358285929620222,1.4945,1.9840000000000004,2.2578125,2.5515000000000003,2.8654375
2024-12-25,0.0,0.0,3.2000000000000286,3.2,12,0,0.02698051629277102,1.0461499999999997,1.5872000000000006,1.9191406249999998,2.2963500000000003,2.7221656249999997
2024-12-26,0.0,0.0,3.2000000000000286,3.2,12,0,0.02375422109881265,0.7323049999999999,1.2697600000000002,1.6312695312499998,2.0667150000000003,2.58605734375
2024-12-27,0.0,0.0,3.2000000000000286,3.2,12,0,0.02375422109881265,0.5126134999999998,1.0158080000000003,1.3865791015624997,1.8600435000000004,2.4567544765625
2024-12-28,0.0,0.0,2.7000000000000286,3.2,12,0,0.02075441051197202,0.35882944999999994,0.8126464000000003,1.178592236328125,1.6740391500000003,2.3339167527343743
2024-12-29,2.3,2.3000000000001277,2.300000000000028,5.5,12,0,0.0356716430674519,2.551180615,2.9501171200000003,3.3018034008789057,3.806635235,4.517220915097655
2024-12-30,0.1,2.400000000000128,2.4000000000000283,5.6,12,0,0.03632021839595103,1.8858264304999999,2.460093696,2.90653289074707,3.5259717115000004,4.3913598693427724
2024-12-31,0.0,2.400000000000128,2.4000000000000283,5.6,12,0,0.0330773417534554,1.3059547388999997,1.9143878656000004,2.372115754964648,2.9990353203000004,3.8724234062564444
2025-01-01,0.0,0.1000000000001279,2.4000000000000283,5.6,1,0,0.03304775482950875,0.8378999999999998,1.2416000000000003,1.4847374999999996,1.7577,2.0622125
2025-01-02,0.0,0.0,2.4000000000000283,5.6,1,0,0.03304775482950875,0.5865299999999999,0.9932800000000002,1.2620268749999997,1.5819299999999998,1.9591018749999995
2025-01-03,0.0,0.0,2.4000000000000283,5.6,1,0,0.028916785475820155,0.4105709999999998,0.7946240000000001,1.0727228437499998,1.423737,1.8611467812499993
2025-01-04,0.0,0.0,2.4000000000000283,5.1,1,0,0.017815665824109497,0.2873996999999999,0.6356992000000002,0.9118144171874998,1.2813633,1.7680894421874993
2025-01-05,0.0,0.0,0.1000000000000284,2.4,1,0,0.015565807883979014,0.2011797899999999,0.5085593600000001,0.7750422546093748,1.15322697,1.6796849700781242
2025-01-06,0.0,0.0,0.0,2.4,1,0,0.015565807883979014,0.14082585299999992,0.4068474880000002,0.6587859164179686,1.037904273,1.595700721574218
2025-01-07,20.4,20.400000000000126,20.400000000000027,22.799999999999997,1,0,0.24330483441788367,20.4985780971,20.7254779904,20.95996802895527,21.3341138457,21.915915685495506
2025-01-08,0.0,20.400000000000126,20.400000000000027,22.799999999999997,1,0,0.24330483441788367,14.284035360699997,16.3334217728,17.36316169462832,18.3987420489,19.44302494097246
2025-01-09,0.0,20.400000000000126,20.400000000000027,22.799999999999997,1,0,0.20868930696233937,9.995999999999999,13.056000000000001,14.738999999999997,16.524,18.410999999999998
2025-01-10,0.0,0.0,20.400000000000027,22.799999999999997,1,0,0.18715907280132787,6.997199999999998,10.444800000000003,12.528149999999998,14.8716,17.490449999999996
2025-01-11,0.0,0.0,20.400000000000027,22.799999999999997,1,0,0.17200079136641522,4.898039999999999,8.35584,10.648927499999997,13.38444,16.615927499999998
2025-01-12,0.5,0.5000000000001279,20.900000000000027,20.999999999999996,1,0,0.15514475655161983,3.9286279999999985,7.184672000000001,9.551588374999998,12.545996,16.285131124999992
2025-01-13,0.2,0.7000000000001279,21.100000000000023,21.1,1,0,0.15662939537029563,2.9500395999999993,5.947737600000002,8.318850118749998,11.4913964,15.670874568749994
2025-01-14,0.0,0.7000000000001279,0.7000000000000284,21.1,1,0,0.1368493943133155,2.065027719999999,4.758190080000001,7.071022600937498,10.34225676,14.887330840312494
2025-01-15,0.0,0.2000000000001279,0.7000000000000284,21.1,1,0,0.1368493943133155,1.4455194039999995,3.8065520640000017,6.010369210796873,9.308031084000001,14.142964298296869
2025-01-16,0.0,0.0,0.7000000000000284,21.1,1,0,0.1368493943133155,1.0118635827999996,3.045241651200001,5.108813829177342,8.3772279756,13.435816083382024
2025-01-17,0.0,0.0,0.7000000000000284,21.1,1,0,0.12451921908975634,0.13205499999999998,0.24576000000000006,0.32625390624999995,0.42646500000000004,0.5497917187499999
2025-01-18,0.0,0.0,0.7000000000000284,21.1,1,0,0.12451921908975634,0.09243849999999998,0.19660800000000006,0.27731582031249996,0.38381850000000006,0.5223021328124999
2025-01-19,0.0,0.0,0.2000000000000284,21.1,1,0,0.12451921908975634,0.06470694999999997,0.15728640000000005,0.23571844726562496,0.34543665000000007,0.4961870261718748
2025-01-20,0.0,0.0,0.0,21.1,1,0,0.00454002729949388,0.045294864999999976,0.12582912000000007,0.20036068017578124,0.31089298500000007,0.4713776748632811
2025-01-21,0.0,0.0,0.0,0.7,1,0,0.00454002729949388,0.031706405499999986,0.10066329600000004,0.17030657814941402,0.2798036865000001,0.44780879112011696
2025-01-22,0.0,0.0,0.0,0.7,1,0,0.0041309693536885584,0.008070721399999996,0.026843545600000015,0.04632338925664062,0.07748409780000003,0.1260498819449218
2025-01-23,0.0,0.0,0.0,0.7,1,0,0.0041309693536885584,0.0,0.0,0.0,0.0,0.0
2025-01-24,0.0,0.0,0.0,0.7,1,0,0.0041309693536885584,0.0,0.0,0.0,0.0,0.0
2025-01-25,0.0,0.0,0.0,0.7,1,0,0.001180276958196701,0.0,0.0,0.0,0.0,0.0
2025-01-26,0.8,0.8000000000001279,0.8000000000000285,1.0,1,0,0.009541366055603202,0.8,0.8,0.8,0.8,0.8
2025-01-27,0.0,0.8000000000001279,0.8000000000000285,0.8,1,0,0.009541366055603202,0.5599999999999999,0.6400000000000001,0.68,0.7200000000000001,0.76
2025-01-28,0.6,1.4000000000001278,1.4000000000000283,1.4,1,0,0.014321815183690023,0.9920000000000001,1.1120000000000003,1.1780000000000002,1.2480000000000002,1.322
2025-01-29,0.1,0.7000000000001279,1.5000000000000284,1.5,1,0,0.013761696529509584,0.7944,0.9896000000000001,1.1013000000000002,1.2232000000000003,1.3559
2025-01-30,2.9,3.6000000000001275,4.400000000000029,4.4,1,0,0.03709820990256015,3.4560799999999996,3.6916800000000003,3.836105,4.00088,4.188104999999999
2025-01-31,0.0,3.000000000000128,4.400000000000029,4.4,1,0,0.03458745195156182,2.419256,2.953344,3.26068925,3.600792,3.97869975
2025-02-01,0.0,2.900000000000128,4.400000000000029,4.4,2,0,0.03266205401086738,1.6934791999999999,2.362675200000001,2.7715858624999994,3.2407128000000007,3.7797647624999997
2025-02-02,0.0,0.0,3.6000000000000285,4.4,2,0,0.028537314453961526,1.1854354399999996,1.8901401600000007,2.3558479831249994,2.91664152,3.5907765243749994
2025-02-03,0.0,0.0,3.600000000000028,4.4,2,0,0.028537314453961526,0.8298048079999999,1.5121121280000003,2.0024707856562496,2.6249773679999997,3.4112376981562496
2025-02-04,0.0,0.0,3.0000000000000284,4.4,2,0,0.028537314453961526,0.5808633655999997,1.2096897024000004,1.7021001678078123,2.3624796312000003,3.2406758132484366
2025-02-05,25.1,25.10000000000013,28.00000000000003,29.5,2,0,0.29936035999455296,25.484006335999997,25.981852416,26.38928561916406,26.947288915999998,27.699652471195307
2025-02-06,3.2,28.30000000000013,28.30000000000003,32.7,2,0,0.3375258242169661,21.0388044352,23.9854819328,25.630892776289453,27.4525600244,29.51466984763554
2025-02-07,0.0,28.30000000000013,28.30000000000003,32.7,2,0,0.289505264070304,14.710214589699998,19.1239610368,21.668134217241597,24.4980969579,27.679694191710738
2025-02-08,0.1,3.300000000000128,28.40000000000003,32.8,2,0,0.2605547876253779,10.394325460299997,15.388431411200003,18.498226644221283,22.1134194181,26.33583578820136
2025-02-09,2.0,2.100000000000128,30.40000000000003,34.0,2,0,0.2563149047813246,9.194109999999998,13.999360000000001,17.152556874999995,20.890909999999998,25.282706874999995
2025-02-10,3.1,5.200000000000128,33.50000000000003,37.1,2,0,0.2486770021281944,9.535876999999997,14.299488,17.679673343749997,21.901819,27.11857153124999
2025-02-11,4.2,9.300000000000129,37.70000000000003,40.7,2,0,0.27985441732038596,10.875113899999999,15.639590400000003,19.227722342187498,23.9116371,29.962642954687492
2025-02-12,3.5,10.800000000000129,16.10000000000003,44.099999999999994,2,0,0.26721303534163976,11.112579729999998,16.011672320000002,19.843563990859373,25.02047339,31.96451080695312
2025-02-13,0.0,7.700000000000128,12.90000000000003,41.2,2,0,0.26721303534163976,7.778805810999999,12.809337856000004,16.867029392230467,22.518426051000002,30.36628526660546
2025-02-14,0.8,4.300000000000128,13.70000000000003,42.0,2,0,0.27240163796963274,6.245164067699999,11.047470284800003,15.136974983395895,21.0665834459,29.647971003275185
2025-02-15,9.0,9.800000000000129,22.60000000000003,51.0,2,0,0.30097062434016936,12.6626019724,15.142884249600002,16.924881186934375,19.2080962548,22.137275278228124
2025-02-16,10.6,20.400000000000126,31.200000000000028,61.599999999999994,2,0,0.36352530312459674,19.373429300999998,22.370710016,24.3561509150039,26.771515621,29.714453308753903
2025-02-17,18.6,38.20000000000013,46.70000000000003,80.2,2,0,0.47329106023689377,32.1614005107,36.496568012800005,39.30272827775332,42.6943640589,46.828730643316206
2025-02-18,9.5,38.70000000000013,52.00000000000003,89.7,2,0,0.43762194963839873,32.010155605,38.68651699200001,42.88763159565625,47.890059809,53.92742041722656
2025-02-19,16.6,44.70000000000013,65.10000000000002,81.2,2,0,0.5421397492578676,38.95061387369999,47.3344652288,52.66073804762636,59.003696947899996,66.63357551788846
2025-02-20,11.4,37.50000000000013,76.50000000000003,89.4,2,0,0.5678743481434886,38.5778623844,48.93471221760001,55.55131668702616,63.4224240888,72.84581223035507
2025-02-21,1.5,29.500000000000128,77.20000000000003,90.9,2,0,0.5730705840088539,28.385864064499994,40.196798208000004,47.891746685741204,57.115732231500004,68.18882647403612
2025-02-22,5.1,18.000000000000124,73.30000000000004,95.9,2,0,0.5541400318733708,24.871238507999998,36.88162892800001,45.11892426768749,55.28378446800001,67.78380586299998
2025-02-23,3.8,10.400000000000125,66.50000000000003,97.7,2,0,0.5636119604657401,21.209866955599992,33.30530314240001,42.15108562753437,53.5554060212,68.19461556984999
2025-02-24,30.9,39.800000000000125,78.80000000000003,125.5,2,0,0.7588331343439769,45.724308848999996,57.458343168000006,66.57092325993163,78.820922667,95.20589523996678
2025-02-25,8.2,42.90000000000012,77.50000000000003,129.5,2,0,0.753644531715984,39.95278847019999,53.2003068928,63.013415131875384,76.0007244394,93.25696802482302
2025-02-26,3.6,42.70000000000013,64.50000000000003,129.6,2,0,0.7648194689114893,31.26752816519999,45.022079180800006,55.07453417608241,68.30466053040001,85.84750806765507
2025-02-27,6.5,18.300000000000125,59.60000000000003,136.1,2,0,0.7949165313455062,27.861865752499995,40.52050355200001,49.65149012893261,61.4887754915,76.91862559443845
2025-02-28,18.6,28.700000000000127,76.70000000000003,153.9,2,0,0.7937362543873095,37.834954540199995,49.99634810880001,58.933459768355846,70.62745276140001,85.98469339195194
2025-03-01,8.1,33.200000000000124,79.70000000000002,153.0,3,0,0.8403571942360808,34.1155592648,46.314667059200005,54.925325691046474,65.8766453796,79.84642553099725
2025-03-02,0.3,27.000000000000124,76.20000000000003,142.7,3,0,0.722919636895505,23.858869701499998,36.12766796800001,44.74215862790527,55.614046624500006,69.32850314712987
2025-03-03,0.0,8.400000000000125,45.30000000000003,124.1,3,0,0.6284974802397656,16.658837503699996,28.741073100800012,37.73552322720839,49.5296243019,64.9639725809158
2025-03-04,14.0,14.300000000000123,51.10000000000003,128.6,3,0,0.660955096590176,25.517123875599996,36.44525015040001,45.07113528098945,56.7984018272,72.66221556175428
2025-03-05,5.8,19.800000000000125,53.30000000000003,117.8,3,0,0.6279073417606671,23.554646118299996,34.548178227200005,43.36234225234628,55.5935835721,72.55390441456072
2025-03-06,8.2,28.000000000000124,55.00000000000003,114.6,3,0,0.6674466198602581,23.815403763399996,32.520680345600006,38.97457182036601,47.4600614158,58.625237771366784
2025-03-07,31.4,45.40000000000012,67.80000000000003,144.5,3,0,0.8226530398631298,47.839152930199994,56.53607598080001,62.91401593171719,71.2548920654,82.18433298104375
2025-03-08,23.7,63.300000000000125,83.40000000000002,163.1,3,0,0.9400905972037055,57.0857159615,68.54231372800001,76.46816568633301,86.57416047449999,99.61966335073339
2025-03-09,0.8,55.90000000000012,83.90000000000002,160.1,3,0,0.7376730988729642,40.5763922612,54.93591879680001,64.51825720516835,76.45033456640002,91.54689007814724
2025-03-10,0.2,24.700000000000124,84.10000000000002,129.39999999999998,3,0,0.7152478366672261,28.078070619699997,42.15157524480001,51.37865470365566,62.519882123900004,76.03303850440605
2025-03-11,1.2,2.2000000000001245,71.30000000000003,122.4,3,0,0.69931409773157,20.625844482099993,34.05152931840001,43.27717382294745,54.643598546700005,68.58161737135487
2025-03-12,12.4,13.800000000000123,77.90000000000003,131.2,3,0,0.7347224064774723,26.82961688,39.609011200000005,49.12653542820312,61.474635160000005,77.3729154210156
2025-03-13,3.9,17.500000000000124,73.60000000000002,128.6,3,0,0.6589525337551116,22.680731815999998,35.58720896000001,45.65755511397265,59.22717164400001,77.40426964996482
2025-03-14,0.8,17.100000000000126,43.00000000000003,110.8,3,0,0.6043018025967324,16.281046922599998,27.76652861440001,36.85268018610663,49.222956318200005,65.95173901812927
2025-03-15,1.5,6.2000000000001245,20.80000000000003,104.2,3,0,0.6131538797832079,12.732897201399997,23.09045263360001,31.68290661301445,43.7783257338,60.68147781964022
2025-03-16,16.2,18.500000000000124,36.20000000000003,120.1,3,0,0.7075760364389473,24.881398336799997,33.791893811200005,41.51610050546835,52.741329951600015,68.9377610269035
2025-03-17,6.5,24.200000000000124,42.50000000000003,126.6,3,0,0.6644959274647662,23.030006553899995,30.161965721600005,35.60682913334941,43.01869393730001,53.19053308347323
2025-03-18,0.0,22.700000000000124,41.300000000000026,112.6,3,0,0.6302678956770607,15.451538247599998,21.584804454400004,25.59988138047187,30.4531455132,36.340940969349994
2025-03-19,5.0,11.500000000000124,33.900000000000034,111.8,3,0,0.5848272327864861,15.793478753399995,22.181944217600005,26.602399649928508,32.1288882098,39.04490436949179
2025-03-20,11.5,16.500000000000124,41.50000000000003,115.1,3,0,0.4721107832786971,22.549785622399998,29.224080537600003,34.07266482157109,40.3462637008,48.47291176316952
2025-03-21,27.9,44.40000000000012,68.60000000000002,111.6,3,0,0.5558290565237506,43.6509529058,51.1504154112,56.62551581312656,63.7932232026,73.23078184792499
2025-03-22,2.6,42.00000000000012,69.70000000000003,90.5,3,0,0.5293542157512391,32.8053977253,42.188892467200006,48.29044582733262,55.690288225100005,64.74490470897285
2025-03-23,0.0,30.500000000000124,53.50000000000003,89.7,3,0,0.5281739387930425,22.853613060599994,33.33235466240001,40.2790687763039,48.7614134862,59.17258541049452
2025-03-24,0.2,2.8000000000001246,47.200000000000024,89.7,3,0,0.5122401998573863,16.174931122499995,26.779984384000006,34.27970893638574,43.80632938550001,55.93496658857909
2025-03-25,0.0,0.2000000000001243,47.200000000000024,88.5,3,0,0.4533541546208888,11.280080498399997,21.262926233600005,28.842440989416787,38.9026787868,52.24011285029256
2025-03-26,0.0,0.2000000000001243,42.200000000000024,76.1,3,0,0.4260799819090242,7.438446445499997,15.270879232000004,21.326709490684564,29.363820178500003,39.928568792116195
2025-03-27,0.0,0.0,30.700000000000028,72.2,3,0,0.4213588740762371,5.023303599999998,11.518771200000003,16.848019438867183,24.161028300000005,34.04035024746093
2025-03-28,0.8,0.8000000000001244,3.6000000000000285,72.2,3,0,0.4172279047225485,4.3163125199999985,10.015016960000004,15.120816523037105,22.544925470000003,33.13833273508788
2025-03-29,0.0,0.8000000000001244,1.0000000000000284,70.7,3,0,0.3216254711086124,2.8801811394999985,7.475142656000004,11.868322022877926,18.547040722500004,28.48773140214159
2025-03-30,0.0,0.8000000000001244,1.0000000000000284,54.5,3,0,0.2832664699672182,1.6912802612999993,4.745311027200001,7.824018069527927,12.682534589100003,20.177870030793155
2025-03-31,0.0,0.0,0.8000000000000285,48.0,3,0,0.2832664699672182,0.39579023819999987,0.8005091328000004,1.157619477992578,1.6861526514000005,2.4642159245027333
2025-04-01,0.0,0.0,0.8000000000000285,48.0,4,0,0.25375954601229966,0.20360960199999997,0.3612344320000001,0.47210310500781244,0.610973442,0.7842890862578124
2025-04-02,0.0,0.0,0.8000000000000285,43.0,4,0,0.18589362091598693,0.14252672139999994,0.2889875456000001,0.40128763925664057,0.5498760978000001,0.7450746319449216
2025-04-03,0.4,0.4000000000001243,1.2000000000000286,31.9,4,0,0.023605539163934815,0.4941192,0.6097152000000001,0.7017196125,0.8251528000000001,0.9880735124999999
2025-04-04,0.0,0.4000000000001243,0.4000000000000284,4.0,4,0,0.008261938707377157,0.34588343999999993,0.4877721600000001,0.596461670625,0.7426375200000002,0.9386698368749998
2025-04-05,0.0,0.4000000000001243,0.4000000000000284,1.4,4,0,0.008261938707377157,0.24211840799999995,0.3902177280000001,0.5069924200312499,0.6683737680000001,0.8917363450312498
2025-04-06,0.0,0.0,0.4000000000000284,1.4,4,0,0.007782903941989509,0.16948288559999994,0.3121741824000001,0.43094355702656245,0.6015363912000001,0.8471495277796872
2025-04-07,0.0,0.0,0.4000000000000284,1.2000000000000002,4,0,0.007081661749180416,0.09603999999999999,0.16384000000000004,0.20880249999999997,0.26244,0.3258025
2025-04-08,0.0,0.0,0.4000000000000284,1.2000000000000002,4,0,0.007081661749180416,0.06722799999999998,0.13107200000000005,0.177482125,0.23619600000000004,0.30951237499999995
2025-04-09,0.5,0.5000000000001243,0.9000000000000284,1.7000000000000002,4,0,0.010032354144672273,0.5470596,0.6048576,0.65085980625,0.7125764,0.7940367562499999
2025-04-10,4.0,4.500000000000124,4.500000000000028,5.7,4,0,0.05367018406276842,4.38294172,4.48388608,4.5532308353125,4.64131876,4.7543349184375
2025-04-11,1.9,6.400000000000125,6.400000000000029,6.800000000000001,4,0,0.07036757466007418,4.968059203999999,5.4871088640000005,5.770246210015625,6.077186884,6.416618172515625
2025-04-12,1.8,7.7000000000001245,8.200000000000028,8.6,4,0,0.07876998351029482,5.2776414428,6.189687091200001,6.704709278513281,7.2694681956,7.895787263889844
2025-04-13,0.7,4.400000000000125,8.900000000000029,9.3,4,0,0.07706550056525278,4.38305,5.6088000000000005,6.320253124999999,7.103050000000001,7.961503125
2025-04-14,4.6,7.100000000000124,13.500000000000028,13.9,4,0,0.10960834743938226,7.6681349999999995,9.08704,9.97221515625,10.992745,12.16342796875
2025-04-15,0.0,5.300000000000124,13.500000000000028,13.9,4,0,0.1002131202606157,5.367694499999999,7.269632000000001,8.4763828828125,9.8934705,11.555256570312498
2025-04-16,0.1,4.700000000000124,13.100000000000028,14.0,4,0,0.09724384262326413,3.857386149999999,5.915705600000002,7.304925450390623,9.004123450000002,11.077493741796872
2025-04-17,4.0,4.100000000000124,13.100000000000028,17.6,4,0,0.1141492578158461,6.7001703049999985,8.73256448,10.20918663283203,12.103711105,14.52361905470703
2025-04-18,0.1,4.200000000000124,11.300000000000027,17.7,4,0,0.11479783314434522,4.7901192135,7.086051584000002,8.777808637907226,10.993339994500001,13.897438101971677
2025-04-19,8.4,12.500000000000124,17.900000000000027,26.1,4,0,0.16603528409577617,11.738959686999998,14.015154176000003,15.762700140050779,18.119666775000002,21.303197727253902
2025-04-20,4.6,13.100000000000124,21.80000000000003,30.7,4,0,0.18117251308319998,12.7042816813,15.382626611200001,17.210797501680272,19.512986337100003,22.44309008393769
2025-04-21,3.5,16.500000000000124,20.700000000000028,34.2,4,0,0.201827359851643,12.3393268796,15.602090342400002,17.755116508180855,20.3991986672,23.683335395187886
2025-04-22,1.5,9.600000000000124,22.200000000000028,35.7,4,0,0.201827359851643,10.086683270899998,13.788398745600002,16.23747510414043,19.2316576083,22.92144213479941
2025-04-23,0.4,5.400000000000125,22.500000000000025,35.6,4,0,0.18648375939508532,7.440905022199998,11.355557068800003,14.064041755480858,17.464416939400003,21.756254170592573
2025-04-24,0.7,2.6000000000001244,19.200000000000028,32.3,4,0,0.17940209764590487,5.778694900999999,9.290524416000002,11.748813232191406,14.814054421000002,18.614251541566404
2025-04-25,0.0,1.1000000000001244,19.10000000000003,30.4,4,0,0.16877960502213418,4.045086430699999,7.432419532800002,9.986491247362693,13.332648978900002,17.683538964488083
2025-04-26,1.2,1.9000000000001245,11.900000000000029,29.8,4,0,0.1705500204594293,4.028735748999999,7.135198208000002,9.668830119824218,13.164516237,17.939488322339837
2025-04-27,2.6,3.800000000000124,9.900000000000029,31.7,4,0,0.15992752783565864,5.307124924699999,7.878661836800001,10.031007984487694,13.053350852900001,17.247566149269332
2025-04-28,6.6,10.400000000000125,13.000000000000028,33.7,4,0,0.19828652897705276,10.3121626948,12.8921920512,15.106669346380468,18.313147923600003,22.925314147882027
2025-04-29,2.4,11.600000000000124,13.900000000000029,36.1,4,0,0.21244985247541368,9.381234677199998,11.8118105088,13.586923947961328,15.9529342344,19.149658150885543
2025-04-30,0.7,9.700000000000124,14.200000000000028,36.7,4,0,0.192385144186069,7.136925659499999,9.655527168000003,11.343263095799802,13.453719986500001,16.137985322844724
2025-05-01,2.2,5.300000000000124,15.700000000000028,34.9,5,0,0.2041879137680365,7.096981624499998,9.548612096,11.152713216237302,13.087973447500001,15.43550676936816
2025-05-02,0.8,3.700000000000125,16.50000000000003,35.599999999999994,5,0,0.16051766631475697,5.725515849799999,8.277828403200001,9.984494627290623,12.056158442600001,14.565626022042185
2025-05-03,1.0,4.000000000000124,16.30000000000003,28.2,5,0,0.13927268106721563,4.996562084899999,7.5793130496000005,9.408070671460742,11.7110712223,14.597849945244723
2025-05-04,2.6,4.400000000000124,16.30000000000003,26.2,5,0,0.13396143475533026,6.077820191999999,8.588288512,10.459047987703123,12.895889192,16.04884159051562
2025-05-05,5.6,9.200000000000124,15.30000000000003,28.3,5,0,0.16668385942427527,9.854474134399998,12.470630809600003,14.490190789547656,17.2063002728,20.84639951098984
2025-05-06,0.0,8.200000000000124,12.900000000000029,26.8,5,0,0.15890095548228575,6.864234864199998,9.847655628800002,12.080412885906638,15.0672561174,19.08559520835429
2025-05-07,3.3,8.900000000000123,15.500000000000028,29.700000000000003,5,0,0.17114015893852766,8.031520840199999,10.8989516288,13.056477501734765,15.953966561400001,19.87459940591679
2025-05-08,1.1,4.400000000000123,14.400000000000029,30.1,5,0,0.17763168220860973,6.535630923799999,9.1104916992,10.898634807825779,13.1572922006,16.029205636647653
2025-05-09,1.8,6.200000000000124,15.400000000000029,31.9,5,0,0.18117251308319998,6.307147586899999,8.8306953216,10.591341016234178,12.8047347243,15.590776700643161
2025-05-10,1.5,4.400000000000124,15.900000000000029,32.199999999999996,5,0,0.17409085133401953,5.895230043399999,8.489394329600001,10.364827780760546,12.780186343800002,15.892122008144138
2025-05-11,19.0,22.300000000000125,32.300000000000026,48.6,5,0,0.24785816122131593,23.0645164756,25.555292262400002,27.376979924096872,29.7350751412,32.780294641412496
2025-05-12,8.4,28.900000000000126,35.10000000000003,50.4,5,0,0.32679178740441245,24.522563512999994,28.758334464,31.512933412009765,34.882624875000005,39.06229035795117
2025-05-13,5.1,32.50000000000013,40.20000000000003,53.1,5,0,0.3324707096213739,22.237546934199997,27.999293388800005,31.689118995867574,36.14568394740001,41.610438900815225
2025-05-14,4.1,17.600000000000122,41.00000000000003,56.5,5,0,0.3357853953200293,19.592839289199997,26.220261836800002,30.52387769520156,35.724551608400006,42.07320091375468
2025-05-15,1.0,10.200000000000124,40.90000000000003,55.3,5,0,0.3198550556713173,14.556801362999998,21.374914048,25.842799376613275,31.199497183000005,37.61661400833203
2025-05-16,11.3,16.400000000000126,50.400000000000034,65.8,5,0,0.38240973445574467,21.4897609541,28.399931238400008,33.26637947012129,39.3795474647,47.03578330791542
2025-05-17,0.3,12.600000000000126,49.20000000000003,65.1,5,0,0.3688365494364821,15.249615835699998,22.665610188800006,27.92673701527871,34.590953865900005,43.008162243033
2025-05-18,2.9,14.500000000000124,33.10000000000003,65.39999999999999,5,0,0.3593107319885156,13.543658807599996,20.914376550400004,26.421164618212103,33.6483121952,43.099143497719126
2025-05-19,2.5,5.700000000000124,27.20000000000003,62.3,5,0,0.36765627247828536,11.929715620499998,19.038227712000005,24.60361599766699,32.155859783500006,42.366459832204086
2025-05-20,2.7,8.100000000000124,24.80000000000003,65.0,5,0,0.3716336632299989,11.008429646999998,17.769520896000003,23.317761991505854,31.117256145000006,42.050031431736315
2025-05-21,1.8,7.000000000000124,22.500000000000032,63.5,5,0,0.36824641095738375,8.969197779799998,13.975507251200003,17.879484010306246,23.180640168600004,30.37152801462031
2025-05-22,5.2,9.700000000000124,26.700000000000028,67.6,5,0,0.3883111192467283,11.2411592367,15.478462668800002,18.74381641229824,23.1336772549,29.02356132428691
2025-05-23,1.2,8.200000000000125,16.60000000000003,67.0,5,0,0.3865407038094332,8.924749088699999,13.035161804800005,16.128184488315817,20.242049484900004,25.718824867956833
2025-05-24,4.6,11.000000000000124,20.900000000000027,70.1,5,0,0.3015607628192678,10.731509509999999,14.587895296000003,17.501771757271484,21.388262932,26.578062173681637
2025-05-25,3.8,9.600000000000124,21.80000000000003,54.9,5,0,0.2714637003852508,11.2838091321,15.362942054400005,18.479631589340038,22.700758198700004,28.450422125759175
2025-05-26,9.3,17.700000000000124,28.60000000000003,55.8,5,0,0.29920020890287424,16.8794693611,20.377025382400003,22.783006081888864,25.790616005700002,29.562173606077536
2025-05-27,1.3,14.400000000000125,27.20000000000003,52.0,5,0,0.28090591605082477,13.107154295299999,17.569408051200003,20.60649284830332,24.4069508731,29.204443844002142
2025-05-28,5.6,16.200000000000124,31.00000000000003,53.5,5,0,0.309822701526645,14.693090184499999,19.344141312000005,22.544583148469723,26.5550883095,31.607884528010736
2025-05-29,1.3,8.200000000000124,27.100000000000023,53.8,5,0,0.25021871513770944,11.514544316899999,16.506877593600002,19.97070966534746,24.3278833783,29.830647953514255
2025-05-30,27.5,34.40000000000013,53.40000000000003,70.0,5,0,0.41014624297336805,35.4839127046,40.4155917824,43.94354232382539,48.4536632522,54.222525819894926
2025-05-31,6.0,34.800000000000125,54.800000000000026,75.7,5,0,0.4296208127836143,30.787893348399997,38.13919989760001,42.99763704743828,48.9806757348,56.43367303827109
2025-06-01,2.2,35.700000000000124,53.20000000000003,75.0,6,0,0.42726025886722085,23.604638214399998,32.153014169600006,37.724244587750775,44.4694802728,52.698557302317965
2025-06-02,3.7,11.900000000000125,47.60000000000003,76.2,6,0,0.43257150517910625,20.189349720199996,29.293562316800003,35.52935861437929,43.30411811740001,53.045145110116
2025-06-03,4.1,10.000000000000124,50.40000000000003,77.6,6,0,0.43906302844918826,18.102606189599996,27.040928614400002,33.39433256225507,41.469785481200006,51.73869793411366
2025-06-04,0.6,8.400000000000125,45.40000000000003,76.4,6,0,0.4184081816807453,13.164483738099996,21.824720998400007,28.237059941422068,36.597828860700005,47.47656266830214
2025-06-05,2.4,7.100000000000124,46.50000000000003,73.6,6,0,0.41014624297336805,11.352436635099998,18.861196902400003,24.570568989840037,32.0953364817,41.934480999970106
2025-06-06,3.6,6.600000000000124,22.60000000000003,76.0,6,0,0.4213588740762371,11.509983862199999,18.549371084800008,24.229046915721092,32.0325208614,42.65939892896171
2025-06-07,0.0,6.000000000000124,16.60000000000003,71.4,6,0,0.3989336118704991,7.898802564099999,14.238201446400003,19.49219321405488,26.876669510700005,37.1735021227787
2025-06-08,0.4,4.000000000000124,14.80000000000003,68.0,6,0,0.346411287230744,5.892440012499998,11.650974720000004,16.712427506303705,24.135720587500003,34.936468995629866
2025-06-09,5.7,6.100000000000124,16.80000000000003,64.4,6,0,0.3723773803110723,9.047901073999999,12.067989760000001,14.49151726098828,17.833491426000002,22.424379716792963
2025-06-10,0.7,6.800000000000125,13.400000000000029,63.8,6,0,0.34346059483525215,6.864045602399999,9.710146713600002,11.836543245795703,14.658071642800001,18.410739095523045
2025-06-11,2.6,9.000000000000124,15.400000000000029,60.8,6,0,0.3298874098159896,7.3426873669,10.131894169600002,12.227938069376757,15.025171910300003,18.77298087442246
2025-06-12,13.3,16.600000000000126,26.30000000000003,72.80000000000001,6,0,0.2632017616778736,18.3353653147,21.008230860800005,22.96531206290957,25.5325444909,28.919005155519336
2025-06-13,6.6,22.500000000000128,29.300000000000026,51.900000000000006,6,0,0.27087356190615247,19.3189408682,22.9663505408,25.313330195676173,28.1497084374,31.618233446866014
2025-06-14,9.1,29.000000000000124,38.40000000000003,55.0,6,0,0.3115931169639401,22.6063100928,27.4086559232,30.498206023720314,34.2255305296,38.77807961097969
2025-06-15,20.6,36.300000000000125,58.60000000000003,73.4,6,1,0.4550534319091107,36.3566230052,42.269226700800004,46.05097654974453,50.56614922040001,56.00220697625859
2025-06-16,17.8,47.50000000000013,70.70000000000003,87.5,6,1,0.5682771244164895,43.147945013999994,51.228834304,56.234582211656246,62.054291914000004,68.8466436461875
2025-06-17,9.8,48.20000000000013,79.80000000000003,93.2,6,1,0.5923708886516392,40.003561509799994,50.78306744320001,57.599394879907805,65.6488627226,75.20431146387811
2025-06-18,21.6,49.20000000000013,98.80000000000004,114.2,6,0,0.7334115764258389,49.5911940469,62.18350428160001,70.48073588618536,80.5445050743,92.80460111498886
2025-06-19,3.2,34.60000000000013,88.70000000000003,115.0,6,0,0.6829498209095792,37.7528249409,52.334770585600005,61.986441398515424,73.7025874583,87.95157050558066
2025-06-20,21.5,46.300000000000125,103.60000000000002,132.9,6,1,0.8178534892373975,47.90720419119999,63.29265454080001,74.0506631056996,87.58825380440001,104.63487612283475
2025-06-21,0.4,25.10000000000012,94.90000000000003,133.3,6,0,0.8035848320104165,33.86159936909999,50.754950758400014,62.831190188558786,78.3228644797,98.24641627467324
2025-06-22,5.2,27.10000000000013,79.50000000000004,138.1,6,0,0.7813433463262436,28.527427477199996,44.37588398080001,55.98808208254336,71.05315477840001,90.57089416906912
2025-06-23,12.1,17.700000000000124,73.80000000000003,144.5,6,0,0.848619132943458,31.882765569699995,46.89203758080001,58.39049870151308,73.74656159590002,94.19068566164236
2025-06-24,6.6,23.900000000000126,70.60000000000002,150.4,6,0,0.872224672107393,28.660883422199994,43.13652500480001,54.44036681678554,69.79893163140001,90.632645231491
2025-06-25,10.0,28.700000000000124,59.00000000000003,157.79999999999998,6,0,0.8509796868598517,29.480719382599993,42.29731184640001,52.21869906484882,65.63626260220002,83.76703202160584
2025-06-26,6.1,22.700000000000124,61.90000000000002,150.60000000000002,6,0,0.8497994099016548,26.233697624599998,38.026589030400004,46.98152980785663,58.96616010820001,75.02116290208241
2025-06-27,16.8,32.90000000000012,57.200000000000024,160.8,6,0,0.8934696573549342,34.8867625932,46.169004236800006,54.80493117413906,66.45249538440001,82.20248275244217
2025-06-28,5.4,28.300000000000125,62.200000000000024,157.1,6,0,0.7665898843487843,29.210587277399995,40.01592104960001,47.73170436425859,57.67579153980001,70.55964072727107
2025-06-29,8.4,30.60000000000013,65.40000000000003,144.9,6,0,0.7494758684549317,28.757019014499996,40.069139456000016,48.34195061572949,59.1924413775,73.51570048534471
2025-06-30,3.9,17.700000000000124,57.20000000000003,131.0,6,0,0.7004943746897669,23.422591524799994,33.64676664320001,40.75785833004453,49.676610777600004,60.86707126745233
2025-07-01,2.1,14.400000000000125,52.70000000000003,123.3,7,0,0.5966300023684535,18.484515057399996,28.974463641600007,36.66542981880156,46.66947832380001,59.684222928384365
2025-07-02,1.2,7.2000000000001245,43.90000000000003,102.9,7,0,0.5340753235840261,13.992273410699998,23.821225164800005,31.341868443409567,41.389402602900006,54.78657969792557
2025-07-03,7.5,10.800000000000123,45.300000000000026,107.2,7,0,0.5057486765873043,16.9527963362,25.257752524800008,31.758407884375387,40.531453217400006,52.30253374824491
2025-07-04,7.4,16.100000000000126,35.90000000000003,93.1,7,0,0.5328950466258293,19.080523771,26.897532416000008,33.095275633070315,41.577030191000006,53.13574326185936
2025-07-05,1.9,16.800000000000125,32.400000000000034,94.6,7,0,0.527583800313944,14.973891390699999,22.344284108800004,28.062240244702537,35.832542770900005,46.39158670638261
2025-07-06,5.0,14.300000000000123,29.00000000000003,94.4,7,0,0.4567671828221394,15.309414071599996,22.220444774400004,27.651970341518748,35.122350009200005,45.41971204170937
2025-07-07,3.8,10.700000000000124,28.90000000000003,86.10000000000001,7,0,0.4490953825938606,14.042031431799998,19.772469555200004,23.996684797366797,29.552317214600002,36.88994586041913
2025-07-08,7.0,15.800000000000123,33.800000000000026,86.5,7,0,0.44555455171927033,16.676885367799997,22.238155059200004,26.334060294321873,31.714221916600003,38.81226909551093
2025-07-09,56.8,67.60000000000012,89.40000000000002,133.29999999999998,7,1,0.7609239429343619,68.23654054830001,73.6885809152,77.53020625371153,82.41390082810001,88.642265351133
2025-07-10,1.7,65.50000000000013,83.60000000000002,128.9,7,0,0.6977123928159902,49.3554130367,60.2321054208,66.83286513872598,74.51266482890001,83.57507802054667
2025-07-11,12.0,70.50000000000013,88.20000000000003,124.1,7,0,0.7212056931786727,46.489469323399994,59.96019855360001,68.39449911880156,78.32917362180001,90.13897654711874
2025-07-12,1.6,15.300000000000129,87.90000000000002,120.3,7,0,0.6790583689385845,34.10873149649999,49.43930982400001,59.49907496577245,71.6778421315,86.51354339267674
2025-07-13,4.1,17.700000000000127,87.00000000000003,116.0,7,0,0.6615452350692743,27.7642556108,42.846141491200015,53.19765568835117,65.9949696176,81.79733917875507
2025-07-14,11.1,16.800000000000125,94.30000000000004,123.2,7,0,0.7134774212299311,30.325947243299993,44.58234424320001,54.86113674297714,67.91525219910001,84.3768188694533
2025-07-15,7.7,22.900000000000126,95.00000000000004,128.8,7,0,0.7359026834356691,28.874492772999993,43.16186444800001,53.9579048632832,68.161237943,86.72037774142771
2025-07-16,7.9,26.700000000000127,46.10000000000003,135.5,7,0,0.7518364223713252,27.970907316599998,41.89262064640001,52.779847112087104,67.50172194820001,87.29067415816442
2025-07-17,5.8,21.400000000000126,50.200000000000024,133.8,7,0,0.7504016550734883,25.272294527,38.90607462400001,49.91474730877929,65.22657168100002,86.45094008115038
2025-07-18,1.2,14.900000000000128,39.400000000000034,127.6,7,0,0.7418040682266529,18.6928734946,31.573240422400012,42.24941438207734,57.463165432200014,79.1372345024242
2025-07-19,2.6,9.600000000000128,40.40000000000003,128.29999999999998,7,1,0.7264604677700952,14.080552031899998,21.759738777600006,27.329536058212692,34.51191349130001,43.772114628563074
2025-07-20,58.0,61.800000000000125,94.30000000000004,181.3,7,1,1.0398240001713304,67.80836563,75.225254912,80.89541916210156,88.467968794,98.56565610042966
2025-07-21,0.9,61.50000000000012,84.10000000000004,178.4,7,0,0.9648764133258374,48.02688564219999,59.79171374080002,67.29861343569766,76.3370306334,87.35253002454765
2025-07-22,15.9,74.80000000000013,92.30000000000004,187.3,7,0,0.7701307152233747,49.47362390969999,63.56157230080001,72.78882237339784,84.0454420659,97.92692442053887
2025-07-23,7.7,24.500000000000128,92.10000000000002,138.2,7,0,0.805539023969277,42.215721884699995,58.109023692800015,68.7633139595912,81.91131625490002,98.27575674863455
2025-07-24,0.9,24.50000000000013,87.20000000000003,137.4,7,0,0.7394435143102593,30.137457792899994,46.19536552960001,57.1635109774705,70.74985394430001,87.61598888565682
2025-07-25,0.9,9.500000000000128,86.90000000000002,126.3,7,0,0.7335421295192757,21.778714513299995,37.02951121920001,47.97305141742636,61.89004456110001,79.52491500923846
2025-07-26,19.3,21.10000000000013,103.60000000000002,144.0,7,0,0.7842940387217355,34.3219447126,48.0753529344,58.5217859105207,72.2464804282,90.11864743879335
2025-07-27,20.7,40.900000000000134,66.30000000000003,160.6,7,0,0.8739950875446881,44.56152565439999,58.53751208960001,69.3016464787664,83.6994974328,102.84004081927107
2025-07-28,37.3,77.30000000000013,102.70000000000002,186.8,7,1,1.064960689395564,68.4591709282,84.00116065280001,95.97015022174256,112.2111335614,134.27955445122146
2025-07-29,30.8,88.80000000000013,117.60000000000002,209.9,7,0,1.2478589320323175,78.64797608499998,97.72175564800001,111.8627542371953,130.88345626100002,156.8088606866406
2025-07-30,5.4,73.50000000000013,115.30000000000004,207.4,7,1,1.1897191738623167,58.815226815299994,77.3497019392,89.0646256498541,102.97176110910002,119.6416751764826
2025-07-31,1.9,38.10000000000013,116.3,203.5,7,0,1.1897191738623167,43.04523599829999,63.683124787200015,77.42774483846932,94.26077440210001,115.02072817234392
2025-08-01,7.4,14.700000000000127,122.80000000000004,209.7,8,0,1.2097838821516613,37.08252955289999,56.63925032960001,70.08328008368144,86.69070976430001,107.14977442983651
2025-08-02,17.4,26.700000000000127,120.90000000000003,224.49999999999997,8,0,0.9825805676987884,43.140264745299994,61.88461905920001,75.45485515770565,92.7368147991,114.58201127620916
2025-08-03,23.0,47.800000000000125,123.20000000000002,189.5,8,0,1.1118208946213317,53.172762549299996,72.41105848320001,86.95943992014315,106.1493227231,131.31404746708415
2025-08-04,39.8,80.20000000000012,125.70000000000002,228.4,8,0,1.316607916853225,76.9955110121,97.63221002240002,113.53833696821503,135.02057985470003,164.00948184841542
2025-08-05,27.1,89.90000000000012,122.00000000000004,239.6,8,0,1.3685311330291234,80.4516804779,103.13344629760002,119.80791041920683,141.8890279753,171.3533848286939
2025-08-06,2.9,69.80000000000013,119.50000000000004,234.8,8,0,1.3803339026110908,58.6314525691,83.18411146240001,100.66142368647283,123.3824814677,153.29186094502478
2025-08-07,7.6,37.60000000000013,125.20000000000005,241.5,8,0,1.418692903752485,47.58838411959999,70.14223216640002,85.81879485159295,105.63852750520002,130.894380064182
2025-08-08,17.4,27.900000000000126,135.20000000000002,258.0,8,0,1.3083370081610894,49.841845116799995,70.20666091520002,84.28224397015975,101.73537879960001,123.30856333243084
2025-08-09,2.2,27.200000000000127,120.0,240.9,8,1,1.2481428832930554,36.936754947299995,57.785508147200005,72.77678559119589,91.87897734310002,116.10995569392205
2025-08-10,3.0,22.60000000000013,100.00000000000004,223.2,8,0,1.0669703702098554,28.802058165799995,49.02439557120002,64.48620638426914,85.02859057260002,112.16685772467302
2025-08-11,61.5,66.70000000000013,121.70000000000005,247.4,8,0,1.3094735882397346,81.4524090318,99.92494750720002,114.85640483450742,135.4455110586,163.62786148807538
2025-08-12,18.4,82.90000000000012,113.00000000000004,235.0,8,0,1.3549579480098608,74.925179389,96.47164723200001,112.60232947380273,134.233955095,163.4284456709238
2025-08-13,54.6,134.5000000000001,164.70000000000005,284.2,8,0,1.6647806495365056,106.3979324996,129.3077115904,145.7838687528957,167.39095546320002,196.0860737848949
2025-08-14,9.6,82.60000000000012,166.70000000000005,291.90000000000003,8,0,1.675993280639375,82.95430125869999,108.77267681280003,125.68068714720057,146.3744580009,172.05203991396266
2025-08-15,1.2,65.40000000000013,150.50000000000003,285.7,8,0,1.5738993237553565,58.50250295629999,85.30830110720001,102.6932877174869,123.48782647410002,148.42366686490448
2025-08-16,22.2,33.00000000000013,170.50000000000006,290.5,8,0,1.533769907176667,63.06983424719999,90.1352557568,108.91835878727576,132.3278763504,161.46614639786793
2025-08-17,6.9,30.300000000000125,174.40000000000003,274.40000000000003,8,0,1.3779733486946972,50.834202783799995,78.19216081920001,97.9843594961949,123.3451325706,155.74243833976286
2025-08-18,4.8,33.90000000000013,117.70000000000005,239.4,8,0,1.2510935756885475,39.89243501539999,65.48541788160001,84.6610909362371,109.74361445580001,142.33729368002693
2025-08-19,1.0,12.700000000000127,100.30000000000004,213.3,8,1,1.2369302521901866,28.86255995599999,53.152111104000014,72.52880360625194,99.00216044200002,134.90320772970114
2025-08-20,6.9,12.700000000000127,52.60000000000003,217.3,8,0,1.2375203906692849,27.019049394499994,49.09956633600001,67.95885985229198,94.95590907750001,133.26183652550094
2025-08-21,8.8,16.700000000000127,51.800000000000026,218.5,8,0,1.186768481466825,25.976111794799998,41.476140851200014,54.45725500749374,72.81659410360001,98.5764229360656
2025-08-22,14.7,30.400000000000126,65.30000000000004,215.8,8,0,1.2599456528750228,32.36352379819999,45.905227724800014,57.36617771650038,73.8192513954,97.33084210727614
2025-08-23,2.7,26.200000000000127,45.80000000000003,216.3,8,0,1.2239472056500225,23.812151799199995,33.561551820800005,40.71190858202187,50.099483426400006,62.47326311949686
2025-08-24,26.2,43.60000000000012,65.10000000000002,239.5,8,0,1.0156283225282974,42.597330020399994,52.01844930560001,58.91512801304765,67.94222205880001,79.80172534683358
2025-08-25,13.2,42.10000000000012,73.50000000000003,191.2,8,0,0.999104445113543,42.98423398439999,54.68591042560001,63.04160952588164,73.9295857248,88.29315475240585
2025-08-26,1.4,40.800000000000125,73.90000000000002,174.2,8,0,0.6692170352975532,30.861868736299996,42.76502149120001,50.61475632063534,60.1959657821,71.98653696369354
2025-08-27,2.0,16.600000000000122,69.00000000000003,121.6,8,0,0.660955096590176,23.408400193599995,35.4711353344,43.664109482589055,53.77048796720001,66.25592523476405
2025-08-28,11.8,15.200000000000124,72.00000000000003,123.8,8,0,0.6385298343844379,28.050292015999993,39.661512192,47.96949591936523,58.519782658000004,71.86919166468164
2025-08-29,13.3,27.10000000000013,70.60000000000002,135.9,8,1,0.6709874507348482,32.906956886299994,44.921835571200006,53.877197127119715,65.6191259521,80.97699514220916
2025-08-30,10.9,36.00000000000013,78.80000000000003,124.6,8,0,0.681609943358619,33.739961898599994,46.09658659840001,55.33718416810078,67.5513321202,83.69686050435388
2025-08-31,6.1,30.300000000000125,58.70000000000003,123.8,8,0,0.7022647901270619,29.4693951099,42.03237647360001,51.4041117846873,63.82782863530001,80.34313241383845
2025-09-01,3.0,20.000000000000124,48.50000000000003,122.0,9,0,0.7140675597090294,23.21333796089999,35.04750069760001,43.79944127317558,55.319472702300004,70.52454278634237
2025-09-02,4.9,14.000000000000124,52.00000000000003,125.9,9,0,0.6981338207733734,21.073068255399996,32.648090265600004,41.59796419047929,53.7460936438,70.28172591108162
2025-09-03,2.8,10.700000000000124,52.800000000000026,121.8,9,0,0.6585945426737825,16.811062626399995,26.105268633600005,33.000160168180464,42.03610914880001,53.88073180748202
2025-09-04,7.9,15.600000000000126,48.900000000000034,120.9,9,0,0.6214158184905851,19.294876509799998,27.366875699200005,33.35139400565586,41.12994282460001,51.18336761916132
2025-09-05,1.9,12.600000000000124,37.50000000000003,108.1,9,0,0.5494189240405838,15.366867022,23.643176704000005,29.973060738730467,38.428798726000004,49.68596752326952
2025-09-06,1.6,11.400000000000126,28.200000000000028,107.0,9,0,0.475061475674189,12.300311865599998,20.299792998400005,26.68335281923945,35.48856197320001,47.60419526862929
2025-09-07,5.5,9.000000000000124,27.60000000000003,86.30000000000001,9,0,0.43021095126271275,13.776897512099998,20.472819046400005,25.857731925133002,33.325300182700005,43.658889622184944
2025-09-08,7.5,14.600000000000124,32.10000000000003,80.60000000000001,9,0,0.4673896754459102,16.768136177299997,22.450178611200002,26.86064255863144,32.8553469111,41.012743849205265
2025-09-09,4.9,17.900000000000126,32.10000000000003,84.1,9,0,0.4296208127836143,16.3297973027,21.689764300800007,25.585615167522846,30.669217222900002,37.33587401904667
2025-09-10,1.3,13.700000000000124,30.60000000000003,83.4,9,0,0.42253915103443385,12.558548209999998,17.996828928000006,21.84683902591601,26.775357016,33.11678498874023
2025-09-11,8.6,14.800000000000123,31.30000000000003,80.2,9,0,0.39480264251681046,17.3062411723,22.675340595200005,26.57918995900644,31.651785994100003,38.26473492158808
2025-09-12,3.6,13.500000000000124,33.00000000000003,70.5,9,0,0.33106768677418635,15.575955948599999,21.2141389824,25.227626883885936,30.378083038200003,37.01768717324062
2025-09-13,4.1,16.300000000000125,35.50000000000003,63.7,9,0,0.3228057480668091,14.924076094299998,20.770663475200003,24.992234519149022,30.463975102100004,37.59033938471113
2025-09-14,21.2,28.90000000000012,51.20000000000003,78.8,9,0,0.44732496715656545,31.423697819299996,36.968274739200005,40.88809154698495,45.8630179151,52.18080059549237
2025-09-15,71.3,96.60000000000012,115.00000000000004,147.1,9,0,1.1032204501791296,93.24291817619999,100.6706088448,105.68081644668985,111.9142270874,119.73416038116483
2025-09-16,10.4,102.90000000000012,120.50000000000004,152.6,9,0,1.0526534160012113,75.62484668350001,90.76468838400001,99.91369493274121,110.56491887450002,123.18947325932518
2025-09-17,21.1,102.80000000000013,140.3,170.9,9,0,1.1376335797727763,73.88203129149998,93.12119270400001,104.94383146895605,118.69069556650001,134.83694643054784
2025-09-18,3.7,35.20000000000013,135.40000000000003,166.7,9,0,1.0766912283083934,55.20556546729999,77.39164779520002,91.42569871605723,107.90653770910001,127.30457206473258
2025-09-19,3.0,27.80000000000013,134.80000000000004,167.79999999999998,9,0,1.0006465637874804,41.50548295509999,64.38718474240002,79.74715932737908,98.4073595817,121.00553245922791
2025-09-20,3.9,10.600000000000128,134.60000000000005,170.1,9,0,0.9991619249688047,32.91711628619999,55.27016135680002,71.42914870262928,92.01334165140003,118.07689781525661
2025-09-21,1.3,8.200000000000127,114.70000000000005,165.9,9,0,0.9347793508918203,24.099052686199993,44.59271111680002,60.32165651990468,81.11337290140001,108.32391524704371
2025-09-22,0.0,5.200000000000128,43.40000000000003,158.4,9,0,0.9080054598987759,16.767645790699994,35.287621836800014,50.56466018629238,71.74679322690001,100.75226650343336
2025-09-23,2.2,3.5000000000001283,35.20000000000003,155.7,9,0,0.9076329808532954,13.821537201399995,29.98986332160001,44.372776100551555,65.34253229980001,95.45983172738435
2025-09-24,2.4,4.6000000000001275,16.50000000000003,156.79999999999998,9,0,0.8745852260237864,11.476228513099997,24.11555799040001,35.9431223134455,53.81629613970001,80.39361702916149
2025-09-25,5.1,9.700000000000127,17.900000000000027,153.29999999999998,9,0,0.8822570262520653,11.119311433799998,16.736667187200005,21.614508936935152,28.673893746600005,38.78399241000702
2025-09-26,0.0,7.500000000000127,14.900000000000029,149.7,9,0,0.8557007946926386,7.489743744699999,12.272642252800004,16.324838791251366,22.180248594900007,30.61792862142753
2025-09-27,1.8,6.900000000000127,12.80000000000003,147.4,9,0,0.5529597549151739,6.4467978459,9.352518553600003,11.522063040974412,14.4051086493,18.253682772426366
2025-09-28,12.5,14.300000000000129,24.00000000000003,138.7,9,0,0.38890125772582673,16.90824265,19.584730368000002,21.56531828876758,24.174487556000003,27.625671958623045
2025-09-29,18.1,32.400000000000134,42.10000000000003,85.5,9,0,0.4237194279926307,29.851027280300002,33.445661747200006,35.83989733243027,38.8110034801,42.54817754297676
2025-09-30,6.0,36.60000000000013,45.90000000000003,81.1,9,0,0.3744131683736088,26.785553749099996,32.337770086400006,35.69610255563691,39.570057215700004,44.08569460279824
2025-10-01,2.0,26.10000000000013,45.50000000000003,62.0,10,0,0.3541343240260418,20.713165841999995,27.73062963200001,32.08575044664843,37.159769522000005,43.10305185164843
2025-10-02,12.3,20.30000000000013,52.70000000000003,70.6,10,0,0.429158837281889,26.799216089399998,34.484503705600005,39.57288787965118,45.74379256980001,53.24789925906601
2025-10-03,2.0,16.30000000000013,54.70000000000003,69.6,10,0,0.4060487169078279,20.697306707799996,29.351379763200008,35.203831008153905,42.402320744600004,51.26828302978828
2025-10-04,29.7,44.00000000000013,82.60000000000002,95.4,10,0,0.6131558321131002,44.1203206357,52.92340577280001,59.15075778651309,67.0252604139,76.96790022412675
2025-10-05,7.9,39.60000000000013,78.00000000000003,102.0,10,0,0.6019412486803387,38.640162067999995,49.691116288,57.17408465639843,66.44447432800001,77.96594682280468
2025-10-06,0.9,38.50000000000013,60.800000000000026,102.9,10,0,0.6044722061611851,27.948113447599994,40.65289303040001,49.49797195793866,60.700026895200004,74.96764948166444
2025-10-07,0.1,8.900000000000128,54.90000000000003,100.8,10,0,0.5934464255766999,19.612833868499994,32.429040896000004,41.81890223643456,54.10240301350001,70.24154051695214
2025-10-08,0.7,1.700000000000128,53.60000000000003,99.1,10,0,0.5547301703524691,14.075889646699997,25.301055436800006,33.785136846710344,45.033682210900004,59.94525175062479
2025-10-09,2.1,2.900000000000128,43.40000000000003,96.1,10,0,0.5671230784135349,11.441842551999997,20.397371648000004,27.253939601136715,36.319234224000006,48.21085056287889
2025-10-10,0.0,2.8000000000001277,41.400000000000034,96.1,10,0,0.5565005857897642,7.8398046369999985,15.673652224000005,21.984602234921873,30.595240161000007,42.20788639930468
2025-10-11,0.0,2.100000000000128,11.700000000000028,94.3,10,0,0.41486735080615506,5.4313681960999975,12.324173414400004,18.293163091002143,26.838359264700003,38.90001820086268
2025-10-12,0.0,0.0,3.800000000000028,81.8,10,0,0.37591821118566254,3.4545131809999985,8.538636288000003,13.127633453960936,19.865778525000003,29.590552938187493
2025-10-13,0.0,0.0,2.9000000000000283,63.7,10,0,0.32929727133689124,2.361664176899999,6.616160665600003,10.76473962718535,17.1818437923,26.913551412801354
2025-10-14,0.0,0.0,2.800000000000028,57.7,10,0,0.3287071328577928,0.8142134342999997,2.103915315200001,3.3028588741880855,5.107909742100002,7.785386746781443
2025-10-15,0.0,0.0,2.100000000000028,55.7,10,0,0.25434968449139805,0.34679395729999984,0.8348762112000004,1.2521222487681638,1.8425590911000005,2.6660955894591787
2025-10-16,0.0,0.0,0.0,43.400000000000006,10,0,0.2313342838065615,0.21733299769999992,0.5712642048000003,0.8871169475462889,1.3444925859000003,1.9939275646716788
2025-10-17,0.0,0.0,0.0,41.400000000000006,10,0,0.06904620205450941,0.14930834589999992,0.4462739456000003,0.7343619649802734,1.1751754833000003,1.8343574925142572
2025-10-18,0.0,0.0,0.0,11.7,10,0,0.020654846768442953,0.08474257469999996,0.28185722880000014,0.4863955871947265,0.8135830269000002,1.3235237604216792
2025-10-19,0.0,0.0,0.0,3.8,10,0,0.017114015893852724,0.0,0.0,0.0,0.0,0.0
2025-10-20,0.0,0.0,0.0,2.9,10,0,0.016523877414754355,0.0,0.0,0.0,0.0,0.0
2025-10-21,0.0,0.0,0.0,2.8,10,0,0.012392908061065754,0.0,0.0,0.0,0.0,0.0
2025-10-22,0.0,0.0,0.0,2.0999999999999996,10,0,0.0,0.0,0.0,0.0,0.0,0.0
2025-10-23,6.6,6.6000000000001275,6.600000000000028,6.6,10,0,0.07871626995872702,6.6000000000000005,6.6000000000000005,6.6000000000000005,6.6000000000000005,6.6000000000000005
2025-10-24,0.0,6.6000000000001275,6.600000000000028,6.6,10,0,0.07871626995872702,4.62,5.280000000000001,5.61,5.94,6.2700000000000005
2025-10-25,4.5,11.100000000000128,11.100000000000028,11.1,10,0,0.11355153467068467,7.734,8.724000000000002,9.2685,9.846,10.4565
2025-10-26,0.1,4.6000000000001275,11.200000000000028,11.2,10,0,0.1027540007536703,5.513799999999999,7.079200000000001,7.978224999999999,8.961400000000001,10.033674999999999
2025-10-27,1.2,5.800000000000128,12.400000000000029,12.4,10,0,0.10454950063448769,5.05966,6.863360000000002,7.9814912499999995,9.265260000000001,10.731991250000002
2025-10-28,32.3,33.60000000000012,44.700000000000024,44.7,10,0,0.3995447035783875,35.841761999999996,37.790687999999996,39.084267562499996,40.638734,42.49539168749999
2025-10-29,2.2,35.700000000000124,46.90000000000003,46.9,10,0,0.41147141114789165,27.289233399999993,32.432550400000004,35.421627428125,38.7748606,42.57062210312499
2025-10-30,22.4,56.90000000000012,62.70000000000002,69.3,10,0,0.5820794885371131,41.502463379999995,48.34604032,52.50838331390624,57.29737453999999,62.84209099796874
2025-10-31,7.1,31.700000000000124,69.80000000000003,76.39999999999999,10,0,0.5871657185924009,36.151724365999996,45.776832256,51.73212581682031,58.667637086,66.7999864480703
2025-11-01,6.9,36.40000000000013,72.20000000000002,83.3,11,0,0.5977870641117079,32.20620705619999,43.52146580480001,50.87230694429725,59.7008733774,70.35998712566678
2025-11-02,0.5,14.500000000000128,72.60000000000002,83.8,11,1,0.5389238911793109,22.857911274999992,34.60850304,42.4420898340039,51.92950833500001,63.39032397041014
2025-11-03,2.5,9.900000000000128,73.90000000000002,86.3,11,0,0.5485740435007035,18.5005378925,30.186802432000007,38.57577635890332,49.2365575015,62.720807771889625
2025-11-04,0.2,3.200000000000128,41.800000000000026,86.5,11,0,0.5104697844200913,13.023262662699995,23.866258124800005,32.10347508553456,42.943848770900004,57.090451156722445
2025-11-05,23.7,26.400000000000126,63.300000000000026,110.2,11,0,0.6420895752141342,32.8134591114,42.782269081600006,50.96826638227031,62.3145960498,77.87605490496249
2025-11-06,0.1,24.000000000000128,41.00000000000003,103.7,11,0,0.634955246600644,23.035524348099997,34.19696624640001,43.186777139720895,55.7647223167,73.36376783262831
2025-11-07,0.0,23.80000000000013,33.90000000000003,103.7,11,0,0.5854173712655845,15.212471989399997,23.889386905600006,30.349717308557416,38.92593646980001,50.35637630359725
2025-11-08,0.0,0.1000000000001279,27.00000000000003,99.2,11,0,0.5848272327864861,10.586585837799998,18.875286323200005,25.36413602272421,34.2662502546,46.521336222092955
2025-11-09,0.6,0.6000000000001279,27.100000000000023,99.7,11,0,0.5706639092881252,7.377865528699998,13.295047372800003,17.749528962083396,23.629228170900003,31.383561972048625
2025-11-10,0.0,0.6000000000001279,24.600000000000023,98.5,11,0,0.38240973445574467,4.963948443299998,9.873681203200004,13.689291346951757,18.7906884291,25.563351604853704
2025-11-11,1.2,1.8000000000001275,25.600000000000023,67.39999999999999,11,0,0.3847702883721381,4.4798559885,8.358063104000003,11.477464254958006,15.7057383495,21.353899143866204
2025-11-12,0.1,1.300000000000128,2.0000000000000284,65.3,11,0,0.23310469924385666,3.2217754294999987,6.7327633920000025,9.757407414543943,14.060825294500003,20.086835717053702
2025-11-13,0.0,1.3000000000001282,1.9000000000000283,42.89999999999999,11,0,0.20241749833074138,2.1846239883999994,5.117775257600002,7.801610291510545,11.783046664800002,17.58565158310507
2025-11-14,0.0,0.1000000000001279,1.9000000000000283,35.8,11,0,0.1699598819803309,1.5235872868999993,4.0727453696000016,6.591993866915818,10.535006310300002,16.58662161610214
2025-11-15,0.0,0.0,1.9000000000000283,28.9,11,0,0.1664190511057407,0.3970447606999999,0.7134281728000001,0.9372714040033201,1.2178266489000003,1.5672250753474606
2025-11-16,0.0,0.0,1.3000000000000285,28.4,11,0,0.15225572760737976,0.2751065799999999,0.5600051200000001,0.7769932529687499,1.0611761400000002,1.4289901276562496
2025-11-17,0.0,0.0,1.3000000000000285,25.9,11,0,0.1516655891282814,0.1925746059999999,0.4480040960000002,0.6604442650234374,0.9550585260000001,1.357540621273437
2025-11-18,0.0,0.0,0.1000000000000284,25.7,11,0,0.012322931241483375,0.13480222419999993,0.35840327680000017,0.5613776252699217,0.8595526734000002,1.289663590209765
2025-11-19,0.0,0.0,0.0,2.0,11,0,0.011212631102869006,0.07741304199999996,0.2222981120000001,0.3590463388749999,0.5643903420000002,0.8659382471562497
2025-11-20,0.5,0.5000000000001279,0.5000000000000284,2.4,11,0,0.014163323498360861,0.5541891294,0.6778384896000001,0.8051893880437498,1.0079513078000002,1.3226413347984372
2025-11-21,0.7,1.200000000000128,1.2000000000000284,3.0999999999999996,11,0,0.018294292852049462,1.0540353607,1.1134217728000002,1.1481616946283204,1.1887420489,1.238024940972461
2025-11-22,3.0,4.200000000000128,4.200000000000029,6.1,11,0,0.04412881800716511,3.7350000000000003,3.8800000000000003,3.9562500000000003,4.035,4.11625
2025-11-23,0.1,3.800000000000128,4.300000000000028,5.6,11,0,0.039450196717927107,2.7144999999999997,3.2040000000000006,3.4628124999999996,3.7315000000000005,4.0104375
2025-11-24,0.0,3.1000000000001284,4.300000000000028,5.6,11,0,0.03625506876841104,1.9001499999999996,2.5632000000000006,2.9433906249999993,3.3583500000000006,3.809915625
2025-11-25,0.0,0.1000000000001283,4.300000000000028,4.3999999999999995,11,0,0.03203936309766557,1.3301049999999994,2.0505600000000004,2.501882031249999,3.0225150000000003,3.6194198437499994
2025-11-26,0.0,0.0,4.300000000000028,4.3,11,0,0.031919734601529505,0.9310734999999998,1.6404480000000004,2.1265997265624996,2.7202635,3.4384488515624994
2025-11-27,0.0,0.0,3.8000000000000287,4.3,11,0,0.028208137554840036,0.6517514499999998,1.3123584000000004,1.8076097675781249,2.4482371500000006,3.266526408984374
2025-11-28,0.0,0.0,3.100000000000029,4.3,11,0,0.02788873912546239,0.4562260149999999,1.0498867200000004,1.5364683024414059,2.2034134350000003,3.1032000885351554
2025-11-29,0.0,0.0,0.1000000000000288,4.3,11,0,0.02788873912546239,0.31935821049999985,0.8399093760000003,1.305998057075195,1.9830720915000004,2.948040084108397
2025-11-30,0.0,0.0,0.0,4.3,11,0,0.025375954601229916,0.2094269848999999,0.6182404096000004,1.0116611463435545,1.6104256623000004,2.501269610283788
2025-12-01,0.0,0.0,0.0,4.3,12,0,0.025375954601229916,0.12682562199999992,0.41943040000000015,0.7220998913535155,1.2053081880000003,1.9570902723027335
2025-12-02,0.3,0.3000000000001283,0.3000000000000288,4.6000000000000005,12,0,0.027146370038525033,0.30403536070000003,0.31342177280000005,0.32316169462832034,0.33874204890000004,0.36302494097246096
2025-12-03,0.0,0.3000000000001283,0.3000000000000288,4.6000000000000005,12,0,0.024195677643033174,0.21000000000000002,0.24000000000000005,0.255,0.2700000000000001,0.28500000000000003
2025-12-04,0.0,0.3000000000001283,0.3000000000000288,4.1000000000000005,12,0,0.012392908061065746,0.147,0.19200000000000006,0.21675,0.24300000000000005,0.27075000000000005
2025-12-05,0.0,0.0,0.3000000000000288,3.4,12,0,0.0027523393059020757,0.10289999999999999,0.15360000000000007,0.1842375,0.21870000000000006,0.2572125
2025-12-06,0.0,0.0,0.3000000000000288,0.4,12,0,0.00252942340244727,0.07203,0.12288000000000004,0.156601875,0.19683000000000003,0.244351875
2025-12-07,0.0,0.0,0.3000000000000288,0.3,12,0,0.0022269582280137596,0.05042099999999999,0.09830400000000004,0.13311159375,0.17714700000000005,0.23213428124999996
2025-12-08,0.0,0.0,0.3000000000000288,0.3,12,0,0.0022269582280137596,0.03529469999999999,0.07864320000000004,0.11314485468749999,0.15943230000000003,0.22052756718749997
2025-12-09,0.0,0.0,0.0,0.3,12,0,0.0019457259854973657,0.024706289999999992,0.06291456000000004,0.096173126484375,0.14348907000000005,0.20950118882812496
2025-12-10,0.0,0.0,0.0,0.3,12,0,0.0019457259854973657,0.017294402999999993,0.050331648000000034,0.08174715751171875,0.12914016300000006,0.1990261293867187
2025-12-11,0.0,0.0,0.0,0.3,12,0,0.0019457259854973657,0.012106082099999995,0.04026531840000003,0.06948508388496093,0.11622614670000005,0.18907482291738276
2025-12-12,0.0,0.0,0.0,0.3,12,0,0.0017704154372950621,0.0,0.0,0.0,0.0,0.0
2025-12-13,0.0,0.0,0.0,0.3,12,0,0.0017704154372950621,0.0,0.0,0.0,0.0,0.0
2025-12-14,0.0,0.0,0.0,0.3,12,0,0.0017704154372950621,0.0,0.0,0.0,0.0,0.0
2025-12-15,0.0,0.0,0.0,0.3,12,0,0.0,0.0,0.0,0.0,0.0,0.0
2025-12-16,0.0,0.0,0.0,0.0,12,0,0.0,0.0,0.0,0.0,0.0,0.0
2025-12-17,0.0,0.0,0.0,0.0,12,0,0.0,0.0,0.0,0.0,0.0,0.0
2025-12-18,0.0,0.0,0.0,0.0,12,0,0.0,0.0,0.0,0.0,0.0,0.0
2025-12-19,0.0,0.0,0.0,0.0,12,0,0.0,0.0,0.0,0.0,0.0,0.0
2025-12-20,0.0,0.0,0.0,0.0,12,0,0.0,0.0,0.0,0.0,0.0,0.0
2025-12-21,0.0,0.0,0.0,0.0,12,0,0.0,0.0,0.0,0.0,0.0,0.0
2025-12-22,0.0,0.0,0.0,0.0,12,0,0.0,0.0,0.0,0.0,0.0,0.0
2025-12-23,0.0,0.0,0.0,0.0,12,0,0.0,0.0,0.0,0.0,0.0,0.0
2025-12-24,0.0,0.0,0.0,0.0,12,0,0.0,0.0,0.0,0.0,0.0,0.0
2025-12-25,0.2,0.2000000000001283,0.2000000000000288,0.2,12,0,0.002385341513900736,0.2,0.2,0.2,0.2,0.2
2025-12-26,0.0,0.2000000000001283,0.2000000000000288,0.2,12,0,0.002385341513900736,0.13999999999999999,0.16000000000000003,0.17,0.18000000000000002,0.19
2025-12-27,0.0,0.2000000000001283,0.2000000000000288,0.2,12,0,0.0020459735976700658,0.09799999999999999,0.12800000000000003,0.1445,0.16200000000000003,0.1805
2025-12-28,0.0,0.0,0.2000000000000288,0.2,12,0,0.0018348928706014495,0.06859999999999998,0.10240000000000003,0.12282499999999999,0.1458,0.171475
2025-12-29,0.1,0.1000000000001283,0.3000000000000289,0.3,12,0,0.00252942340244727,0.14801999999999998,0.18192000000000003,0.20440124999999998,0.23122,0.26290125
2025-12-30,1.1,1.2000000000001283,1.400000000000029,1.4,12,0,0.014312049083404844,1.203614,1.2455360000000002,1.2737410625,1.3080980000000002,1.3497561875000001
2025-12-31,0.0,1.2000000000001283,1.400000000000029,1.4,12,0,0.013119378326454432,0.8425298,0.9964288000000001,1.082679903125,1.1772882000000002,1.282268378125
2026-01-01,0.0,1.1000000000001284,1.200000000000029,1.4,1,0,0.011252854787185032,0.5897708599999999,0.7971430400000002,0.9202779176562499,1.05955938,1.21815495921875
2026-01-02,14.7,14.700000000000127,15.900000000000029,16.099999999999998,1,0,0.1753226012717103,15.112839602000001,15.337714432000002,15.482236230007814,15.653603442000001,15.857247211257814
2026-01-03,0.3,15.000000000000128,16.200000000000028,16.4,1,0,0.1789006135425615,10.8789877214,12.570171545600001,13.459900795506643,14.3882430978,15.364384850694922
2026-01-04,0.3,15.300000000000129,16.50000000000003,16.7,1,0,0.15651698022175453,7.9096419,10.334662400000003,11.7015407953125,13.179683100000004,14.7764182203125
2026-01-05,0.1,0.7000000000001279,16.50000000000003,16.8,1,0,0.1412867510362966,5.63674933,8.367729920000002,10.046309676015625,11.961714790000002,14.137597309296874
2026-01-06,0.0,0.4000000000001279,15.400000000000029,16.8,1,0,0.1298437346589605,3.9457245309999993,6.694183936000003,8.53936322461328,10.765543311000002,13.430717443832028
2026-01-07,0.0,0.1000000000001279,15.400000000000029,16.8,1,0,0.1143171890380357,2.762007171699999,5.355347148800002,7.258458740921289,9.688988979900003,12.759181571640426
2026-01-08,0.0,0.0,15.400000000000029,16.6,1,0,0.1143171890380357,1.9305802676999997,4.2735403008000015,6.150002489349022,8.685222237900001,12.061348799134567
2026-01-09,0.0,0.0,0.7000000000000284,16.6,1,0,0.09988060058886533,1.3203339099999996,3.3007206400000015,5.010940271171874,7.433153730000002,10.799670726015622
2026-01-10,0.0,0.0,0.4000000000000284,16.6,1,0,0.09988060058886533,0.9242337369999997,2.6405765120000018,4.259299230496093,6.689838357000002,10.25968718971484
2026-01-11,0.0,0.0,0.1000000000000284,16.6,1,0,0.09988060058886533,0.6469636158999997,2.112461209600001,3.620404345921679,6.020854521300001,9.746702830229097
2026-01-12,0.0,0.0,0.0,16.5,1,0,0.09088132578114916,0.037635915099999986,0.11156848640000007,0.18328995022480465,0.2931959997000001,0.4579346819134764
2026-01-13,0.0,0.0,0.0,15.4,1,0,0.09088132578114916,0.01787088309999999,0.05704253440000004,0.09673413638886717,0.15927286770000004,0.255416866046289
2026-01-14,0.0,0.0,0.0,15.4,1,0,0.09088132578114916,0.004035360699999998,0.013421772800000007,0.02316169462832031,0.03874204890000001,0.0630249409724609
2026-01-15,0.3,0.3000000000001279,0.3000000000000284,15.7,1,0,0.005901384790983664,0.3,0.3,0.3,0.3,0.3
2026-01-16,0.0,0.3000000000001279,0.3000000000000284,1.0,1,0,0.00413096935368855,0.21,0.24,0.255,0.27,0.285
2026-01-17,0.0,0.3000000000001279,0.3000000000000284,0.7,1,0,0.003068960396505062,0.14699999999999996,0.19200000000000003,0.21674999999999997,0.243,0.27075
2026-01-18,0.0,0.0,0.3000000000000284,0.4,1,0,0.002752339305902077,0.10289999999999998,0.15360000000000004,0.18423749999999997,0.21870000000000003,0.25721249999999996
2026-01-19,0.9,0.9000000000001279,1.2000000000000284,1.2000000000000002,1,0,0.010734036812553612,0.97203,1.02288,1.056601875,1.09683,1.144351875
2026-01-20,0.0,0.9000000000001279,1.2000000000000286,1.2000000000000002,1,0,0.010734036812553612,0.6804209999999999,0.8183040000000001,0.8981115937499999,0.9871470000000001,1.08713428125
2026-01-21,0.0,0.9000000000001279,1.2000000000000286,1.2000000000000002,1,0,0.009206881189515041,0.47629469999999996,0.6546432000000002,0.7633948546875,0.8884323000000001,1.0327775671875
2026-01-22,0.0,0.0,0.9000000000000284,1.2000000000000002,1,0,0.008257017917705833,0.3334062899999999,0.5237145600000002,0.6488856264843749,0.7995890700000001,0.9811386888281248
2026-01-23,0.0,0.0,0.9000000000000286,1.2000000000000002,1,0,0.0077829039419894976,0.23338440299999996,0.4189716480000001,0.5515527825117187,0.719630163,0.9320817543867186
2026-01-24,1.7,1.700000000000128,2.6000000000000285,2.9,1,0,0.0202754028681569,1.8633690821,2.0351773184,2.168819865134961,2.3476671467,2.5854776666673827
2026-01-25,0.7,2.400000000000128,3.300000000000028,3.5999999999999996,1,0,0.02862409816680977,1.9958840999999998,2.2959296,2.4844345640625,2.7082969,2.9765827015624997
2026-01-26,0.6,3.000000000000128,3.000000000000028,4.2,1,0,0.03068960396504997,1.9971188699999998,2.43674368,2.7117693794531244,3.03746721,3.427753566484374
2026-01-27,0.0,1.3000000000001275,3.0000000000000284,4.2,1,0,0.027523393059018977,1.3979832089999997,1.9493949440000005,2.3050039725351557,2.7337204890000004,3.256365888160156
2026-01-28,12.8,13.400000000000128,15.80000000000003,17.0,1,0,0.1526618568896525,13.778588246300002,14.359515955200001,14.759253376654883,15.260348440100001,15.893547593752148
2026-01-29,1.6,14.400000000000128,17.40000000000003,18.3,1,0,0.17174458900085907,11.219589,12.990976000000002,13.96817840625,15.020503000000001,16.16000696875
2026-01-30,3.6,18.000000000000128,21.00000000000003,21.9,1,0,0.18413762379029944,11.4537123,13.992780800000002,15.472951645312499,17.118452700000002,18.952006620312503
2026-01-31,0.0,5.200000000000128,19.30000000000003,21.9,1,0,0.16514035835411287,8.017598609999999,11.194224640000002,13.152008898515625,15.406607430000001,18.004406289296874
2026-02-01,0.2,3.800000000000128,18.80000000000003,22.1,2,0,0.15345168641513515,5.812319026999999,9.155379712000002,11.37920756373828,14.065946687000002,17.30418597483203
2026-02-02,5.0,5.200000000000128,23.20000000000003,26.200000000000003,2,0,0.17221810296639142,9.068623318899999,12.324303769600002,14.672326429177538,17.6593520183,21.438976676090427
2026-02-03,0.6,5.800000000000128,23.80000000000003,26.8,2,0,0.17667201942241878,6.900015530899999,10.276906905600002,12.736790977421679,15.900663468300001,19.94917504558066
2026-02-04,0.0,5.6000000000001275,11.000000000000028,26.8,2,0,0.15825238015378662,4.810237604199999,8.146363596800002,10.688460247769921,14.066522213400003,18.53260043583476
2026-02-05,1.0,1.600000000000128,10.400000000000029,27.8,2,0,0.16169794327295373,4.350217807999999,7.452666368000003,9.967066567999998,13.450662928000003,18.24672825049999
2026-02-06,0.0,1.000000000000128,6.800000000000029,27.8,2,0,0.1608466814677831,3.0451524655999993,5.962133094400002,8.472006582799999,12.105596635200001,17.334391837974994
2026-02-07,1.7,2.700000000000128,8.500000000000028,27.8,2,0,0.1599275278356586,3.4700384071999997,5.095316940800001,6.38121321981875,8.131952938400001,10.503839423824997
2026-02-08,2.1,3.800000000000128,10.40000000000003,29.2,2,0,0.16877960502213418,4.4838308452,6.004454860800001,7.209032189900781,8.860872140400001,11.120668349852341
2026-02-09,0.8,4.6000000000001275,6.200000000000029,29.4,2,0,0.1699598819803309,3.836990502,5.2170168320000005,6.2189295057890615,7.519542542000001,9.20918195110156
2026-02-10,9.9,12.800000000000129,15.500000000000028,39.3,2,0,0.15638669696106838,12.585893351400001,14.073613465600003,15.186090079920703,16.6675882878,18.64872285354648
2026-02-11,7.0,17.70000000000013,22.50000000000003,33.5,2,0,0.2015613579246193,15.804475840999999,18.237415936,19.868801687064455,21.931093771,24.59653932302148
2026-02-12,18.9,35.800000000000125,40.40000000000003,50.8,2,0,0.36622927398292887,29.821895464199997,32.9530618368,34.80410941230117,36.8945921934,39.273027660678515
2026-02-13,0.0,25.90000000000013,40.40000000000003,47.2,2,0,0.32844582383762433,20.85837831,26.29802496,29.46536835785156,32.99592591,36.95013411410156
2026-02-14,0.0,18.900000000000126,38.700000000000024,47.2,2,0,0.3018445260253757,14.600864816999994,21.038419968000007,25.045563104173823,29.696333319,35.10262740839648
2026-02-15,16.7,16.700000000000127,53.300000000000026,63.7,2,0,0.3956562451770974,26.892357847,33.423361792,37.79185423420702,43.078021547000006,49.44875909873827
2026-02-16,0.0,16.700000000000127,52.50000000000003,58.7,2,0,0.3897176899023942,18.8246504929,26.7386894336,32.12307609907597,38.7702193923,46.97632114380136
2026-02-17,0.0,16.700000000000127,42.60000000000002,58.099999999999994,2,0,0.3593107319885156,13.129234552699995,21.208415436800003,26.969928196835347,34.3004441049,43.609652289906045
2026-02-18,0.0,0.0,35.60000000000002,58.099999999999994,2,0,0.3456906500900339,9.131144384599997,16.7412465664,22.511002718194526,30.138174970200005,40.17182210301014
2026-02-19,0.4,0.4000000000001279,17.100000000000026,57.5,2,0,0.3430963487760374,6.769203049299998,13.707097907200003,19.37685278699277,27.245414721100005,38.08424144646893
2026-02-20,0.0,0.4000000000001279,17.100000000000026,57.5,2,0,0.3204451941504156,4.4587916379999974,9.902673920000003,14.5212682659707,21.068956692,30.252533675685534
2026-02-21,0.0,0.4000000000001279,17.100000000000026,55.8,2,0,0.3169043632758254,2.923421472299999,7.170519859200002,10.964957195690037,16.521311942100002,24.54874841723261
2026-02-22,2.9,2.900000000000128,3.300000000000028,56.6,2,0,0.32044519415041567,4.41251681,6.607043840000001,8.499287374296873,11.17915823,14.905182844765621
2026-02-23,0.0,2.900000000000128,3.300000000000028,55.8,2,0,0.25493982297049644,3.0887617669999994,5.285635072000002,7.224394268152342,10.061242407000002,14.15992370252734
2026-02-24,6.8,9.700000000000127,10.100000000000028,52.7,2,0,0.2679228695106606,8.9621332369,11.028508057600002,12.94073512792949,15.855118166299999,20.251927517400972
2026-02-25,11.4,18.20000000000013,21.50000000000003,57.099999999999994,2,0,0.2254328990155778,17.201759600000003,18.429657600000002,19.111822306249998,19.8466764,20.64042425625
2026-02-26,1.7,19.90000000000013,22.80000000000003,39.9,2,0,0.23546525316025016,13.741231719999998,16.44372608,17.945048960312498,19.562008759999998,21.3084030434375
2026-02-27,3.7,16.800000000000132,26.50000000000003,43.6,2,0,0.2573003768868899,13.318862203999998,16.854980864,18.953291616265624,21.305807884000004,23.942982891265622
2026-02-28,16.5,21.900000000000137,43.00000000000003,60.1,2,0,0.3380995947937868,25.823203542799998,29.983984691200007,32.61029787382578,35.67522709559999,39.24583374670234
2026-03-01,1.1,21.300000000000136,41.20000000000003,44.50000000000001,3,0,0.30583559664721227,19.164943469999997,25.044238080000003,28.740003431015623,33.06823301,38.14404728367187
2026-03-02,0.4,18.000000000000135,41.60000000000003,44.9,3,0,0.3088048742845639,13.815460429,20.435390464000008,24.82900291636328,30.161409709000004,36.636844919488276
2026-03-03,2.2,3.700000000000135,37.00000000000003,47.10000000000001,3,0,0.30288467840909167,11.870822300299999,18.548312371200005,23.304652478908785,29.345268738100003,37.00500267351386
2026-03-04,0.2,2.8000000000001353,25.800000000000026,47.3,3,0,0.2853731445396152,8.427657787999998,14.727264768000003,19.43801883448437,25.599574388,33.61841541604687
2026-03-05,0.0,2.4000000000001354,24.100000000000023,46.9,3,0,0.2853731445396152,5.899360451599998,11.781811814400005,16.522316009311716,23.039616949200003,31.93749464524452
2026-03-06,4.7,4.900000000000135,25.10000000000003,51.6,3,0,0.30333117825656286,8.637469146799999,13.395305011200003,17.405222658398046,23.064641861600002,30.96920872616132
2026-03-07,3.0,7.700000000000135,11.60000000000003,54.6,3,0,0.305101593693858,8.724206618899998,12.492178329600002,15.550071050154099,19.783243458300003,25.595147182535733
2026-03-08,0.5,8.200000000000134,11.000000000000028,52.2,3,0,0.3080522860893498,6.558923840899999,10.311206553600002,13.382873905251756,17.712165764300003,23.7975370267037
2026-03-09,7.0,10.500000000000137,17.60000000000003,59.2,3,0,0.29093827019549706,11.486730846499999,14.851680768000001,17.647007523403317,21.6508389595,27.392333500186517
2026-03-10,1.7,9.200000000000134,17.10000000000003,54.1,3,0,0.25198913057500455,9.274627431699999,11.809670604800003,13.451528723270897,15.432560801900001,17.843557327743945
2026-03-11,1.4,10.100000000000136,18.30000000000003,44.10000000000001,3,0,0.247858161221316,7.861166924799999,10.729624883200003,12.617237570005468,14.905758437600001,17.69276882819453
2026-03-12,1.8,4.900000000000135,20.10000000000003,44.2,3,0,0.21658082182910224,7.291517837399999,10.340750233600001,12.445902172768358,15.075711217800002,18.368635611089452
2026-03-13,2.4,5.600000000000135,17.800000000000026,42.9,3,0,0.1534360045655765,7.441917931399999,10.4363769856,12.545893157303514,15.2010475278,18.532982564210542
2026-03-14,0.9,5.1000000000001355,15.700000000000028,27.3,3,0,0.15461628152377327,6.103693046999999,9.227626752000003,11.524634302839843,14.511207087000003,18.38658604815234
2026-03-15,20.2,23.500000000000135,35.40000000000003,46.4,3,0,0.28277884322561875,24.472585132899997,27.582101401600003,29.99593915741386,33.2600863783,37.66725674574472
2026-03-16,4.6,25.700000000000134,33.00000000000003,50.6,3,0,0.29578234772370177,21.598046225999997,26.161022464,29.171238583400388,32.895289072,37.569830294037104
2026-03-17,0.0,24.800000000000132,31.300000000000026,48.4,3,0,0.28444674692541505,15.033889783499996,20.606695424,24.20492958286816,28.559724844500003,33.89512796162011
2026-03-18,0.3,4.9000000000001345,30.200000000000028,48.5,3,0,0.2862171623627101,10.809599085999995,16.731669248000003,20.775752943267577,25.829413140000003,32.201003093919915
2026-03-19,1.4,1.700000000000135,29.80000000000003,49.9,3,0,0.26379190015697196,8.768986685899998,14.033716121600005,17.68126917139238,22.2057227453,27.799794364555268
2026-03-20,4.6,6.300000000000135,32.00000000000003,49.8,3,0,0.27559466973893937,10.690269887799998,15.644436787200004,19.294392308304296,23.992397122600003,29.991951849622257
2026-03-21,10.8,16.800000000000136,41.90000000000003,57.599999999999994,3,0,0.32339588654590756,18.243642386599998,23.165225574400004,26.92460929598164,31.9050075942,38.454122542207415
2026-03-22,3.1,18.500000000000135,24.80000000000003,60.2,3,0,0.31395367088033355,15.819704125799998,21.438906931200002,25.63154397377109,31.1868856426,38.55368992446796
2026-03-23,12.7,26.600000000000136,32.90000000000003,65.89999999999999,3,0,0.3800651425004876,23.705998828299997,29.593427507200005,34.01431380728769,39.931368822100005,47.88903677407245
2026-03-24,9.0,24.800000000000132,41.90000000000003,73.19999999999999,3,0,0.4325997441089167,25.568776407399998,32.57810524160001,37.734979772287886,44.6244213438,53.95572169005429
2026-03-25,0.2,21.900000000000137,41.800000000000026,72.0,3,0,0.41427721232705667,17.5275434822,24.0935257088,28.297869838762104,33.3186747194,39.36344943293632
2026-03-26,12.8,22.000000000000135,53.200000000000024,82.99999999999999,3,0,0.47565161415328727,24.939341823,31.580899328000008,35.94756710298046,41.182886423,47.441087040792965
2026-03-27,16.2,29.200000000000134,64.80000000000003,96.8,3,0,0.5565005857897641,33.657539276099996,41.464719462400005,46.755432037533396,53.2645977807,61.269032688753306
2026-03-28,5.0,34.000000000000135,59.00000000000003,100.9,3,0,0.4916200990023371,28.551803235799994,38.13956331520001,44.68305491060117,52.83353447060001,63.025959972544136
2026-03-29,2.3,23.500000000000135,58.200000000000024,82.99999999999999,3,0,0.4974572769588293,22.2467157302,32.661326796800005,40.00497250793397,49.36203120740001,61.33643025898319
2026-03-30,0.8,8.100000000000135,46.30000000000003,79.19999999999999,3,0,0.47281141447586256,16.242762396599996,26.435140198400006,33.89860437177656,43.62190726220001,56.31541882553749
2026-03-31,5.1,8.200000000000134,42.400000000000034,84.3,3,0,0.495716322442632,16.164860408699997,25.088470988800005,31.787570149130268,40.5939893829,52.13328894048612
2026-04-01,2.1,8.000000000000135,44.300000000000026,86.1,4,0,0.49748673787992703,13.327834958899999,21.837916825600004,28.50912397330449,37.553687280300004,49.77053998182284
2026-04-02,3.2,10.400000000000135,34.70000000000003,87.89999999999999,4,0,0.4892247991725499,12.170740904999999,19.306681344000005,24.93245044218164,32.570102363000004,42.878053854404286
2026-04-03,1.3,6.6000000000001355,19.80000000000003,84.6,4,0,0.4355221975745981,9.565290909399998,15.778977433600005,20.720713236787887,27.474986165800004,36.64551870853866
2026-04-04,15.2,19.700000000000134,30.00000000000003,89.0,4,0,0.506928953545501,21.890054131600003,27.801707110400006,32.77323137040156,39.8577518612,49.89349538526405
2026-04-05,3.3,19.800000000000136,31.000000000000025,89.19999999999999,4,0,0.4514559365102542,18.2614695734,24.1669761536,28.637254289280076,34.7088926418,43.03498779374961
2026-04-06,3.7,22.200000000000134,33.90000000000003,80.2,4,0,0.4201785971180404,16.025418797999997,21.294119168,24.852300795568354,29.289412648,34.88369998840039
2026-04-07,1.5,8.500000000000135,30.300000000000026,72.7,4,0,0.42312928951353224,12.576555534099999,17.998424422400003,21.640083654529487,26.117079182700003,31.645830292788467
2026-04-08,15.1,20.300000000000136,43.300000000000026,87.6,4,0,0.4414235823655818,23.8386195666,29.251778918400003,33.041259976366405,37.8034108522,43.786443817900775
2026-04-09,18.2,34.80000000000013,58.300000000000026,93.0,4,0,0.4455712506788993,34.8644356767,41.5155237888,46.127571456438865,51.944127014900005,59.318132075615026
2026-04-10,1.1,34.400000000000134,58.10000000000002,77.89999999999999,4,0,0.43128757682531627,25.361042596699995,33.764810700800005,39.304376275835345,46.0714542689,54.39866708171854
2026-04-11,1.3,20.60000000000013,44.20000000000003,74.2,4,0,0.42371942799263057,18.993410015399995,28.08636277760001,34.29528358534452,42.03208411780001,51.72138615523202
2026-04-12,2.2,4.600000000000132,43.10000000000002,74.1,4,0,0.43257150517910625,15.404994931099997,24.325492838400002,30.720992953652534,38.91310469770001,49.41935864190761
2026-04-13,0.0,3.500000000000132,39.40000000000003,73.3,4,0,0.40247444274508926,10.746774669399997,19.320807833600004,25.856907284961714,34.5685122558,46.17003268880233
2026-04-14,4.8,7.0000000000001315,42.70000000000003,73.0,4,0,0.4184081816807453,11.893379890099999,18.624558694400005,23.785880246238474,30.6117487407,39.56072957793886
2026-04-15,0.2,5.0000000000001315,27.80000000000003,71.1,4,0,0.40070402730779414,8.432149090899998,14.745312153600004,19.76831267497832,26.5999350143,35.806861199555264
2026-04-16,0.0,5.0000000000001315,9.600000000000028,67.89999999999999,4,0,0.39303222707951535,5.797988521499998,11.398965248000003,16.074630477670894,22.649831284500003,31.801191464395494
2026-04-17,0.7,0.9000000000001314,9.20000000000003,67.3,4,0,0.3074621476102514,4.716220677699999,9.658110924800003,14.06812429950918,20.561830495900004,30.013026482318153
2026-04-18,1.5,2.2000000000001316,9.400000000000029,53.599999999999994,4,0,0.29683965498648074,4.3748168484,7.605138585600002,10.485102149037889,14.740603000800002,20.971447375702727
2026-04-19,2.9,5.100000000000131,10.100000000000028,53.2,4,0,0.29211854715369384,5.448266840699999,7.029900748800001,8.229222667681054,9.820595090900001,11.9258627127791
2026-04-20,4.8,9.20000000000013,14.900000000000029,54.3,4,0,0.31159311696394004,8.5827145111,10.3058089984,11.578277422754102,13.2549892977,15.470958943977928
2026-04-21,0.7,8.40000000000013,10.800000000000027,53.5,4,0,0.2266131759737746,6.6711783753999985,8.8050607616,10.285599083698045,12.1762083958,14.619052975769138
2026-04-22,0.0,5.5000000000001315,10.600000000000028,38.400000000000006,4,0,0.11625728038237913,4.607680307999999,6.807825408000001,8.309635531593749,10.191494988000002,12.57087906065625
2026-04-23,0.0,0.7000000000001314,10.600000000000028,20.2,4,0,0.11271644950778889,3.2253762155999994,5.446260326400002,7.063190201854686,9.172345489200001,11.942335107623435
2026-04-24,0.2,0.2000000000001314,10.100000000000028,19.299999999999997,4,0,0.10504464927951006,2.3221752313999993,4.041612185600001,5.258714530741015,6.7814544278,8.671281043898045
2026-04-25,2.6,2.8000000000001317,11.200000000000028,20.6,4,0,0.10858548015410029,4.219873156999999,5.811814912000001,7.0305324702617185,8.633573297000002,10.717969603855465
2026-04-26,5.5,8.300000000000132,13.80000000000003,23.9,4,0,0.13809240410901885,8.4539112099,10.149451929600001,11.47595259972246,13.2702159673,15.682071123662693
2026-04-27,6.2,14.300000000000132,15.200000000000028,30.1,4,0,0.15825238015378665,12.0979645795,14.244399616000003,15.816747626725585,17.899119462500003,20.67885171001269
2026-04-28,4.3,16.00000000000013,18.80000000000003,29.6,4,0,0.17641248935176218,12.726203918299998,15.534458419200002,17.44892387620566,19.886189856100003,23.04680371565449
2026-04-29,16.6,27.100000000000133,35.400000000000034,46.0,4,0,0.29908753790800424,25.4264249206,28.7161816064,30.860649522186712,33.4864033942,36.758126406080464
2026-04-30,10.8,31.700000000000134,46.20000000000003,56.8,4,0,0.3659232522207069,28.462909324899996,33.2575492096,36.08655495302324,39.2641065423,42.84628277743222
2026-05-01,2.4,29.800000000000132,48.40000000000003,58.50000000000001,5,0,0.35928259411954055,22.304263259999992,28.930877440000003,32.935759627031246,37.49362098,42.684852781093745
2026-05-02,0.3,13.500000000000131,46.10000000000004,57.3,5,0,0.342209247704769,15.912984281999996,23.444701952000003,28.29539568297656,34.04425888200001,40.85061014203906
2026-05-03,3.0,5.700000000000131,43.60000000000004,57.4,5,0,0.33661059549104616,14.139088997399998,21.755761561600004,27.051086330530072,33.639832993800006,41.8080796349371
2026-05-04,12.4,15.70000000000013,49.80000000000003,65.0,5,1,0.4157367855679396,22.2917127932,29.783134412800006,35.35404850008241,42.606114006400006,51.997928265342566
2026-05-05,2.7,18.10000000000013,48.20000000000003,67.0,5,0,0.4163853608964386,18.230755390499997,26.247334656000007,32.23906777378418,40.138938661500006,50.54131581005566
2026-05-06,4.3,19.40000000000013,35.90000000000003,71.3,5,0,0.4207687355971388,16.906167386399996,24.707309721600005,30.620398383842577,38.507313374800006,49.021196853741785
2026-05-07,5.6,12.600000000000133,30.700000000000028,76.9,5,0,0.4526362134684508,17.259182516099997,24.700127846400004,30.406717319353707,38.0947757087,48.45796798777674
2026-05-08,0.8,10.70000000000013,29.10000000000003,77.5,5,0,0.44201372084468016,12.759963404199997,20.098393292800004,25.79914978278554,33.5859808454,44.26050074966288
2026-05-09,7.5,13.90000000000013,36.300000000000026,82.4,5,0,0.42903067430451597,15.963065469599998,21.796303206400005,26.16116220331172,31.939320655200007,39.60844252082265
2026-05-10,1.0,9.300000000000132,34.300000000000026,77.9,5,0,0.4201785971180404,11.869072559799998,17.277401395200002,21.110744305935153,25.979661436600004,32.16166145100703
2026-05-11,0.3,8.80000000000013,22.20000000000003,72.0,5,0,0.39834347339140064,8.540556732099997,13.864223078400004,17.771634089627145,22.844867036700002,29.416609724284562
2026-05-12,10.6,11.90000000000013,30.100000000000023,78.3,5,0,0.3623450261664,16.569915455,21.659166208000002,25.646826654880858,31.055776801000004,38.36615815629882
2026-05-13,3.1,14.000000000000131,28.900000000000027,64.8,5,0,0.3132618836650777,14.614198243799999,20.105210419200006,24.309179443626558,30.0041638006,37.75163943076874
2026-05-14,6.6,20.300000000000132,29.900000000000027,60.6,5,0,0.34287045635615376,16.4796694619,21.352728473600003,24.821559913257616,29.2801347633,35.03971941267441
2026-05-15,2.1,11.80000000000013,31.200000000000028,60.3,5,0,0.35113239506353094,13.559500306099999,18.892272486400003,22.666765034549023,27.510689498700003,33.771143706097064
2026-05-16,3.0,11.70000000000013,26.700000000000028,63.0,5,0,0.3458211487516456,12.3701858572,17.652109004800003,21.42019034070156,26.260303256400004,32.508017682067184
2026-05-17,2.7,7.800000000000132,28.400000000000027,62.7,5,0,0.2968396549864808,11.200943960599997,16.220391782400004,19.804665125288277,24.3816736662,30.2296899382289
2026-05-18,1.3,7.000000000000132,29.400000000000027,51.6,5,0,0.2885777162791036,9.118062752499998,14.190414080000004,17.97646583302246,22.9645635475,29.53921588992675
2026-05-19,3.7,7.700000000000132,22.50000000000003,52.599999999999994,5,0,0.2832664699672182,9.870787489999998,14.247024896000003,17.50343792551367,21.753018892,27.271728051142574
2026-05-20,2.8,7.800000000000131,22.200000000000028,51.1,5,0,0.26851300798975897,9.6813037181,14.090245734400003,17.481047832345897,22.029038562700002,28.109404709347068
2026-05-21,5.1,11.600000000000133,20.700000000000028,50.6,5,0,0.2938889625909889,11.868438345199998,16.339984332800004,19.899828336191796,24.8215311744,31.624313392108196
2026-05-22,2.7,10.600000000000133,21.300000000000026,52.5,5,0,0.26438203863607035,10.708483077699999,14.633821132800003,17.527985399751365,21.3433865919,26.396486166575972
2026-05-23,0.9,8.70000000000013,19.200000000000028,45.9,5,0,0.26497217711516874,8.3083708272,12.274196940800003,15.188476936332421,19.028144768400004,24.120577346608197
2026-05-24,2.4,6.0000000000001315,18.900000000000027,47.3,5,0,0.23605539163934855,8.029425914699999,11.510687948800003,14.010834327233788,17.2240525869,21.36288468030449
2026-05-25,4.2,7.5000000000001315,21.800000000000026,51.2,5,0,0.23664553011844686,9.761278337999999,13.183064576000001,15.695772929033202,18.969422604000002,23.23739287388867
2026-05-26,4.6,11.20000000000013,22.700000000000028,45.2,5,1,0.2313342838065615,11.348152261899997,14.824329113600001,17.35078377665605,20.6264450233,24.879312412479095
2026-05-27,0.2,9.000000000000131,20.100000000000023,42.3,5,0,0.21067943703811856,8.0674382661,11.769552998400004,14.416605318437695,17.822368732700003,22.218757055911517
2026-05-28,2.5,7.300000000000131,17.50000000000003,38.2,5,0,0.20772874464262672,8.1104850039,11.776055961600001,14.498177795029099,18.086849887300005,22.82946118210605
2026-05-29,23.1,25.800000000000132,37.90000000000003,59.2,5,0,0.3316578252532847,28.672823660600002,32.1235602944,34.695015829714066,38.08805467020001,42.572661447818746
2026-05-30,9.6,35.20000000000013,46.60000000000003,65.8,5,0,0.39000333752278427,29.5918834927,34.9982005248,38.53951512310293,42.902949570900006,48.36756494556035
2026-05-31,7.1,39.80000000000013,51.300000000000026,70.2,5,0,0.4071487459363286,27.6702560679,34.55095208960001,38.8545283924998,43.934394569300004,49.995628308166594
2026-06-01,2.0,18.70000000000013,49.10000000000002,70.9,6,0,0.39657305795410563,21.292910930299996,29.350851379200005,34.49478824190488,40.599523324100005,47.879257156814646
2026-06-02,3.2,12.300000000000132,47.700000000000024,70.4,6,0,0.394212504037712,18.0796148788,26.584044339200005,32.34338304171249,39.4257603956,48.14643105365937
2026-06-03,2.1,7.300000000000132,49.60000000000003,69.7,6,0,0.38122945749754794,14.687936355399998,23.109537433600003,29.119377015037887,36.7463560998,46.402140846804286
2026-06-04,5.4,10.700000000000133,52.50000000000003,70.0,6,0,0.39716319643320386,15.562915844199999,23.436658380800004,29.324597964551167,37.0072710414,46.967338659662886
2026-06-05,8.1,15.600000000000133,37.50000000000003,75.39999999999999,6,0,0.43788275149099154,18.8641024764,26.355405465600004,32.120286009901164,39.802623112800006,49.9647818061832
2026-06-06,8.5,22.00000000000013,36.40000000000002,83.0,6,0,0.4744713371950906,21.6992222285,29.56284953600001,35.762868227547855,44.2526251135,55.84679532802636
2026-06-07,7.7,24.30000000000013,37.00000000000003,88.3,6,0,0.49810585228732845,22.818836747699997,31.081844172800004,37.60625198256386,46.6556665019,59.25761321352909
2026-06-08,8.6,24.800000000000132,43.60000000000002,92.7,6,0,0.5193218616065667,23.920667898199994,30.985131724800006,36.01751544490859,42.535627885400004,51.06390925644609
2026-06-09,5.1,21.400000000000137,45.50000000000002,93.2,6,0,0.5464682316450918,21.573291289699995,28.857313228800002,33.82489384650137,40.0347520719,47.86283917693534
2026-06-10,8.3,22.000000000000135,51.70000000000003,101.3,6,0,0.5688934938508301,23.200746476,30.623493888000006,35.65335149870703,41.85565994,49.518664949496085
2026-06-11,11.1,24.50000000000013,57.40000000000002,109.9,6,0,0.4980768763590255,27.2840274834,35.3840467456,41.01159996521953,48.0727370658,56.94525782354452
2026-06-12,5.6,25.000000000000135,54.90000000000003,92.4,6,0,0.48214313742336934,24.608427158699996,33.56364001280001,39.82986187654629,47.749692350900006,57.782036726804485
2026-06-13,3.6,20.30000000000013,50.00000000000002,86.39999999999999,6,0,0.46738967544591015,20.766579208799996,30.225426227200003,37.04194634594882,45.8424983916,57.235587318063665
2026-06-14,3.1,12.300000000000132,45.40000000000003,82.4,6,0,0.4685699524041068,17.4840688117,26.700520396800005,33.522532610616594,42.4753849759,54.24062848027323
2026-06-15,5.1,11.800000000000132,41.90000000000003,85.5,6,0,0.4856839682979596,17.1100432165,25.590685440000005,31.999470043864253,40.50355111350001,51.778827848428705
2026-06-16,2.3,10.500000000000131,39.10000000000002,84.6,6,0,0.47919244502787756,14.036926289899998,21.859867801600007,27.826117100388473,35.78942926130001,46.40062247248105
2026-06-17,5.9,13.300000000000132,36.700000000000024,88.4,6,0,0.4691600908832053,15.508342461199998,22.56111303680001,28.036266621906634,35.4256623464,45.37031691672148
2026-06-18,11.2,19.400000000000137,36.800000000000026,94.2,6,0,0.5081092305036978,21.8129110087,28.3254724608,33.337706751290426,40.0844615269,49.15266339343535
2026-06-19,9.2,26.300000000000132,40.40000000000002,95.3,6,0,0.500437430275419,24.3249753291,31.312769638400002,36.53299127645918,43.4977553297,52.841471833647844
2026-06-20,7.0,27.400000000000137,43.80000000000002,93.8,6,0,0.5081092305036978,23.793028273699996,31.159009996800002,36.4189850289623,43.2539487439,52.2298816462869
2026-06-21,15.8,32.000000000000135,56.50000000000003,101.9,6,0,0.5441076777286984,32.1415722652,39.5353545728,44.570831386435934,50.8582231844,58.77240753842655
2026-06-22,24.3,47.100000000000136,75.70000000000002,117.6,6,0,0.6580044041946841,46.6409144462,55.326988236800005,61.0827100141625,68.1198016014,76.7808603017703
2026-06-23,5.0,45.100000000000136,78.40000000000003,117.5,6,0,0.6414805267799297,37.54694902269999,48.87504353280001,56.21155565641152,65.05257905690002,75.78636430542363
2026-06-24,7.0,36.30000000000013,79.50000000000003,116.2,6,0,0.6202355415323884,33.195296988699994,45.76717486080001,54.16951165449355,64.46641798690001,77.14096157851347
2026-06-25,14.1,26.10000000000013,82.40000000000002,119.2,6,1,0.6662663429020613,37.1926455151,50.16613155840001,59.14002544418183,70.3415161437,84.33035510947207
2026-06-26,2.3,23.40000000000013,75.50000000000003,115.9,6,0,0.6602496844121098,28.269882553299997,42.18594462720001,52.11621049757089,64.80540411710001,81.03674239375019
2026-06-27,4.3,20.70000000000013,72.80000000000003,116.6,6,0,0.6686268968184548,23.922257390399995,37.41524802560001,47.437219937325,60.56766090880001,77.75235733255624
2026-06-28,6.8,13.40000000000013,63.800000000000026,120.3,6,0,0.679839527921324,23.229207894399995,35.529607577600004,44.91664361811015,57.4056962888,73.95888574645858
2026-06-29,17.7,28.80000000000013,57.20000000000002,132.9,6,0,0.7707208537024731,33.700568297,45.135843584,54.06790255545898,66.157285011,82.45256161814257
2026-06-30,10.6,35.10000000000013,62.80000000000002,141.2,6,0,0.7913757004709161,33.9926651336,45.9570555904,55.17959634175507,67.70080742920001,84.73877496256678
2026-07-01,2.5,30.800000000000132,58.30000000000002,137.8,7,0,0.7459350375803414,25.848554700099996,37.569132390400014,46.2920413019084,57.921607332700006,73.54179257447205
2026-07-02,8.8,21.900000000000137,53.00000000000002,135.4,7,1,0.7429843451848496,26.207573434999997,36.24611328,43.364187081142575,52.456560505000006,64.11539532225584
2026-07-03,8.8,20.100000000000133,59.50000000000002,135.0,7,0,0.7488857299758334,27.004063779999996,37.260019712,44.67518699726757,54.26751225400001,66.71594085995116
2026-07-04,29.3,46.900000000000134,84.50000000000003,157.3,7,0,0.8250135937795232,48.0051119717,58.35639649280001,65.89578811729238,75.7000119479,88.48898524228494
2026-07-05,34.7,72.80000000000014,112.40000000000003,176.2,7,1,0.8940597958340327,67.9052882791,79.87114122240001,87.93549079849433,97.91364474770002,110.32234513690956
2026-07-06,16.0,80.00000000000014,110.70000000000002,167.89999999999998,7,0,0.961335582451247,63.468732488099995,79.64995235840001,90.29235604873652,103.32031986070001,119.42913291981581
2026-07-07,10.5,61.20000000000013,110.60000000000002,173.39999999999998,7,1,0.970777798116821,54.806648384599995,73.75825290240002,86.40194270276093,101.98897058220003,121.38310743509999
2026-07-08,42.7,69.20000000000013,150.80000000000004,209.1,7,0,1.177812796554412,80.8725706999,100.97645788160003,114.80290534782989,132.11906013130002,153.942540876524
2026-07-09,29.7,82.90000000000013,171.70000000000002,224.7,7,1,1.3118778390356796,85.8108182992,108.58064327680002,123.7977925888246,142.43554572840003,165.3477700081785
2026-07-10,16.4,88.80000000000013,179.30000000000004,238.8,7,0,1.3797437641319923,76.1681490455,102.12634828800002,119.54125501448925,140.89599969050002,167.13376995184277
2026-07-11,4.7,50.800000000000125,154.70000000000002,239.2,7,1,1.307527862254237,57.94708551959999,86.13264317440002,105.81788075146406,130.6347036212,161.98023910615467
2026-07-12,15.1,36.20000000000013,135.10000000000002,247.50000000000003,7,0,1.3484664247397788,55.414381644599985,83.06122173440002,103.31270388054608,129.60286298620002,163.71234208554918
2026-07-13,37.3,57.10000000000013,156.40000000000003,267.1,7,1,1.533232076571933,75.84148893209999,102.80408458240001,123.38330354026581,150.8742064147,187.557839915974
2026-07-14,36.6,89.00000000000013,182.50000000000003,293.09999999999997,7,1,1.7043199276360965,88.8613897729,115.69720412160002,135.70738796204276,162.1705074783,197.23695560049077
2026-07-15,6.6,80.50000000000013,146.4,297.2,7,0,1.6990086813242111,67.82278372699999,95.43187916800002,115.11973793711327,140.45431485900002,173.19893602889448
2026-07-16,7.8,51.000000000000135,124.5,296.20000000000005,7,1,1.6134386018549478,54.823988210499984,82.42751641600003,102.50178677709472,128.6300283315,162.7591981996357
2026-07-17,20.0,34.400000000000134,128.10000000000002,307.40000000000003,7,0,1.4446589968328132,58.08019273589999,84.81458421760001,105.05933751495292,132.10590187730003,168.33450042765094
2026-07-18,61.7,89.50000000000014,185.1,339.8,7,0,1.800512499729131,101.1499656019,124.96678978560001,142.5938998223611,165.7067422973,196.0517081007896
2026-07-19,22.4,104.10000000000014,192.40000000000003,327.5,7,1,1.8382813623914271,92.36602443179999,119.18441861120002,137.75764504008748,161.1803183966,190.86663560037027
2026-07-20,4.1,88.20000000000013,159.20000000000002,315.6,7,0,1.6948777119705227,68.2929576939,97.68659829760003,117.96525805288653,143.44396013930003,175.60401801684236
2026-07-21,7.9,34.400000000000134,130.50000000000003,313.0,7,0,1.5597360002569958,55.57230701869999,85.54461998080002,107.24515964455213,135.3607754569,171.90975350157984
2026-07-22,8.2,20.200000000000134,132.10000000000002,278.49999999999994,7,0,1.4015788878586322,46.67407728709999,75.0143458304,96.38558219232439,124.75965346570001,162.4733380440013
2026-07-23,11.7,27.800000000000136,136.0,260.5,7,0,1.4369871966045342,43.3182214222,67.70641966080001,86.2843295815668,110.97798230340001,143.71678330820973
2026-07-24,4.1,24.000000000000135,120.1,248.2,7,0,1.4363970581254362,33.38889558419999,54.33524065280002,70.23607694546132,91.21855316540001,118.71717216667457
2026-07-25,14.8,30.600000000000136,73.20000000000002,258.3,7,1,1.3638100251963363,37.985793244599996,57.559522918400006,73.20129433499335,94.5954201442,123.62964975936754
2026-07-26,3.9,22.800000000000136,54.70000000000002,247.1,7,0,1.1938501432160054,30.269724576999995,49.110099712000014,64.58547983088671,86.316186297,116.67801914533982
2026-07-27,30.7,49.400000000000134,81.30000000000001,240.5,7,1,1.1950304201742021,51.3238567059,67.84059612160002,81.66016976943925,101.41099886530002,129.56937940330525
2026-07-28,0.7,35.30000000000013,74.10000000000001,204.6,7,0,1.1684741886147756,34.8838274078,48.34748984320001,57.963993556200776,70.45643922460002,86.84884128213201
2026-07-29,4.0,35.400000000000134,69.90000000000002,202.0,7,0,1.1194926948496104,27.785934627699994,40.27281018880001,48.85940786553847,59.6003982439,73.09469177908574
2026-07-30,8.5,13.200000000000134,66.70000000000002,202.7,7,0,1.0439549695250192,27.8343393873,40.27801400320001,49.22331162791073,60.710776815100004,75.48513573925409
2026-07-31,15.3,27.800000000000136,77.90000000000002,198.0,7,1,0.7707208537024732,34.560882124399996,46.67415516160001,55.58450708943242,67.1851394568,82.2808571323082
2026-08-01,6.1,29.900000000000137,69.20000000000002,142.39999999999998,8,0,0.7063957594807505,30.060987782899996,42.558855833600006,51.732460910423626,63.70746230230001,79.35717137393807
2026-08-02,17.9,39.30000000000013,83.20000000000002,137.9,8,1,0.7719011306606699,38.612195406699996,50.690806732800006,59.56916124307362,71.15717832290001,86.28409061615214
2026-08-03,31.4,55.400000000000134,83.90000000000002,165.2,8,1,0.9200258889143609,58.312721932599985,71.5124112384,81.22660199881562,94.01187888620001,110.91506463446717
2026-08-04,7.2,56.50000000000013,90.40000000000002,164.5,8,0,0.9046822884578034,47.60084198429999,62.82079109120001,73.32887051475058,86.65025008410001,103.70800470201581
2026-08-05,50.1,88.70000000000013,136.50000000000003,206.4,8,1,1.1401475416180535,83.31042404189999,99.9378735616,111.66172976060918,126.72537915930002,146.28753040388534
2026-08-06,109.9,167.20000000000013,237.90000000000003,304.6,8,1,1.9082732111206566,167.35009781489998,186.5539114496,198.76842608325762,213.24841313230002,230.4919298490728
2026-08-07,3.6,163.60000000000014,226.2,304.1,8,0,1.7072706200315886,120.72529520299999,152.76796723200002,172.41535008773045,195.27949691100002,222.1482174991523
2026-08-08,15.7,129.20000000000013,235.80000000000004,305.0,8,1,1.7503891672187533,100.09471654249998,137.48487705600002,161.465549957208,190.0568334595,224.34585886724116
2026-08-09,3.6,22.900000000000112,221.50000000000003,304.7,8,0,1.6914844567257195,73.42619761809998,112.67522109440003,139.17228502673066,171.6873833727,211.63930194035288
2026-08-10,14.5,33.80000000000011,204.60000000000005,288.5,8,0,1.6978284043660146,65.46615120169999,102.99735188480003,129.784263886308,163.6838649019,206.39666167298805
2026-08-11,4.2,22.30000000000011,201.6,292.0,8,0,1.6954678504496212,49.853995939299985,85.94289899520001,113.31569043688339,149.3885399271,196.6245332599845
2026-08-12,6.6,25.30000000000011,158.10000000000002,294.6,8,0,1.6783538345557687,40.99216646179999,73.43232133120001,99.39428503365193,134.8083418566,182.6759153846183
2026-08-13,90.5,101.30000000000013,138.70000000000005,376.6,8,0,2.113876032130367,118.3075442414,145.87430773760002,168.80328598230545,200.87900465180002,245.24177972330227
2026-08-14,68.2,165.30000000000013,203.30000000000004,429.5,8,0,2.479761889171357,150.81189878969997,184.12635207680006,210.26529737370643,246.48061941790002,296.86878477462085
2026-08-15,8.5,167.2000000000001,196.1,431.9,8,0,2.3971425020975845,112.65312815529998,150.42163512320002,177.36209511018023,212.8637676271,260.528624880047
2026-08-16,50.5,127.20000000000012,243.00000000000003,464.5,8,1,2.5446771218721773,126.25278672219999,159.03688545280002,179.6212838066078,203.7576302974,232.20100401374685
2026-08-17,29.3,88.30000000000011,257.8,462.4,8,0,2.6815892490229998,117.57525961589998,156.1429613056,181.26934337999,211.4266248833,247.73550083180135
2026-08-18,12.7,92.50000000000011,266.30000000000007,467.9,8,0,2.0241749833074136,94.55919559019998,135.9285943808,163.68801372484216,197.50971088540004,238.6485558441687
2026-08-19,3.9,45.90000000000011,263.6,421.7,8,0,1.9567539630146873,69.98974582349999,112.25632844800003,142.32606381048925,180.40349741250003,228.4606750707021
2026-08-20,7.7,24.30000000000011,180.8,319.5,8,1,1.8636573169926567,56.28323296539999,95.94813711360004,125.82247537597537,165.00731028980002,216.05595569821048
2026-08-21,12.9,24.500000000000114,125.50000000000004,328.8,8,1,1.8860570552754572,52.17962347119999,89.20753812480001,119.02223157134803,159.94212981240003,215.63846276849878
2026-08-22,14.5,35.100000000000115,131.50000000000003,327.6,8,1,1.9372945062268885,50.839302765499994,85.15736089600003,114.36952576699706,156.14663912650002,215.40487583110053
2026-08-23,1.5,28.900000000000112,82.50000000000003,325.5,8,0,1.8134955462692954,34.5311109324,59.90852520960002,80.8969633091121,110.47657638480001,151.94893903847222
2026-08-24,15.7,31.700000000000113,68.90000000000003,326.7,8,0,1.8807713328865097,37.945296454499996,56.30390092800002,71.035584436708,91.34904913150001,119.21763283049117
2026-08-25,6.8,24.000000000000114,63.00000000000003,329.3,8,0,1.8849023022401987,33.12160355649999,50.930440192000006,65.50681433430564,86.0503774775,114.96748720544039
2026-08-26,1.8,24.30000000000011,60.90000000000003,324.5,8,0,1.01090721469551,23.558622482099995,37.12195594240001,47.538634764953315,61.63707850470001,80.78289741363025
2026-08-27,0.6,9.200000000000111,53.800000000000026,234.6,8,0,0.9808101522614932,16.263383257899996,27.151501209600006,35.23941950302714,45.857092359300005,59.80076022326425
2026-08-28,7.1,9.500000000000114,48.00000000000003,173.5,8,0,0.7087563133971441,18.125624714299995,27.457548851200006,34.55320164244589,43.943166934100006,56.30676308377362
2026-08-29,12.3,20.000000000000114,45.800000000000026,177.3,8,1,0.7246900523328,24.877771952899998,33.84727976960001,40.90241121915019,50.489004324300005,63.456350866555255
2026-08-30,16.7,36.10000000000011,61.00000000000003,143.5,8,0,0.6550537117991923,33.896934425299996,42.9510426112,49.951116622854094,59.455279903100006,72.37325889109198
2026-08-31,1.0,30.000000000000114,46.300000000000026,115.2,8,0,0.6001708332430437,24.363461026499998,33.975707136000004,40.91876931343066,50.0118000355,62.030889430362286
2026-09-01,18.4,36.10000000000011,57.90000000000003,120.9,9,1,0.6762986970467336,35.044833607499996,44.023640064000006,50.32627505347558,58.3547826505,68.6476593398877
2026-09-02,14.8,34.20000000000012,70.90000000000003,131.79999999999998,9,0,0.7270506062491935,39.289012237899996,49.85785077760001,57.28202218894316,66.7962867253,79.11717096403572
2026-09-03,13.0,46.20000000000012,83.30000000000003,137.1,9,0,0.7081661749180457,40.0588224256,51.2005059584,58.598790712452335,67.6424065432,78.7611424697914
2026-09-04,10.8,38.600000000000115,87.00000000000003,135.0,9,0,0.7093464518762423,38.649092528599994,51.03026032640001,59.27022615606757,69.3071524962,81.55167415948085
2026-09-05,9.2,33.000000000000114,83.90000000000003,129.7,9,1,0.7311815756028821,36.20351922519999,49.8309347328,59.22531830484413,70.9488160544,85.59636396087772
2026-09-06,4.6,24.600000000000115,71.80000000000003,132.8,9,0,0.6998127794505565,29.925514942699994,44.40032327680001,54.82339591651308,68.24472738490002,85.5573035992908
2026-09-07,2.8,16.60000000000011,73.60000000000002,119.9,9,0,0.671924040325094,23.547303033099993,37.55790192640001,48.00207825821698,61.74463772170001,79.82840615073377
2026-09-08,2.5,9.900000000000112,57.70000000000003,115.6,9,0,0.6709874507348483,18.635667566899997,31.225619097600003,40.880211346093546,53.781429136300005,70.97252149056501
2026-09-09,7.0,12.300000000000114,49.900000000000034,120.8,9,0,0.7093464518762425,19.573233630999997,30.187346432000005,38.46037709168945,49.58035627300001,64.42498853075584
2026-09-10,6.4,15.900000000000112,43.30000000000003,126.6,9,0,0.6804296664004222,20.073016016799997,30.442502963200006,38.89444612359531,50.67364220560001,67.00500216497966
2026-09-11,10.4,23.80000000000011,42.90000000000003,129.9,9,0,0.6302678956770607,23.9313567536,32.77831741440001,39.83779016518672,49.59059468720001,63.03799237474452
2026-09-12,2.4,19.200000000000113,36.10000000000003,120.0,9,0,0.6096130489086177,18.733886359,27.033516032000005,33.34838045616601,41.87109430500001,53.42478605527929
2026-09-13,9.5,22.30000000000012,41.00000000000003,112.8,9,1,0.6568241272364873,22.246502627599998,29.730948454400004,35.28675613131171,42.651165153200004,52.4699665424164
2026-09-14,4.3,16.200000000000113,42.50000000000003,116.1,9,0,0.5411569853332066,19.5674785704,26.925117593600003,32.16749914473515,38.920321484800006,47.68010927152109
2026-09-15,7.3,21.100000000000115,47.300000000000026,105.0,9,0,0.5081092305036978,20.7373577702,27.852251596800002,32.83112975309023,39.1204476874,47.08772396695195
2026-09-16,3.9,15.500000000000114,44.200000000000024,94.1,9,1,0.4756516141532874,18.286211824599995,25.687880038400003,30.90083803015937,37.5044820942,45.879147848107806
2026-09-17,3.3,14.500000000000112,41.10000000000003,84.39999999999999,9,0,0.429030674304516,16.021255207499998,23.549656320000004,29.014463993481442,36.0777342525,45.20872702583495
2026-09-18,3.5,10.700000000000111,34.20000000000003,77.1,9,0,0.40070402730779414,14.644259832999998,22.071289600000004,27.670108383607417,35.098264727,44.951448326447256
2026-09-19,0.2,7.000000000000113,32.00000000000003,68.1,9,0,0.37355765726926904,10.253249208799998,17.105412403200006,22.341471295681245,29.347689173600003,38.71271733545624
2026-09-20,0.4,4.100000000000113,22.90000000000003,63.9,9,0,0.3605746107291049,7.396490286799998,13.397135155200004,18.130254413548435,24.581378239600003,33.3451650575578
2026-09-21,7.9,8.500000000000114,26.50000000000003,69.0,9,0,0.3924420886004169,12.7837689418,17.501016627200002,21.263222446372655,26.396984638600003,33.35104263660077
2026-09-22,2.0,10.300000000000114,21.200000000000028,68.5,9,0,0.35526336441721956,10.8808441995,15.743115264000004,19.60124050899902,24.920457918500002,32.246521850598626
2026-09-23,3.9,13.800000000000114,21.20000000000003,65.39999999999999,9,0,0.3251663019832026,11.248239453099998,15.474437478400002,18.690747591412304,23.0159669457,28.846194835304097
2026-09-24,24.4,30.30000000000011,42.300000000000026,83.4,9,0,0.4237194279926307,32.1523032601,36.3178409984,39.440575514035345,43.615052958700005,49.22931625481386
2026-09-25,97.6,125.9000000000001,136.40000000000003,170.6,9,1,1.455058323479501,119.90040535030002,125.87044126720001,129.68730603524278,134.3081950501,139.997070785633
2026-09-26,79.8,201.8000000000001,216.00000000000003,248.0,9,1,2.115797922830028,163.6201183981,180.07759370240004,189.26639995302753,199.31752962870002,210.46214318332167
2026-09-27,63.5,240.9000000000001,279.1,302.0,9,1,2.4643751983935065,177.9408660465,207.20774016000001,223.72675442574902,241.73513781350002,261.46320412466895
2026-09-28,0.5,143.80000000000013,271.7,298.2,9,0,2.241069134568293,124.95973989539999,165.89038248960003,189.97868084669412,216.84124949180006,246.79446463110116
2026-09-29,2.9,66.90000000000012,272.59999999999997,293.8,9,0,2.0597937907262374,90.36616842179998,135.59083115520005,164.34250383882187,197.9873888546,237.2349940116984
2026-09-30,4.6,8.000000000000114,273.3,294.5,9,0,2.028758945720463,67.84501888529998,113.02971525120003,144.2123785012623,182.64917859310003,229.7337495354181
2026-10-01,4.1,11.600000000000112,253.0,295.29999999999995,10,0,1.878068105624871,51.368357772999985,93.67551616000003,125.12521393178123,165.729701057,217.617040238664
2026-10-02,7.0,15.700000000000111,162.40000000000003,298.79999999999995,10,0,1.8698426720629793,42.90135539129999,81.72566456320001,112.96268303333261,155.4593740711,212.53871434825402
2026-10-03,6.2,17.300000000000114,88.80000000000003,304.8,10,0,1.884759904618459,36.12078342679999,71.16177233920003,101.45047040140389,144.75359074760001,205.77670456781163
